Arabella,241760,14.13449
Glanville,193273,11.2997
Mr_Glanville,122678,7.172365
Charles,120842,7.065024
George,111221,6.502532
Miss_Glanville,48623,2.842742
Cousin,27624,1.615036
Sir_,27207,1.590656
Madam,25617,1.497697
Marquis,24859,1.453381
Lucy,21654,1.266
Man,19328,1.130011
Selvin,17639,1.031264
Hervey,14553,0.850841
Mr_Hervey,14526,0.849262
Mr_Selvin,14475,0.84628
ARABELLA,11978,0.700293
Lover,11348,0.66346
Gentleman,11282,0.659602
Son,10189,0.5957
Tinsel,9200,0.537878
Congreve,8343,0.487773
Comedies,8343,0.487773
Queen_Clcopatra,7655,0.447549
Clcopatra,7655,0.447549
Charms,7557,0.44182
Ladies,7514,0.439306
Heroine,7336,0.428899
Lady_,6830,0.399316
Men,6280,0.36716
Mr_Tinsel,6254,0.36564
Father,6129,0.358332
Duke_of,5612,0.328105
Reserve,5576,0.326001
Physician,5574,0.325884
DaughterinLaw,5528,0.323194
Reprehension,5337,0.312028
Rudeness,5292,0.309397
Dear,5230,0.305772
Expressions,5048,0.295131
whose,5048,0.295131
Person,4919,0.287589
Discourse,4758,0.278176
Speech,4592,0.268471
Almanzor,4551,0.266074
Follies,4534,0.26508
Brother,4374,0.255726
Robbers,4349,0.254264
Judgment,4161,0.243273
Exploits,4122,0.240993
Resolution,3977,0.232515
The,3939,0.230294
Lady_has,3916,0.228949
time,3908,0.228481
Servant,3899,0.227955
Assistance_,3714,0.217139
Design,3641,0.212871
Servants,3577,0.209129
Concern,3496,0.204394
Arms,3495,0.204335
Sister_to,3483,0.203633
Perplexity,2972,0.173758
Enemies,2956,0.172822
Poor,2891,0.169022
Lady_had,2843,0.166216
Beauty,2840,0.166041
His,2796,0.163468
Gentlemen,2731,0.159668
Extravagance,2694,0.157505
Years,2687,0.157095
Look,2652,0.155049
Fellow,2651,0.154991
Frederick,2622,0.153295
Opportunity,2615,0.152886
Reply,2608,0.152477
Astonishment_of,2536,0.148267
Miss_,2511,0.146806
Series,2481,0.145052
Sir_had,2477,0.144818
Your,2401,0.140374
Sister_,2383,0.139322
People,2355,0.137685
Niece,2316,0.135405
House,2313,0.135229
Daughter,2257,0.131955
Seat,2250,0.131546
Physicians,2230,0.130377
Woman,2139,0.125057
THE,2138,0.124998
Quality,2122,0.124063
Complaint,2030,0.118684
Authority,1976,0.115527
Confidant,1968,0.115059
Answer,1964,0.114825
Company,1961,0.11465
Julia,1864,0.108979
Nay,1861,0.108803
Pardon,1853,0.108336
Sydimiris,1829,0.106932
Prince_,1796,0.105003
Miss_Groves,1732,0.101261
Groves,1732,0.101261
Letter,1730,0.101144
Ambition,1730,0.101144
Words,1698,0.099274
questionless_,1690,0.098806
Information,1687,0.09863
Princess_Beauty,1684,0.098455
Oaths,1676,0.097987
Artamenes,1675,0.097929
Games,1647,0.096292
Message,1638,0.095766
Sister_Mr,1613,0.094304
Ravishers,1609,0.09407
Lovers,1586,0.092725
Horse,1568,0.091673
Vaux,1539,0.089978
Hall,1539,0.089978
Nephew,1537,0.089861
Cleopatra,1536,0.089802
Life,1509,0.088224
Compassion,1499,0.087639
Sister_told,1492,0.08723
Season,1464,0.085593
Countess_had,1452,0.084891
Heaven,1440,0.08419
Side,1419,0.082962
Artifices,1412,0.082553
fans,1383,0.080857
Offer,1368,0.07998
Countess_for,1362,0.079629
Baronet_coming,1358,0.079395
Destiny_left,1355,0.07922
Baronet_Horse,1346,0.078694
Gravity,1308,0.076472
spite,1296,0.075771
Service,1285,0.075127
Imagination,1282,0.074952
Chamber,1279,0.074777
Sister_had,1271,0.074309
Silence,1239,0.072438
Coach,1229,0.071853
Discontent,1220,0.071327
Women,1203,0.070333
Princess_of,1177,0.068813
Lady_kept,1166,0.06817
Hold,1160,0.067819
Princess_,1148,0.067118
Account,1129,0.066007
Mother,1126,0.065832
Lady_Ambition,1125,0.065773
Affair,1116,0.065247
thou,1097,0.064136
Books,1091,0.063785
Hermione,1083,0.063318
Day,1082,0.063259
Relation,1078,0.063025
Walk,1063,0.062148
Marchioness,1062,0.06209
Confusion,1058,0.061856
Valor,1048,0.061271
Looks,1042,0.06092
something,1038,0.060687
Arm,1035,0.060511
Question_immediately,1024,0.059868
Persons,1017,0.059459
Roberts,1017,0.059459
Coriolanus,1012,0.059167
Princess_thought,996,0.058231
William,995,0.058173
Seriousness,992,0.057997
Embarrassment,984,0.05753
Numbers,980,0.057296
Execuion,980,0.057296
Records,976,0.057062
Eyes,973,0.056886
Constraint_I,972,0.056828
Stranger_opened,972,0.056828
Parts,972,0.056828
Morris,958,0.056009
Danger,954,0.055776
Baron_,940,0.054957
History_of,931,0.054431
Lady_Life,931,0.054431
Baron_Resolutions,904,0.052852
Resolutions,904,0.052852
Back,904,0.052852
Heroes,897,0.052443
Unknown,895,0.052326
Maid,893,0.052209
Trees,892,0.052151
Sight,891,0.052092
Miss_GlanvilleMiss,882,0.051566
GlanvilleMiss_Glanville,882,0.051566
Surgeons,867,0.050689
Lady_sees,867,0.050689
Lovely,867,0.050689
Edward,855,0.049988
Love,844,0.049344
Sister_s,836,0.048877
Particulars,834,0.04876
Secret,832,0.048643
Part,831,0.048584
Beau,827,0.048351
First_,827,0.048351
Care,822,0.048058
Effect,819,0.047883
Lady_was,817,0.047766
Sister_copied,817,0.047766
World,805,0.047064
Meetings,805,0.047064
Vows,800,0.046772
LadyArabella_Lady,800,0.046772
Command,797,0.046597
Husband,795,0.04648
Pray,793,0.046363
Custom_,786,0.045953
Fair,768,0.044901
Party,768,0.044901
Countess_could,768,0.044901
Miss_thought,768,0.044901
Thoughts,767,0.044843
Media,766,0.044784
Sisters_of,753,0.044024
Knight,733,0.042855
Funeral,726,0.042446
Violence,721,0.042153
Prepossession,720,0.042095
Rank,718,0.041978
Knowledge,717,0.041919
Divine,710,0.04151
MISS_Glanville,706,0.041276
Fear,699,0.040867
Baronet_,694,0.040575
Countess_,690,0.040341
Propriety,684,0.03999
Pains,680,0.039756
Epithet,676,0.039522
Olympic,675,0.039464
nay,675,0.039464
Despair,674,0.039405
Honor,672,0.039288
Julius,668,0.039055
Caesar,668,0.039055
Sword,667,0.038996
Princes_,663,0.038762
Presumption,662,0.038704
Prince_of,647,0.037827
Oroondates,645,0.03771
Beauties,642,0.037535
Assembly,639,0.037359
Kings_,636,0.037184
Solemnity,627,0.036658
Smiles,623,0.036424
Chair,617,0.036073
Comparison,615,0.035956
Armies,615,0.035956
Cynecia,614,0.035897
one,606,0.03543
Lady_expressing,601,0.035137
Number,600,0.035079
Mrs_Morris,598,0.034962
Duchess_Daughter,593,0.03467
Princess_forsook,592,0.034611
Bows,588,0.034377
Salutations,588,0.034377
Commanders,588,0.034377
Adventures,586,0.03426
Tenderness,585,0.034202
Whisper,583,0.034085
LADY,582,0.034027
Sex,570,0.033325
Her,569,0.033267
durst_presume,565,0.033033
Romance,560,0.03274
Pretensions,551,0.032214
others,549,0.032097
Officer,546,0.031922
Turn,538,0.031454
Apartment,534,0.03122
Terror,534,0.03122
Gardener,528,0.03087
Mr_Roberts,525,0.030694
Rustics_,519,0.030343
Protector,516,0.030168
Commander,513,0.029993
Deborah,513,0.029993
Cause,512,0.029934
Passion,512,0.029934
Countenance_at,512,0.029934
Sea,510,0.029817
Mind,509,0.029759
Behavior,508,0.0297
War,507,0.029642
Valiant,507,0.029642
apprehends,507,0.029642
Stratagems_to,507,0.029642
Londoner,507,0.029642
Princess_Enemies,506,0.029583
thing,506,0.029583
Disposition,501,0.029291
Antiquity,495,0.02894
Excess,489,0.028589
Action,485,0.028356
Ariamenes,483,0.028239
Alexander,481,0.028122
Artaban,477,0.027888
GlanvilleGlanville,476,0.027829
A,473,0.027654
Indisposition,472,0.027595
Return,469,0.02742
Infidelities,463,0.027069
Mr_GlanvilleGlanville,461,0.026952
Discovery,455,0.026602
LUCY,454,0.026543
Juba,448,0.026192
T,448,0.026192
Miss_Mr,443,0.0259
Urinoe,441,0.025783
Wife,440,0.025725
Presages,438,0.025608
Battle,436,0.025491
Countess_who,435,0.025432
Alcamenes,432,0.025257
unsaken,432,0.025257
Constancy_in,432,0.025257
Sister_asked,432,0.025257
Tendency,432,0.025257
Ladyship_must,432,0.025257
Countess_received,432,0.025257
Power,427,0.024965
Way,425,0.024848
Sort,423,0.024731
Heart,423,0.024731
Wretch,422,0.024672
Questionless_has,417,0.02438
Word,414,0.024204
Obedience,408,0.023854
Observation,408,0.023854
Lady_Father,405,0.023678
Fright,403,0.023561
Levity,400,0.023386
Dissembler,400,0.023386
art,396,0.023152
Habit,395,0.023094
Commands,393,0.022977
Jockeys,393,0.022977
Parisatis,392,0.022918
Spite,391,0.02286
Insinuation,390,0.022801
Right,387,0.022626
Accident,381,0.022275
Duchess_was,379,0.022158
Master_of,377,0.022041
Trouble,376,0.021983
Lips,375,0.021924
Lysimachus,373,0.021807
Trust_had,373,0.021807
Grief,371,0.021691
Lady_her,370,0.021632
Mauritania,367,0.021457
Qualities,365,0.02134
reading,364,0.021281
Reality,364,0.021281
Statira_did,363,0.021223
Lord_Fribble,363,0.021223
Fribble,363,0.021223
Sister_Cousin,363,0.021223
Lady_may,360,0.021047
Character,359,0.020989
doubt,355,0.020755
Wish,354,0.020697
Friends,352,0.02058
Appearance,348,0.020346
Hero,345,0.02017
Sister_should,343,0.020053
rest_of,339,0.01982
Family,332,0.01941
Enemy,329,0.019235
Blow,328,0.019177
Companions,327,0.019118
Face,326,0.01906
beginning,324,0.018943
Executions,324,0.018943
Curiosity,323,0.018884
Dorothea,323,0.018884
Language,321,0.018767
Hanger,321,0.018767
Duke_had,320,0.018709
Romances,318,0.018592
Mystery_in,318,0.018592
Clelia,316,0.018475
Reflections,312,0.018241
home,311,0.018183
Town,311,0.018183
Dislike,309,0.018066
Accidents,306,0.01789
Lady_ever,304,0.017773
Duchess_The,304,0.017773
Countess_of,303,0.017715
Sister_were,301,0.017598
Promise,300,0.017539
Lady_for,300,0.017539
Headpiece,300,0.017539
Thought,300,0.017539
Divinity,300,0.017539
mine,300,0.017539
Questionless_breaks,300,0.017539
Modesty_will,300,0.017539
Lord_,297,0.017364
Thou,296,0.017306
Subjects,295,0.017247
Hand,292,0.017072
Bellmour,290,0.016955
Suspicions,288,0.016838
Soldiers,286,0.016721
Majesty_Looks,285,0.016663
Orontes,283,0.016546
Heroines,282,0.016487
Friend,282,0.016487
Hair,282,0.016487
Vanity,280,0.01637
Hat,278,0.016253
Place,277,0.016195
Confident,277,0.016195
Elegance,274,0.016019
Armenia,272,0.015902
Gallantry,268,0.015669
Attempt,266,0.015552
don,265,0.015493
Ladyher_Lady,265,0.015493
order,264,0.015435
Voice,262,0.015318
Means,260,0.015201
Presence,259,0.015142
Merit,258,0.015084
Deception,256,0.014967
Ladyship_suppose,256,0.014967
Cruelty,255,0.014909
Dozen,254,0.01485
Mistress_,252,0.014733
Acquaintance,250,0.014616
Artemisa,249,0.014558
Doctor_,249,0.014558
Fidelity,247,0.014441
Garden,246,0.014382
Wits,246,0.014382
Diagoras,246,0.014382
Conduct,245,0.014324
Duchess_the,245,0.014324
Duchess_Mother,245,0.014324
Attendant,245,0.014324
Antony,245,0.014324
Fortune,244,0.014265
Laws,243,0.014207
Astonishment_ordered,243,0.014207
Ancestors_having,243,0.014207
Dress_would,243,0.014207
Races,243,0.014207
Description,243,0.014207
Aspasia,243,0.014207
Lady_Hat,243,0.014207
Peruke,243,0.014207
Lady_Hair,243,0.014207
Camp,242,0.014149
Distance_,239,0.013973
Duchess_thought,237,0.013856
Authors,232,0.013564
Protection,231,0.013505
Respect,229,0.013388
Joy,222,0.012979
Kent,222,0.012979
Humor,219,0.012804
Princess_stopped,219,0.012804
Countess_would,219,0.012804
MR,218,0.012745
Lady_of,217,0.012687
Rival,216,0.012628
Death,214,0.012512
Adventure,214,0.012512
Fashion,213,0.012453
Youth,213,0.012453
Passions,212,0.012395
Diversion,211,0.012336
Permission,208,0.012161
Ladyship_Ladyship,208,0.012161
This,208,0.012161
Head,206,0.012044
Lady_would,206,0.012044
Unhand,206,0.012044
Entrance,205,0.011985
Marcomire,203,0.011868
Pleasure,203,0.011868
Destiny_had,202,0.01181
faithful,202,0.01181
Blushes,202,0.01181
Ladyship_would,201,0.011751
Extravagances,200,0.011693
Remark,199,0.011635
Sentiments,197,0.011518
Justice_of,197,0.011518
Support,196,0.011459
Opinion,196,0.011459
Pensiveness,196,0.011459
Bear,196,0.011459
City,195,0.011401
Sorrow,195,0.011401
Flames,195,0.011401
occasion,195,0.011401
Time,193,0.011284
Snow,192,0.011225
dream,192,0.011225
Orbs,192,0.011225
Whether,192,0.011225
Shakespeare,192,0.011225
Mandana,188,0.010991
Orders,186,0.010874
Piece,185,0.010816
Well,183,0.010699
Conversation,181,0.010582
times,181,0.010582
quire,180,0.010524
Princess_assisted,180,0.010524
Baronet_appeared,180,0.010524
Modesty_,180,0.010524
Reading,179,0.010465
Reason,179,0.010465
Sentence,178,0.010407
Manner,176,0.01029
Freedom,176,0.01029
Stature_,174,0.010173
Grace,173,0.010114
Rage,171,0.009998
Nature,170,0.009939
Days,170,0.009939
Baths,170,0.009939
Fellows,169,0.009881
Mistress_had,168,0.009822
Condition,165,0.009647
nothing,162,0.009471
Sir_said,162,0.009471
Vice,160,0.009354
Assertion,160,0.009354
Exactness,160,0.009354
Noise,159,0.009296
Roman,159,0.009296
Alteration,159,0.009296
Evil,159,0.009296
Cyrus,157,0.009179
Soul,156,0.009121
Impatience,156,0.009121
Apprehensions,156,0.009121
Gardens,154,0.009004
Motion,152,0.008887
Politeness,152,0.008887
Writing,152,0.008887
Sense,151,0.008828
Philonice,150,0.00877
head,148,0.008653
Wit,148,0.008653
Billet,148,0.008653
Ugliness,147,0.008594
Instances_of,147,0.008594
Sister_Extravagance,147,0.008594
master_,147,0.008594
Intrigue,147,0.008594
Apprehension,147,0.008594
rest_I,147,0.008594
Doctor_was,147,0.008594
Languor,147,0.008594
Degree,147,0.008594
Ambriomer,144,0.008419
Countess_as,144,0.008419
Girl,141,0.008244
Princess_ordered,140,0.008185
Matter,139,0.008127
Duchess_had,138,0.008068
Lady_Cousin,137,0.00801
Signs,136,0.007951
Manners,135,0.007893
Lady_need,135,0.007893
Baronet_had,135,0.007893
Artimisa,135,0.007893
Candace,135,0.007893
Resentments,135,0.007893
Wealth,135,0.007893
Liberty,133,0.007776
Body,133,0.007776
Criminal,130,0.0076
Hands,130,0.0076
Master_,129,0.007542
door,128,0.007484
Question_threw,128,0.007484
Lady_said,127,0.007425
Desire,127,0.007425
Relations,127,0.007425
Historians_,127,0.007425
Lady_presented,127,0.007425
Plutarch,125,0.007308
Baronet_proposed,125,0.007308
Baronet_would,125,0.007308
Princes_were,125,0.007308
Pressure,124,0.00725
Though,124,0.00725
Resentment,124,0.00725
Writer,124,0.00725
Court,124,0.00725
Gestures_,123,0.007191
Dolly,123,0.007191
Superiority,123,0.007191
Princess_over,121,0.007074
Air,120,0.007016
Don,118,0.006899
Quarrel,118,0.006899
Beginning,118,0.006899
Cries,117,0.00684
Alliance,117,0.00684
Charlotte,116,0.006782
Lady_laying,116,0.006782
nature,116,0.006782
Baronet_threw,115,0.006723
Shame,115,0.006723
SIR,114,0.006665
Earl,114,0.006665
Actions,113,0.006607
Persia,112,0.006548
Whim,112,0.006548
Countess_s,112,0.006548
My,110,0.006431
MRS,108,0.006314
Score,108,0.006314
Sagacity,108,0.006314
Scots,108,0.006314
Intelligence,108,0.006314
Papers,108,0.006314
Taste_,108,0.006314
Richness,108,0.006314
understanding_by,108,0.006314
Stranger_to,108,0.006314
Sister_comprehend,108,0.006314
Sir_Edmard,108,0.006314
Edmard,108,0.006314
Milk,108,0.006314
maid,108,0.006314
Acorn,108,0.006314
Weariness,108,0.006314
Pretense,108,0.006314
Dinner,108,0.006314
Search,108,0.006314
Lady_Antagonist,108,0.006314
Antagonist_was,108,0.006314
grave,108,0.006314
Disingennuity,108,0.006314
Sir_your,108,0.006314
Penetration,108,0.006314
Tales,108,0.006314
part,108,0.006314
Humility,108,0.006314
right,108,0.006314
Notice,108,0.006314
Methinks,108,0.006314
Daughters,107,0.006256
Accent,106,0.006197
Object,105,0.006139
Meeting,105,0.006139
Taxander,105,0.006139
Baron_had,104,0.00608
Hopes,103,0.006022
Delight,103,0.006022
Use,103,0.006022
Duchess_to,103,0.006022
triumph,102,0.005963
Gown,102,0.005963
Favor,102,0.005963
Terms,102,0.005963
Sickness,102,0.005963
Wives,102,0.005963
Ravisher,101,0.005905
Duchess_never,101,0.005905
London,100,0.005846
Mr_Woodbind,100,0.005846
Woodbind,100,0.005846
Torments,100,0.005846
Constancy_to,100,0.005846
Indignation,100,0.005846
Effects,100,0.005846
Lady_away,100,0.005846
Aversion,100,0.005846
HERVEY,100,0.005846
writing,100,0.005846
Mazares,100,0.005846
Discernment,100,0.005846
Powers,100,0.005846
Illness,98,0.00573
Sir_Curiosity,98,0.00573
Prince_had,97,0.005671
Affront,96,0.005613
Cares,96,0.005613
Nobleman,95,0.005554
Subject,95,0.005554
Consequences,95,0.005554
Generosity,95,0.005554
thought,95,0.005554
Prince_speaking,94,0.005496
Princess_Julia,93,0.005437
View,93,0.005437
Boldness,93,0.005437
Prince_from,93,0.005437
Prince_was,93,0.005437
Difficulty,91,0.00532
Princesses_,90,0.005262
LucyLucy,89,0.005203
Tree,88,0.005145
life,88,0.005145
Case,87,0.005086
Singularity,87,0.005086
Loveliness,87,0.005086
Our,87,0.005086
Questionless_,86,0.005028
Messenger,86,0.005028
Anecdotes,84,0.004911
Dignity,84,0.004911
Steps_,84,0.004911
Guard,84,0.004911
endeavor,84,0.004911
Scruple,83,0.004853
Glory,82,0.004794
Lady_to,81,0.004736
Bedside,81,0.004736
Prince_Presence,81,0.004736
Prince_again,81,0.004736
Steward_Voice,81,0.004736
Trust_Despair,81,0.004736
News,81,0.004736
Ladyship_pretend,80,0.004677
Yes,80,0.004677
Method,80,0.004677
Questionless_you,80,0.004677
Instructions_Lucy,80,0.004677
Severity,80,0.004677
Dissimulation,80,0.004677
Feather,80,0.004677
Widower,80,0.004677
Device,80,0.004677
Share,79,0.004619
Fetters,79,0.004619
Error,79,0.004619
Duchess_would,79,0.004619
Questionless_my,79,0.004619
Tears,78,0.00456
Lady_told,78,0.00456
Inconveniency,78,0.00456
Assurances,78,0.00456
Necessity,78,0.00456
Birth,78,0.00456
Doctor_took,78,0.00456
Royal,78,0.00456
Extraction,78,0.00456
Foible,78,0.00456
Aand,78,0.00456
Example,77,0.004502
Lady_pleased,77,0.004502
tax,77,0.004502
Chance,76,0.004443
Violation,76,0.004443
Gaul,76,0.004443
History_,76,0.004443
Courage,76,0.004443
Poet,75,0.004385
History_to,75,0.004385
Agrippa,75,0.004385
Custom_to,75,0.004385
Mistress_of,75,0.004385
Campaigns,75,0.004385
Marches,75,0.004385
Sieges,75,0.004385
Gibraltar,75,0.004385
Pride,75,0.004385
Oddity,75,0.004385
Gratification,75,0.004385
Letters,75,0.004385
Scarce,75,0.004385
Reward,75,0.004385
Lady_met,75,0.004385
Revenge,75,0.004385
Actress,75,0.004385
Stranger_rose,75,0.004385
Ground,75,0.004385
Course,75,0.004385
Arianta,75,0.004385
Paces,75,0.004385
Visit,75,0.004385
Trust_his,75,0.004385
Robe,75,0.004385
Breast_with,75,0.004385
Knot,75,0.004385
Diamonds,75,0.004385
Merchant,75,0.004385
Prisoners,75,0.004385
Conditions,75,0.004385
Sister_Foible,75,0.004385
Ambassadress,75,0.004385
Phaon,75,0.004385
Marriage,75,0.004385
Reparation,75,0.004385
Owners,75,0.004385
Bets,75,0.004385
Countess_Mother,75,0.004385
King_who,74,0.004326
Squirrel,72,0.004209
Army,72,0.004209
Services,72,0.004209
Mr_L,72,0.004209
L,72,0.004209
Prince_took,71,0.004151
Creature,70,0.004093
Egypt,69,0.004034
Admiration,69,0.004034
Instant_they,68,0.003976
Paper,68,0.003976
Pens,68,0.003976
Reader,67,0.003917
Law,67,0.003917
Hour,67,0.003917
Insinuations,66,0.003859
Lady_so,66,0.003859
Castle_,65,0.0038
Mistress_take,65,0.0038
Thermopylae,65,0.0038
History_had,65,0.0038
Trust_thought,65,0.0038
Misfortunes,64,0.003742
Gods,64,0.003742
Sun,64,0.003742
Caesario,64,0.003742
Armenian,64,0.003742
King_was,64,0.003742
Perfidy,64,0.003742
Ingratitude,64,0.003742
Baseness,64,0.003742
Deceit,64,0.003742
Stay_at,64,0.003742
Prince_who,64,0.003742
Massage,64,0.003742
Ladyship_consider,64,0.003742
Mistress_deserved,64,0.003742
Queen_restored,64,0.003742
Mistress_let,64,0.003742
Headache,64,0.003742
Folly,64,0.003742
Fate,64,0.003742
Names,64,0.003742
Step_that,64,0.003742
Fields,64,0.003742
Sanctuary,64,0.003742
Cavalier,64,0.003742
Distance_for,64,0.003742
Lady_in,64,0.003742
Justice_obliges,64,0.003742
Disadvantages,64,0.003742
Imperfections,64,0.003742
Uneasiness,64,0.003742
Fain,64,0.003742
deal,63,0.003683
Art,63,0.003683
Pangs,63,0.003683
Consolation,63,0.003683
Moments,63,0.003683
Shape,62,0.003625
Baronet_knew,62,0.003625
Door,61,0.003566
Spirits,61,0.003566
Princess_would,61,0.003566
Lady_left,60,0.003508
Countenance_,60,0.003508
Chaise,60,0.003508
Countess_assured,60,0.003508
Chagrin,60,0.003508
Miss_Miss,60,0.003508
Success,59,0.003449
Justice_,59,0.003449
Lady_Arabella,58,0.003391
Offense,57,0.003333
Ladyship_was,57,0.003333
Lady_the,57,0.003333
Times,57,0.003333
Vehemence,57,0.003333
Baronet_and,56,0.003274
none,55,0.003216
Cepio,55,0.003216
Event,54,0.003157
Evils,54,0.003157
Indifference,54,0.003157
Ariobasanes,54,0.003157
Charity,54,0.003157
Retirement,54,0.003157
Steps_which,54,0.003157
Charm,54,0.003157
Pretenders,54,0.003157
ies,54,0.003157
Lady_s,52,0.00304
Affection,52,0.00304
Insolence,52,0.00304
Arrival,52,0.00304
Miss_Charlotte,52,0.00304
Guilt,52,0.00304
Sister_his,52,0.00304
Steward_,52,0.00304
Baronet_by,52,0.00304
Civility,51,0.002982
Scandal,51,0.002982
Methods,51,0.002982
Age,51,0.002982
Voices,51,0.002982
Conference,51,0.002982
Closet,51,0.002982
Misrepresentations,51,0.002982
Sister_would,51,0.002982
Moment,51,0.002982
Education,51,0.002982
Doctor_therefore,51,0.002982
Doctor_smiling,51,0.002982
Dispute,50,0.002923
Princess_resolve,50,0.002923
Trust_to,49,0.002865
Affaris,48,0.002806
Crowd,48,0.002806
Civilities,48,0.002806
Lady_J,48,0.002806
J,48,0.002806
alalways,48,0.002806
Astonishment_,48,0.002806
Harky,48,0.002806
Demme,48,0.002806
Masters_of,48,0.002806
Apelles,48,0.002806
Race,48,0.002806
Sound,48,0.002806
Lady_commanded,48,0.002806
bidding,48,0.002806
Strength_of,48,0.002806
Constitution_,48,0.002806
cast_Eyes,48,0.002806
Ladyship_gave,48,0.002806
Street_,48,0.002806
Destinies_have,48,0.002806
Exigence,48,0.002806
Ladybeauteous_Roman,48,0.002806
Simplicity,48,0.002806
Grandeur,48,0.002806
tripping,48,0.002806
Baronet_of,48,0.002806
Kind,48,0.002806
Countess_Thoughts,48,0.002806
Lady_says,48,0.002806
Thousand,48,0.002806
Lady_your,48,0.002806
Lady_me,48,0.002806
Doctor_saw,48,0.002806
Arabs,48,0.002806
Shelter,48,0.002806
Steward_of,48,0.002806
Duel_with,48,0.002806
Questionless_must,48,0.002806
Questionless_was,48,0.002806
Questionless_Sister,48,0.002806
Coquetries,48,0.002806
Principles,47,0.002748
Crime,46,0.002689
Humanity,46,0.002689
Ignorance,45,0.002631
Suspicion,45,0.002631
Cerinthe,45,0.002631
Sarcasms,45,0.002631
Princess_known,45,0.002631
Dress_alone,45,0.002631
Admirers,45,0.002631
Courtship,45,0.002631
Lady_followed,45,0.002631
Bushes,44,0.002572
Duchess_could,44,0.002572
Name,43,0.002514
means,43,0.002514
Warriors,43,0.002514
God,43,0.002514
Confidence,43,0.002514
Fears,43,0.002514
Truth,43,0.002514
Ancle,43,0.002514
Rigor,43,0.002514
Circumstances_require,43,0.002514
Departure,42,0.002456
Baronet_gazed,42,0.002456
things,41,0.002397
Personage,40,0.002339
Injury,40,0.002339
Horseback,40,0.002339
Blood,40,0.002339
King_Arabella,40,0.002339
Ladyship_called,40,0.002339
Two,40,0.002339
Raillery,40,0.002339
Princes_who,40,0.002339
Custom_Miss,40,0.002339
Dress_,39,0.00228
thyself,39,0.00228
Advice,39,0.00228
Mantua,39,0.00228
indiscreet,39,0.00228
Patience,39,0.00228
Lady_performed,39,0.00228
Astonishment_Servants,39,0.00228
yonder,39,0.00228
Great,39,0.00228
Sysigambis,39,0.00228
Numberless,39,0.00228
Scene,39,0.00228
Diversions,39,0.00228
Virtue,38,0.002222
Narration,36,0.002105
Miseries,36,0.002105
Cleomedon,36,0.002105
Legs,36,0.002105
Home,36,0.002105
Accused,36,0.002105
Accuser,36,0.002105
Betrayer,36,0.002105
Ariobarsanes,36,0.002105
Cure,36,0.002105
Lady_flew,36,0.002105
Fund,36,0.002105
Fortitude,36,0.002105
Captive,36,0.002105
Lady_extricates,36,0.002105
Delicacy,36,0.002105
Bent,36,0.002105
Mirth,36,0.002105
Studies_has,36,0.002105
Folds,36,0.002105
Bodies,36,0.002105
Toxares,36,0.002105
Countenance_expressed,36,0.002105
self,36,0.002105
Reasonings,36,0.002105
Sister_restrain,36,0.002105
acquiring,36,0.002105
Babylon,36,0.002105
Prospect,36,0.002105
Prince_your,36,0.002105
Crimes,36,0.002105
Lady_extremely,36,0.002105
Compliment,36,0.002105
Udosia,36,0.002105
Reformation,36,0.002105
Christians_,36,0.002105
Profession,36,0.002105
Princess_condescended,36,0.002105
Obstinacy_,36,0.002105
Lady_cannot,36,0.002105
Lady_Your,36,0.002105
Compliments,35,0.002046
Baronet_Hat,35,0.002046
Baronet_fine,35,0.002046
Monarch,34,0.001988
somebody,34,0.001988
Child,33,0.001929
Banishment,33,0.001929
Connoisseurs,32,0.001871
Music,32,0.001871
Ruin,32,0.001871
rest_fearing,32,0.001871
Scudery,32,0.001871
Cave,32,0.001871
Residence,32,0.001871
Hermit,32,0.001871
Displeasure,32,0.001871
Wound,32,0.001871
Complaints,31,0.001812
Ladyship_think,31,0.001812
Stranger_,31,0.001812
Sigh,31,0.001812
Ladyship_found,31,0.001812
Monarchs,31,0.001812
Providence,31,0.001812
Defense,31,0.001812
Tranquillity,31,0.001812
Absence,31,0.001812
Stork_,30,0.001754
Lady_made,30,0.001754
White,30,0.001754
Lady_did,30,0.001754
Recital,30,0.001754
Parade,30,0.001754
fainting,30,0.001754
German,30,0.001754
Incidents,30,0.001754
Alcibiades,30,0.001754
Style_,30,0.001754
Aabella,30,0.001754
Preference,30,0.001754
Beings,30,0.001754
Glances,29,0.001695
Grand,28,0.001637
Good,28,0.001637
Study_,28,0.001637
Bath,27,0.001579
Lady_whose,27,0.001579
Lady_with,27,0.001579
Affectation,27,0.001579
Eye,27,0.001579
Author,27,0.001579
maker,27,0.001579
Prejudice,27,0.001579
Customer_,27,0.001579
Ladyship_to,27,0.001579
Reflection,27,0.001579
way,27,0.001579
Sovereign,27,0.001579
Countess_to,27,0.001579
Complexion,27,0.001579
Luster_of,27,0.001579
Flight,27,0.001579
Ladyship_see,27,0.001579
Cynccia,27,0.001579
Princess_had,27,0.001579
Overture,27,0.001579
kind,27,0.001579
Sister_presented,27,0.001579
Line,27,0.001579
Kingdom_indeed,27,0.001579
Master_only,27,0.001579
Contrast_the,27,0.001579
Whitness,27,0.001579
Skin,27,0.001579
Aye,27,0.001579
Arsinoe,27,0.001579
Questionless_carefully,27,0.001579
Dress_never,27,0.001579
Particular,27,0.001579
History_has,27,0.001579
Baronet_Riding,27,0.001579
Riding,27,0.001579
habit,27,0.001579
Mr_Harvey,27,0.001579
Harvey,27,0.001579
Murderer,27,0.001579
Throne,27,0.001579
Customs_,27,0.001579
Rules,27,0.001579
Christianity_,27,0.001579
Notions,27,0.001579
Lady_never,27,0.001579
Visionary,27,0.001579
Extacy,27,0.001579
Princes_send,27,0.001579
Historian_,27,0.001579
Historians_Warriors,27,0.001579
Legion,27,0.001579
Apology,27,0.001579
Majesty_always,27,0.001579
Contradictions,27,0.001579
Story_had,27,0.001579
Disadvantage,27,0.001579
Anger,27,0.001579
Doctor_had,27,0.001579
Terrors,27,0.001579
Perplexities,27,0.001579
Novel,27,0.001579
Genius,27,0.001579
Story_that,27,0.001579
Application,27,0.001579
Learning,27,0.001579
Blaze,27,0.001579
Bravery,27,0.001579
Supper,27,0.001579
Disturbance_which,27,0.001579
Question_that,27,0.001579
Bow,27,0.001579
Result,26,0.00152
Baronethabit_discovered,26,0.00152
body,25,0.001462
Waters,25,0.001462
Safety,25,0.001462
Duchess_went,25,0.001462
Lady_Lady,25,0.001462
Veil,24,0.001403
Friendship,24,0.001403
Lady_used,24,0.001403
Questionless_will,24,0.001403
Ladyship_expect,24,0.001403
Brain,24,0.001403
Lady_called,24,0.001403
Sneers,24,0.001403
Lady_whom,24,0.001403
Ah,23,0.001345
Fame,23,0.001345
Aspect,23,0.001345
Land,23,0.001345
F,23,0.001345
SELVIN,23,0.001345
Duchess_Head,23,0.001345
Duchess_s,22,0.001286
Whims,22,0.001286
Spitridates,21,0.001228
Comfort,20,0.001169
Assistance_my,20,0.001169
Orphan,20,0.001169
State_requires,20,0.001169
Easiness,20,0.001169
Highwaymen,20,0.001169
Princess_entreated,20,0.001169
Occasions,20,0.001169
Traitor,20,0.001169
Bosom,20,0.001169
Ladyship_may,20,0.001169
Length,20,0.001169
Lady_conceived,20,0.001169
Lady_could,20,0.001169
Tone,20,0.001169
Springs,20,0.001169
Greece,20,0.001169
Point,20,0.001169
Ancients,20,0.001169
Thing,20,0.001169
Barsina,20,0.001169
Examples,20,0.001169
Interest_,20,0.001169
Reproaches,20,0.001169
Yet,20,0.001169
Prayers,20,0.001169
Princesses_sitting,20,0.001169
Designs,20,0.001169
Reinforcement,20,0.001169
Duchess_owes,20,0.001169
Thousands,20,0.001169
Cleonice,20,0.001169
Sardis,20,0.001169
Road,19,0.001111
Morning,19,0.001111
Beaux,19,0.001111
Advantage,19,0.001111
Commission,19,0.001111
Ladyship_will,19,0.001111
Heavens,19,0.001111
Treachery,19,0.001111
Incident,19,0.001111
Entreaties,19,0.001111
Persecutions,19,0.001111
Laugh,19,0.001111
Prince_Viridmore,18,0.001052
Viridmore,18,0.001052
Business,18,0.001052
Lady_turned,18,0.001052
Blush,18,0.001052
King_of,18,0.001052
Lady_thinks,18,0.001052
Precautions,18,0.001052
Duchess_own,18,0.001052
Security,18,0.001052
Surprise,17,0.000994
Force,17,0.000994
Indiscretion,17,0.000994
Lady_this,17,0.000994
Trust_determined,17,0.000994
Melancholy,16,0.000935
Anguish,16,0.000935
Mistake_would,16,0.000935
Ranelagh,16,0.000935
Personages,16,0.000935
faithless,16,0.000935
phrase,16,0.000935
Princess_a,16,0.000935
Gallants,16,0.000935
Fifteen,16,0.000935
Princess_did,16,0.000935
Executioner,16,0.000935
Multitude,16,0.000935
Swords,16,0.000935
Lady_will,16,0.000935
Sister_not,16,0.000935
Dearest_Cousin,16,0.000935
Contentment,16,0.000935
Baron_expressed,16,0.000935
Rescue,16,0.000935
Statute_was,16,0.000935
Size,16,0.000935
Request_of,16,0.000935
breeding,16,0.000935
Bashfulness,16,0.000935
Park,16,0.000935
Composure,16,0.000935
Princess_Adventures,16,0.000935
State_of,16,0.000935
All,16,0.000935
Sarmatians,16,0.000935
Light,16,0.000935
Baronet_Challenge,16,0.000935
Challenge,16,0.000935
Concession,16,0.000935
Decency,16,0.000935
Master_repent,16,0.000935
talk,16,0.000935
Stranger_that,16,0.000935
unworthy,16,0.000935
Instance_of,16,0.000935
Consideration,16,0.000935
Sighs,16,0.000935
Sister_Brother,16,0.000935
Thorns,16,0.000935
Fire,16,0.000935
Princess_met,16,0.000935
Thalestris_found,16,0.000935
Queen_did,16,0.000935
End,16,0.000935
regard,16,0.000935
Misfortune,16,0.000935
set,16,0.000935
Sign,16,0.000935
Lady_answering,16,0.000935
Lady_not,16,0.000935
staying_in,16,0.000935
England,16,0.000935
Stay_of,16,0.000935
Thrasimedes,16,0.000935
Rome,16,0.000935
Measure,16,0.000935
Cassandra,16,0.000935
Library,16,0.000935
Refusal,16,0.000935
Princess_was,16,0.000935
Distemper_is,16,0.000935
LoverA,16,0.000935
Windows,16,0.000935
Mercy,16,0.000935
Stairs_that,16,0.000935
Extravagancies,16,0.000935
undeservedly,16,0.000935
Statira_make,16,0.000935
Principle,16,0.000935
Declaration,16,0.000935
ather,16,0.000935
Frowns,16,0.000935
eroine,16,0.000935
Favors,16,0.000935
Foreigners,16,0.000935
Lady_paid,16,0.000935
Countenance_of,16,0.000935
Encouragement,16,0.000935
Lord_bless,16,0.000935
Excellencies,16,0.000935
Lady_Woman,15,0.000877
Swoon,15,0.000877
Answers,15,0.000877
Will,15,0.000877
Form,15,0.000877
Lady_seated,15,0.000877
Lady_hurried,15,0.000877
Countess_maintained,15,0.000877
Countess_was,15,0.000877
Princes_and,15,0.000877
Country_,15,0.000877
Witnesses,15,0.000877
Miss_GlanvilleGlanville,15,0.000877
Lady_and,15,0.000877
Flattery,15,0.000877
Ladyship_knows,15,0.000877
Absurdity,15,0.000877
Excellence,15,0.000877
Falsehood,15,0.000877
Nation,15,0.000877
Occurrence,15,0.000877
Restlessness_of,15,0.000877
Stretch_to,15,0.000877
Lady_Chamber,13,0.00076
Devil,13,0.00076
Ladyship_as,13,0.00076
Weeks,12,0.000702
Richmond,12,0.000702
Reception,12,0.000702
Mouth,12,0.000702
History_made,12,0.000702
Constancy_and,12,0.000702
Phenomenon,12,0.000702
Owner,12,0.000702
Situation,12,0.000702
Valley,12,0.000702
Tempe,12,0.000702
Defign,12,0.000702
Hint,12,0.000702
Rat,12,0.000702
Envy,12,0.000702
Lady_received,12,0.000702
Whiteness,12,0.000702
Pair,12,0.000702
Stars_,12,0.000702
Hereupon,12,0.000702
Four,12,0.000702
Relief,12,0.000702
Esteem_by,12,0.000702
Puns,12,0.000702
Meaning,12,0.000702
suffering,12,0.000702
Lord_help,12,0.000702
people,12,0.000702
Expedient,12,0.000702
Falls,12,0.000702
Ruffles,12,0.000702
Humourist_had,12,0.000702
Motions,12,0.000702
Mien,12,0.000702
Anxiety,12,0.000702
Princess_to,12,0.000702
Princess_History,12,0.000702
Traitors,12,0.000702
sublimest_among,12,0.000702
Mortals,12,0.000702
base,12,0.000702
Reports,12,0.000702
Stranger_should,12,0.000702
Zeal,12,0.000702
Prince_Thrasybulus,12,0.000702
Thrasybulus,12,0.000702
Conjectures,12,0.000702
Posture_,12,0.000702
Felicity,12,0.000702
Artaxcrxes,12,0.000702
Folies,12,0.000702
Horsemen,12,0.000702
Lady_from,12,0.000702
Sextus,12,0.000702
River,12,0.000702
Countenance_brightened,12,0.000702
Smile,12,0.000702
Treasure,12,0.000702
Possession,12,0.000702
Story_would,12,0.000702
Critic,12,0.000702
Hater,12,0.000702
Dryden_,12,0.000702
Motive,12,0.000702
Sister_commands,12,0.000702
case,12,0.000702
Sister_Pardon,12,0.000702
Lady_Eyes,12,0.000702
Night,12,0.000702
Rest_,12,0.000702
Injustice_,12,0.000702
Discretion,12,0.000702
merits,12,0.000702
Relater,12,0.000702
Ancestors_,12,0.000702
Saxons,12,0.000702
Dominions,12,0.000702
Forwardness,12,0.000702
Spirit,12,0.000702
Shepherdess,12,0.000702
Wonders,12,0.000702
Brightness,12,0.000702
Breezes,12,0.000702
Ladyship_had,12,0.000702
supportable,12,0.000702
Curls,12,0.000702
Dress_wore,12,0.000702
Dress_saw,12,0.000702
Curosity,12,0.000702
Qualifications,12,0.000702
talks,12,0.000702
Scythia,12,0.000702
Sloth,12,0.000702
Effeminacy,12,0.000702
saunter,12,0.000702
Stranger_was,12,0.000702
Hearing,12,0.000702
railing,12,0.000702
Endeavors,12,0.000702
Epitome,12,0.000702
Arcadia,12,0.000702
Glass,12,0.000702
uncommoness,12,0.000702
Request_made,12,0.000702
Countess_smiling,12,0.000702
Persian,12,0.000702
Ladyship_suspects,12,0.000702
Exclamation,12,0.000702
Circumstances_arr,12,0.000702
arr,12,0.000702
Lady_ia,12,0.000702
ia,12,0.000702
Soliloquy,12,0.000702
Verses,12,0.000702
Third,12,0.000702
Estate_,12,0.000702
Lady_who,12,0.000702
Duchess_owed,12,0.000702
Tradesman,12,0.000702
fear,12,0.000702
Creditors,12,0.000702
Equipage,12,0.000702
Footman,12,0.000702
Cook,12,0.000702
King_Majesty,12,0.000702
Majesty_,12,0.000702
Hem,12,0.000702
Profusion,12,0.000702
Imaginations,12,0.000702
Children,12,0.000702
Monuments,12,0.000702
Memoirs,12,0.000702
Histories_,12,0.000702
Minds,12,0.000702
Brave,12,0.000702
Coward,12,0.000702
Sprightly,12,0.000702
Doctor_found,12,0.000702
Original,12,0.000702
Writers,12,0.000702
thousands,12,0.000702
Custom_is,12,0.000702
Prince_inconstant,12,0.000702
inconstant_,12,0.000702
Instructions_,12,0.000702
Twickenham,12,0.000702
Fury,12,0.000702
Pass,12,0.000702
Sister_hung,12,0.000702
Gestures_and,12,0.000702
Style_to,12,0.000702
Scorn,12,0.000702
Ladyship_then,12,0.000702
Queen_of,12,0.000702
Amazons,12,0.000702
Infidels,12,0.000702
Negligence,12,0.000702
Stairs_to,12,0.000702
Adorer,12,0.000702
Sides,12,0.000702
Victory,12,0.000702
Interruption,12,0.000702
Gaiety,12,0.000702
Vigilance,12,0.000702
Ad,12,0.000702
heart,12,0.000702
Stuff_did,12,0.000702
Baronet_is,12,0.000702
Countess_sudden,12,0.000702
Lady_or,12,0.000702
Princess_in,12,0.000702
Disguise,12,0.000702
Uncleher,12,0.000702
King_,11,0.000643
Baronet_mounted,11,0.000643
Taste_for,11,0.000643
Expense,11,0.000643
Estates_,11,0.000643
Attendants,10,0.000585
star_d,10,0.000585
Room,10,0.000585
Sister_having,10,0.000585
nobody,10,0.000585
Bribe,9,0.000526
Familiarity,9,0.000526
Solicitude,9,0.000526
Trust_Letter,9,0.000526
Amalazontha,9,0.000526
Censure,9,0.000526
Ages,9,0.000526
Lady_A,9,0.000526
Confidantmy,9,0.000526
Princess_all,9,0.000526
Circumstance_of,9,0.000526
Carp,9,0.000526
First_of,8,0.000468
Esteem_,8,0.000468
Consequence,8,0.000468
UncleARABELLA,8,0.000468
Baronet_did,8,0.000468
Lady_Brother,8,0.000468
desire,8,0.000468
Rogue,8,0.000468
Ridicule,8,0.000468
loving,8,0.000468
luke,8,0.000468
warmness,8,0.000468
Haymakers,8,0.000468
Steward_wanted,8,0.000468
Baronet_being,8,0.000468
Baronet_could,8,0.000468
Baronet_Shape,8,0.000468
Submission,7,0.000409
Agitation,7,0.000409
Destiny_,7,0.000409
Promises,7,0.000409
Passages,7,0.000409
Calumnies,7,0.000409
Obligations,7,0.000409
Objects,7,0.000409
Princess_believe,7,0.000409
Heiress,6,0.000351
Hortensius,6,0.000351
Emotion,6,0.000351
Sake,6,0.000351
Influence,6,0.000351
Paternal,6,0.000351
Skill,6,0.000351
Polenor,6,0.000351
Parthia,6,0.000351
Sir_to,6,0.000351
OUR,6,0.000351
Loss,6,0.000351
Evening,6,0.000351
Cilicia,6,0.000351
Ideas,6,0.000351
Demetrius,6,0.000351
Employment,6,0.000351
Lordship_had,6,0.000351
Lady_consents,6,0.000351
Assyria,6,0.000351
Victor,6,0.000351
Menecrates,6,0.000351
Neighbors,6,0.000351
Doctor_confirmed,6,0.000351
Jockey,6,0.000351
Change,5,0.000292
number,5,0.000292
Half,5,0.000292
Turnings,5,0.000292
pale,5,0.000292
Pauses,5,0.000292
stops_,5,0.000292
Interruptions,5,0.000292
Rise,5,0.000292
Gesture_which,5,0.000292
Stratagem_with,5,0.000292
Seramenes,5,0.000292
Cleobuline,5,0.000292
Corinth,5,0.000292
questionless_comes,5,0.000292
Horn,5,0.000292
Lady_married,5,0.000292
Duke_Grace,5,0.000292
Lady_own,5,0.000292
Inclinations,5,0.000292
master_might,5,0.000292
Softness,5,0.000292
Village,5,0.000292
Flatteries,5,0.000292
Mrs_Barnett,5,0.000292
Barnett,5,0.000292
Sisters_,5,0.000292
Country_Gentleman,5,0.000292
Frankness,5,0.000292
Footmen,4,0.000234
Wilderness,4,0.000234
Solitude,4,0.000234
Hole,4,0.000234
Baronet_said,4,0.000234
Figure,4,0.000234
Esteem_for,4,0.000234
Want,4,0.000234
Precedent,4,0.000234
Spears,4,0.000234
Princess_Ancestors,4,0.000234
Ancestors_did,4,0.000234
Disdains,4,0.000234
Lady_Follies,4,0.000234
Ladyship_saw,4,0.000234
Guards,4,0.000234
bridling,4,0.000234
Gentlemanthis,4,0.000234
Goodnature,4,0.000234
Confession,4,0.000234
Impetuosity,4,0.000234
Temper,4,0.000234
CousinCousin,4,0.000234
Frenzy,4,0.000234
Baron_hardly,4,0.000234
Baron_oppressed,4,0.000234
Baron_never,4,0.000234
Impulse,4,0.000234
Intimation,4,0.000234
Water,4,0.000234
Pshaw,4,0.000234
Griefs,4,0.000234
endeavors,4,0.000234
Field,4,0.000234
Jest_,4,0.000234
Behaivour,4,0.000234
hereabouts,4,0.000234
Accusation,4,0.000234
Vengeance,4,0.000234
Sufferer,4,0.000234
Mistress_to,4,0.000234
Shriek,4,0.000234
Destiny_of,4,0.000234
Testimony_of,4,0.000234
Gratitude,4,0.000234
Confinement,4,0.000234
Misery,4,0.000234
Sir_does,4,0.000234
Sir_entered,4,0.000234
Sister_has,4,0.000234
Lady_Lover,4,0.000234
Lady_wandering,4,0.000234
Sister_may,4,0.000234
Memnon,4,0.000234
Oxyatres,4,0.000234
Smoll,4,0.000234
Reproof,4,0.000234
Amazon,4,0.000234
Pieces,4,0.000234
Wretches,4,0.000234
Height,4,0.000234
Sister_discovered,4,0.000234
Sister_does,4,0.000234
Health,4,0.000234
Mistake_,4,0.000234
Steps_had,4,0.000234
Shortness,4,0.000234
Attraction,4,0.000234
Precept,4,0.000234
Indispositions,4,0.000234
sorth,4,0.000234
Desires,4,0.000234
Custom_on,4,0.000234
Repentance,4,0.000234
Entreaty,4,0.000234
Princess_expresses,4,0.000234
Princess_most,4,0.000234
Artaxerxes,4,0.000234
Ladyship_away,4,0.000234
Lady_should,4,0.000234
Attractions,4,0.000234
Trust_Lucy,4,0.000234
Trust_first,4,0.000234
Absurdities,4,0.000234
Candor,4,0.000234
Sweetness,4,0.000234
Modesty_and,4,0.000234
Benevolence,4,0.000234
Disdain,4,0.000234
Trifles,4,0.000234
concern,4,0.000234
Doralisa,4,0.000234
Visits,4,0.000234
Ligdamis,4,0.000234
Princess_will,4,0.000234
Farce,4,0.000234
Assurance,4,0.000234
Lady_come,4,0.000234
Empire,4,0.000234
Dependence,4,0.000234
Mr_GlanvilleMr,4,0.000234
GlanvilleMr_,4,0.000234
Events,4,0.000234
LibertyLiberty,4,0.000234
Witness,4,0.000234
Lady_Presence,4,0.000234
SelvinSelvin,4,0.000234
relation,3,0.000175
Disgust_Miss,3,0.000175
Accents,3,0.000175
Relics,3,0.000175
Peer,3,0.000175
Histories_he,3,0.000175
Propensity,3,0.000175
Cloud,3,0.000175
dem,3,0.000175
Spanish,3,0.000175
Nun,3,0.000175
Sanction,3,0.000175
Combat,3,0.000175
Stroke_with,3,0.000175
Andronice,3,0.000175
Act,3,0.000175
Travelers,3,0.000175
Similitude,3,0.000175
Destiny_with,3,0.000175
Stranger_who,3,0.000175
Stranger_be,3,0.000175
Directions,3,0.000175
supplicating,3,0.000175
Jest_Miss,3,0.000175
Circumference,3,0.000175
Visage,3,0.000175
Happiness,3,0.000175
Herbs,3,0.000175
Affections,3,0.000175
Lady_entered,3,0.000175
Prisoner,3,0.000175
Fierceness,3,0.000175
Lady_up,3,0.000175
Threats,3,0.000175
Distemper_had,3,0.000175
Doctor_left,3,0.000175
Study_had,3,0.000175
Questionless_I,3,0.000175
Stranger_supported,3,0.000175
Stranger_the,3,0.000175
Weakness,3,0.000175
Cry,3,0.000175
Associate,3,0.000175
Villams,3,0.000175
Princesses_in,3,0.000175
Engagement,3,0.000175
Order,3,0.000175
Augustus_,3,0.000175
Princesses_wandering,3,0.000175
Countess_made,3,0.000175
Wench,3,0.000175
Questions_relating,3,0.000175
Ladyship_does,3,0.000175
durst_make,3,0.000175
Queen_,3,0.000175
latter,3,0.000175
Fainting,3,0.000175
Begone,3,0.000175
Presents,3,0.000175
Ladyship_should,3,0.000175
Instruction_,3,0.000175
Lady_required,3,0.000175
Inquiries,3,0.000175
Violences,3,0.000175
Topics,3,0.000175
Winnings,3,0.000175
Losings,3,0.000175
Brag,3,0.000175
Prices,3,0.000175
Silks,3,0.000175
Fashions,3,0.000175
Cutter,3,0.000175
Disappointment,3,0.000175
Reliance,3,0.000175
Detail,3,0.000175
Waterside,3,0.000175
Astonishment_at,3,0.000175
Purport,3,0.000175
Instant_appearing,3,0.000175
bewailing,3,0.000175
Deluge,3,0.000175
hearing,3,0.000175
Astonishment_was,3,0.000175
Astonishment_spoke,3,0.000175
Stuff_in,3,0.000175
Purity,3,0.000175
Sister_fair,3,0.000175
Admittance,3,0.000175
Hurt,3,0.000175
use,3,0.000175
Ancestors_Valor,3,0.000175
Ancestors_Misfortune,3,0.000175
Pretenses,3,0.000175
fable,3,0.000175
Lashes,3,0.000175
fairest_that,3,0.000175
Respects,3,0.000175
fall,3,0.000175
Adorations,3,0.000175
Cheeks,3,0.000175
Philadelph,3,0.000175
Lady_saw,3,0.000175
Partiality,3,0.000175
Criminals,3,0.000175
Judge,3,0.000175
Senses,3,0.000175
Rustics_only,3,0.000175
Church,3,0.000175
Dress_beheld,3,0.000175
Dress_had,3,0.000175
Dress_to,3,0.000175
Dress_has,3,0.000175
Alcyone,3,0.000175
Pity,3,0.000175
Liberties,3,0.000175
Foolish,3,0.000175
Pump,3,0.000175
Rooms,3,0.000175
Parties,3,0.000175
Amusements,3,0.000175
Pen,3,0.000175
Princess_the,3,0.000175
Assistants_of,3,0.000175
Pain,3,0.000175
Disgrace,3,0.000175
Nurses,3,0.000175
Countess_recovering,3,0.000175
Characteristick_of,3,0.000175
Natures,3,0.000175
King_Oroondates,3,0.000175
Countess_apprehensive,3,0.000175
Countess_the,3,0.000175
Countess_took,3,0.000175
Lady_found,3,0.000175
Lady_fell,3,0.000175
Has,3,0.000175
Adulation,3,0.000175
Justification_,3,0.000175
No,3,0.000175
while,3,0.000175
Outrageous,3,0.000175
Rivals,3,0.000175
Arances,3,0.000175
Curse,3,0.000175
Aronces,3,0.000175
Vanquisher,3,0.000175
Companion,3,0.000175
Sister_Miss,3,0.000175
Goal,3,0.000175
Admirer,3,0.000175
Domestics_,3,0.000175
Infancy,3,0.000175
tender,3,0.000175
Indulgences,3,0.000175
Fondness,3,0.000175
pardon,3,0.000175
Neglect,3,0.000175
Dispensation,3,0.000175
Senate,3,0.000175
Stories_so,3,0.000175
Cow,3,0.000175
Stories_these,3,0.000175
Stories_gained,3,0.000175
Princesses_had,3,0.000175
Augustus_used,3,0.000175
hold,3,0.000175
Intoxication,3,0.000175
Vexation,3,0.000175
What,3,0.000175
Combatants,3,0.000175
Lady_thither,3,0.000175
mind,3,0.000175
Inclination,3,0.000175
living,3,0.000175
Doctor_listened,3,0.000175
speaking,3,0.000175
Disasters_or,3,0.000175
Oppression,3,0.000175
Sailor,3,0.000175
Latitudes,3,0.000175
Experience,3,0.000175
Violator,3,0.000175
Escape,3,0.000175
Impossibility,3,0.000175
Clergyman,3,0.000175
Pyrate,3,0.000175
Zenodonus,3,0.000175
Position,3,0.000175
Doctor_beheld,3,0.000175
Proof,3,0.000175
Positions,3,0.000175
Ladyship_can,3,0.000175
Chastity_of,3,0.000175
Story_in,3,0.000175
Fiction,3,0.000175
Monarchies,3,0.000175
Convenience,3,0.000175
Narrative,3,0.000175
Inconsistency_with,3,0.000175
Facts,3,0.000175
Countries_does,3,0.000175
Understanding_,3,0.000175
Histories_do,3,0.000175
Lowliness,3,0.000175
Apologies,3,0.000175
Incitement,3,0.000175
sighing,3,0.000175
Argument,3,0.000175
Statira_,3,0.000175
sake,3,0.000175
Lady_Ladyship,3,0.000175
Ladyship_persists,3,0.000175
Steward_approved,3,0.000175
Suddainess,3,0.000175
Astonishment_prevented,3,0.000175
Likeness,3,0.000175
Papa,3,0.000175
Window,3,0.000175
Lady_observing,3,0.000175
O,3,0.000175
Epistle_,3,0.000175
Ladyship_has,3,0.000175
Historians_that,3,0.000175
Stamp_endeavoring,3,0.000175
coloring,3,0.000175
Interest_in,3,0.000175
Handsomeness,3,0.000175
Garb,3,0.000175
Lists_my,3,0.000175
sort,3,0.000175
Questionless_had,3,0.000175
Countess_managed,3,0.000175
Countess_proposed,3,0.000175
Sister_unaccountable,3,0.000175
Faintings,3,0.000175
Wonder,2,0.000117
Madness,2,0.000117
Posture_of,2,0.000117
Arabellareplied,2,0.000117
Lightness,2,0.000117
Duchess_with,2,0.000117
Duchess_made,2,0.000117
Duchess_leaving,2,0.000117
Duchess_has,2,0.000117
Trust_kissed,2,0.000117
Mistress_her,2,0.000117
sooner,1,5.8e-05
Question_Sir,1,5.8e-05
Lady_under,1,5.8e-05
Sister_the,1,5.8e-05
Sister_might,1,5.8e-05
Lady_persists,1,5.8e-05
Rustling_A,1,5.8e-05
Trust_oblige,1,5.8e-05
Trust_set,1,5.8e-05
Trust_received,1,5.8e-05
Farm,1,5.8e-05
Miles,1,5.8e-05
Wind,1,5.8e-05
Murmurs,1,5.8e-05
Lady_young,1,5.8e-05
Lady_suspected,1,5.8e-05
Baron_the,1,5.8e-05
Question_,1,5.8e-05
ArabellaArabella,1,5.8e-05
Cousins,1,5.8e-05
