I,73697,40.716575
Havisham,6393,3.532044
Herbert,5611,3.1
Jaggers,5112,2.824309
Joe,4787,2.644751
me,3647,2.014917
we,3128,1.728177
Pumblechook,2881,1.591713
Mr_Pumblechook,2116,1.169061
Trabb,2066,1.141436
Provis,1774,0.98011
Wemmick,1688,0.932597
Wopsle,1547,0.854696
Mr_Wopsle,1535,0.848066
boy,1531,0.845856
Mr_Trabb,1523,0.841436
Pip,1372,0.758011
opportunity,1193,0.659116
it,1067,0.589503
Biddy,1036,0.572376
Mr_Pocket,907,0.501105
You,896,0.495028
proprietor,870,0.480663
Lord_Chief,867,0.479006
Chief,867,0.479006
Justice_s,867,0.479006
He,791,0.437017
We,789,0.435912
don,728,0.40221
saddler,676,0.373481
Compeyson,645,0.356354
gentleman,643,0.355249
Mrs_Joe,610,0.337017
It,582,0.321547
guardian,581,0.320994
head,542,0.299448
Frederick,490,0.270718
baby,481,0.265746
Entreating,467,0.258011
Mr_Pip,465,0.256906
servants,435,0.240331
boat,412,0.227624
Mr_Provis,405,0.223757
case,394,0.21768
prisoner,387,0.213812
Matthew,375,0.207182
lady,372,0.205525
room,366,0.20221
secret,361,0.199448
gentlemen,359,0.198343
Sir_,356,0.196685
Mrs_Coiler,352,0.194475
Coiler,352,0.194475
servant,350,0.19337
points,338,0.18674
father,332,0.183425
bottle,329,0.181768
stone_bottle,324,0.179006
phantom,313,0.172928
Gargery,309,0.170718
window,309,0.170718
Orlick,307,0.169613
They,304,0.167956
Judge,284,0.156906
sergeant,269,0.148619
farmer,259,0.143094
book,259,0.143094
us,256,0.141436
Mr_Wemmick,252,0.139227
clerk,251,0.138674
Molly,251,0.138674
Mr_and,246,0.135912
fellow,222,0.122652
sister_had,219,0.120994
Aged,219,0.120994
She,219,0.120994
mind,209,0.11547
Well,207,0.114365
Abel,206,0.113812
Flopson,203,0.112155
hair,201,0.11105
sister_took,200,0.110497
world,199,0.109945
fortune,197,0.10884
urgency,196,0.108287
behalf,196,0.108287
people,190,0.104972
Sarah,188,0.103867
officer,184,0.101657
place,173,0.09558
ingenuity,173,0.09558
ladies,172,0.095028
Mrs_Pocket,171,0.094475
disgrace,169,0.09337
attendant,169,0.09337
dint,169,0.09337
joints,169,0.09337
doll,169,0.09337
Excuse,169,0.09337
positions,169,0.09337
Catechism,169,0.09337
door,166,0.091713
chambers,159,0.087845
soldiers,157,0.08674
son,156,0.086188
waiter,151,0.083425
Mr_Waldengarver,150,0.082873
Waldengarver,150,0.082873
London,148,0.081768
Gentlemen,146,0.080663
lull,144,0.079558
JoeJoe,144,0.079558
house,143,0.079006
file,138,0.076243
Convicts,138,0.076243
apparition,137,0.075691
creatures,134,0.074033
life,133,0.073481
Mr_Gargery,133,0.073481
Joseph,132,0.072928
farewell,132,0.072928
sister_,130,0.071823
friend,129,0.071271
Him,129,0.071271
Drummle_would,129,0.071271
landlord,128,0.070718
aunt,127,0.070166
sister_would,126,0.069613
galley,126,0.069613
bridegroom,124,0.068508
star_went,121,0.066851
village,121,0.066851
Clara,121,0.066851
ends,121,0.066851
muskets,121,0.066851
step_,121,0.066851
sensible,121,0.066851
Jack,120,0.066298
Old,118,0.065193
housekeeper,115,0.063536
Don,112,0.061878
appearance,111,0.061326
daughter,106,0.058564
time,104,0.057459
one,104,0.057459
tailor,102,0.056354
intentions,101,0.055801
Miss_Skiffins,101,0.055801
Skiffins,101,0.055801
eye,100,0.055249
influences,100,0.055249
hut,100,0.055249
eyes,99,0.054696
person,98,0.054144
box,98,0.054144
mother,97,0.053591
Estella_had,97,0.053591
God,95,0.052486
Camilla,94,0.051934
Yes,92,0.050829
Raymond,92,0.050829
men,91,0.050276
pound,91,0.050276
instrument_could,89,0.049171
arm,88,0.048619
warning,88,0.048619
court,86,0.047514
myself,85,0.046961
Mum,85,0.046961
knowledge,85,0.046961
Mrs_Brandley,83,0.045856
Brandley,83,0.045856
fire,81,0.044751
Herberthad,81,0.044751
beans,81,0.044751
clover,81,0.044751
Money,81,0.044751
reading,81,0.044751
justice_,81,0.044751
antecedents,81,0.044751
experience,81,0.044751
sister_must,81,0.044751
Estella_looked,80,0.044199
chamber,80,0.044199
thought,79,0.043646
half,77,0.042541
uncle,77,0.042541
children,76,0.041989
round,76,0.041989
convict,75,0.041436
sandwich,75,0.041436
Little,74,0.040884
watch,73,0.040331
heart,73,0.040331
coachman,72,0.039779
pocket,70,0.038674
Drummle_,70,0.038674
blacksmith,70,0.038674
Finches,69,0.038122
Heaven,69,0.038122
journeyman,69,0.038122
road,69,0.038122
Estella_,69,0.038122
dress,68,0.037569
hackney,68,0.037569
hands,66,0.036464
girl,66,0.036464
ourselves,66,0.036464
terror,65,0.035912
stock_,65,0.035912
Grove,65,0.035912
Knight,65,0.035912
prisoners,65,0.035912
wolf,65,0.035912
manuscript,64,0.035359
truncheon,64,0.035359
churchyard,64,0.035359
disappointment,64,0.035359
attitude,64,0.035359
Dying,64,0.035359
Gladiator,64,0.035359
chain,64,0.035359
Mrs_give,64,0.035359
mournfulness,64,0.035359
illusion,64,0.035359
stalks_,64,0.035359
tree,64,0.035359
Mas,64,0.035359
New,64,0.035359
South,64,0.035359
Wales,64,0.035359
himwas,64,0.035359
patron,63,0.034807
Mr_Drummle,63,0.034807
Wotever,63,0.034807
Startop_,63,0.034807
boys,63,0.034807
prison,61,0.033702
Drummle_has,61,0.033702
work,60,0.033149
candle,60,0.033149
child,60,0.033149
Boar,59,0.032597
earth,58,0.032044
soul,58,0.032044
coach,58,0.032044
frock,58,0.032044
dressingroom,58,0.032044
governor,58,0.032044
himself,57,0.031492
wife,57,0.031492
Sunday,57,0.031492
business,56,0.030939
way,56,0.030939
Blue,56,0.030939
sister_laughed,56,0.030939
Mike,56,0.030939
family,55,0.030387
Jane,55,0.030387
countenance,54,0.029834
nothing,53,0.029282
pipe,53,0.029282
sun,53,0.029282
Alick,53,0.029282
Miss_Sarah,53,0.029282
Ah,53,0.029282
day,52,0.028729
sound,50,0.027624
sister_made,50,0.027624
air,50,0.027624
thoughts,50,0.027624
visit,50,0.027624
William,50,0.027624
arrival,50,0.027624
coincidence,50,0.027624
wisdom,49,0.027072
pens,49,0.027072
Mary,49,0.027072
Anne,49,0.027072
side,49,0.027072
rule,49,0.027072
conversation,49,0.027072
Prince_said,49,0.027072
circumstance_than,49,0.027072
birthday,49,0.027072
question_requiring,49,0.027072
Wild,49,0.027072
hurry,49,0.027072
force,49,0.027072
pictures,49,0.027072
master_slowly,49,0.027072
Britons,49,0.027072
Mr_said,49,0.027072
meaning,49,0.027072
ghost_was,49,0.027072
convicts,48,0.026519
Spider,47,0.025967
dread,47,0.025967
J,46,0.025414
Clarriker,46,0.025414
ship,46,0.025414
suit,46,0.025414
whole,46,0.025414
ghost_would,46,0.025414
thieves,46,0.025414
fur,45,0.024862
clergyman,45,0.024862
public,45,0.024862
king,45,0.024862
throne,45,0.024862
crown,45,0.024862
ed,45,0.024862
mayn,45,0.024862
turnkey,45,0.024862
grandpapa,44,0.024309
town,43,0.023757
iron,43,0.023757
clothes,43,0.023757
Estella_said,43,0.023757
dwelling,42,0.023204
wind,41,0.022652
leg,41,0.022652
Hereupon,41,0.022652
mine,41,0.022652
boatswain,41,0.022652
brooch,41,0.022652
combination,40,0.022099
soup,40,0.022099
Estella_would,40,0.022099
hand,39,0.021547
workman,39,0.021547
word,38,0.020994
name,38,0.020994
gun,38,0.020994
aspect,37,0.020442
Mrs_J,37,0.020442
malignity,37,0.020442
somebody,37,0.020442
sister_declared,37,0.020442
Our,37,0.020442
watchman,37,0.020442
character,36,0.01989
brewery,36,0.01989
expressive,36,0.01989
Battery,36,0.01989
rest_had,36,0.01989
Impostor_,36,0.01989
durst_ask,36,0.01989
access,36,0.01989
Temple,36,0.01989
tablets,36,0.01989
disquiet,36,0.01989
anyone,36,0.01989
Estella_baby,36,0.01989
intelligence,36,0.01989
occasions,36,0.01989
cart,36,0.01989
remorse,36,0.01989
request_of,36,0.01989
angel,36,0.01989
coat,35,0.019337
Bentley,35,0.019337
chair,35,0.019337
Dinner,35,0.019337
company,35,0.019337
Sally,34,0.018785
kind,34,0.018785
minister_of,34,0.018785
kitchen,33,0.018232
design,33,0.018232
smile,32,0.01768
everybody,32,0.01768
ghost_did,32,0.01768
sister_drew,32,0.01768
capes,32,0.01768
clerks,32,0.01768
authorities,31,0.017127
boots,30,0.016575
ivy,30,0.016575
stranger_,30,0.016575
song,30,0.016575
hat,30,0.016575
mortifying,30,0.016575
sister_pounced,29,0.016022
voices,29,0.016022
ally,29,0.016022
Ship,29,0.016022
herself,28,0.01547
Philip,28,0.01547
group,28,0.01547
Estella_was,28,0.01547
Dear,28,0.01547
Barley,27,0.014917
casks,27,0.014917
sheep,26,0.014365
women,26,0.014365
waistcoat_,26,0.014365
Hubble,26,0.014365
society,26,0.014365
nurse,26,0.014365
newspaper,26,0.014365
Commercials,26,0.014365
trousers,26,0.014365
Jew,26,0.014365
My,26,0.014365
wilderness,26,0.014365
cases,26,0.014365
breeder,25,0.013812
trades,25,0.013812
state_of,25,0.013812
habits,25,0.013812
wouldn,25,0.013812
walking,25,0.013812
cane,25,0.013812
steamers_would,25,0.013812
master_rubbed,25,0.013812
face,25,0.013812
Fate,25,0.013812
flame,25,0.013812
perspiration,25,0.013812
courage,25,0.013812
grunt,25,0.013812
tears,25,0.013812
note,25,0.013812
compliment,25,0.013812
Great,25,0.013812
Remonstrance_from,25,0.013812
Esquimaux,25,0.013812
Miss_Havishamwould,25,0.013812
Havishamwould,25,0.013812
issue,25,0.013812
shape,25,0.013812
letters,25,0.013812
Custum_U,25,0.013812
U,25,0.013812
fraud,25,0.013812
Estella_looks,25,0.013812
interval,25,0.013812
supper,25,0.013812
Estella_put,25,0.013812
neckcloth,25,0.013812
member,25,0.013812
standing_had,25,0.013812
standing_,25,0.013812
flask,25,0.013812
sherry,25,0.013812
shopman,25,0.013812
sister_ask,25,0.013812
sister_then,25,0.013812
blindness,25,0.013812
hardihood,25,0.013812
cut,25,0.013812
opinion,25,0.013812
mischief,25,0.013812
sister_watched,25,0.013812
Mrs_JoeMrs,25,0.013812
JoeMrs_,25,0.013812
occasion,24,0.01326
office,24,0.01326
letter,24,0.01326
fortunes,24,0.01326
parent,24,0.01326
Estella_s,24,0.01326
table,23,0.012707
No,23,0.012707
pupils,23,0.012707
patroness,23,0.012707
others,22,0.012155
none,22,0.012155
years,22,0.012155
beer,22,0.012155
niece,22,0.012155
partner,21,0.011602
Mrs_Hubble,21,0.011602
Waiter,21,0.011602
bars,21,0.011602
Man,21,0.011602
Bill,21,0.011602
Avenger,21,0.011602
ships,21,0.011602
The,21,0.011602
waywardness,21,0.011602
suitor,21,0.011602
buildings,20,0.01105
times,20,0.01105
information,20,0.01105
post_of,20,0.01105
Providence,20,0.01105
Drummle_had,20,0.01105
doorway,20,0.01105
tidings,20,0.01105
finger,20,0.01105
parlor,20,0.01105
river,20,0.01105
giant,20,0.01105
conference,20,0.01105
guineas,20,0.01105
members,19,0.010497
Thereupon,19,0.010497
Miss_Havishams,19,0.010497
Havishams,19,0.010497
Barnard,19,0.010497
sight,18,0.009945
frown,18,0.009945
nature,18,0.009945
anything,18,0.009945
boats,18,0.009945
daylight,18,0.009945
change,18,0.009945
aspirations,18,0.009945
axe,18,0.009945
scoundrels,18,0.009945
Accoucheur,18,0.009945
Policeman,18,0.009945
week,17,0.009392
Isn,17,0.009392
spirit,17,0.009392
sister_gave,17,0.009392
O,17,0.009392
creature,17,0.009392
maids,17,0.009392
collar,17,0.009392
Ophelia,17,0.009392
country,17,0.009392
Estella_drew,17,0.009392
beam,17,0.009392
heads,17,0.009392
soap,17,0.009392
Startop_tried,17,0.009392
Estella_took,17,0.009392
sister_looked,17,0.009392
conviction,17,0.009392
nurses,17,0.009392
seat,17,0.009392
defence,17,0.009392
days,17,0.009392
Lookee,17,0.009392
ghost_,17,0.009392
objects,17,0.009392
object,17,0.009392
Mr_Mr,17,0.009392
light,17,0.009392
sister_bringing,17,0.009392
students_used,17,0.009392
Whatsume,17,0.009392
speciality,16,0.00884
casts_,16,0.00884
sharpness,16,0.00884
counsellor,16,0.00884
lord,16,0.00884
stress_upon,16,0.00884
home,16,0.00884
accuracy,16,0.00884
recitals,16,0.00884
inquiry,16,0.00884
trust_observed,16,0.00884
knot,16,0.00884
spectators,16,0.00884
shirt,16,0.00884
oclock,16,0.00884
commotion,16,0.00884
meanness,16,0.00884
Prince_asked,16,0.00884
star_hanging,16,0.00884
ribbon,16,0.00884
water,16,0.00884
appliances,16,0.00884
fall,16,0.00884
ceiling,16,0.00884
Mill,16,0.00884
Pond,16,0.00884
Bank,16,0.00884
post_directing,16,0.00884
list_that,16,0.00884
Mrs_Whimple,16,0.00884
Whimple,16,0.00884
English,16,0.00884
D,16,0.00884
heading,16,0.00884
stranger_were,16,0.00884
gate,16,0.00884
perfumer,16,0.00884
shop,16,0.00884
Drummle_showed,16,0.00884
boarder,16,0.00884
selfdefence,16,0.00884
Belinda,16,0.00884
gardener,16,0.00884
whisperers,16,0.00884
state_,16,0.00884
Lord_forbid,16,0.00884
Startop_could,16,0.00884
Startop_arrived,16,0.00884
start_occasioned,16,0.00884
handkerchief,16,0.00884
jealousy,16,0.00884
creation,16,0.00884
job,16,0.00884
hospitality,16,0.00884
justice_showed,16,0.00884
standing_still,16,0.00884
form,16,0.00884
Revenge,16,0.00884
absence,16,0.00884
smith,16,0.00884
sister_found,16,0.00884
post_to,16,0.00884
Words,16,0.00884
subjects,16,0.00884
Thankee,16,0.00884
words,15,0.008287
night,15,0.008287
voice,15,0.008287
keeper,15,0.008287
whoever,15,0.008287
manner,14,0.007735
feelings,14,0.007735
clients,14,0.007735
things,14,0.007735
property,14,0.007735
delicacy,14,0.007735
gallery,14,0.007735
part,14,0.007735
Miss_Miss,14,0.007735
bridge,14,0.007735
yard,14,0.007735
money,13,0.007182
chamberlain,13,0.007182
smelter,13,0.007182
Theerfore,13,0.007182
theme,13,0.007182
tact,13,0.007182
kindness,13,0.007182
wit,13,0.007182
Drummle_looked,13,0.007182
Estella_gave,13,0.007182
Impostor_shook,13,0.007182
informer,13,0.007182
Goodness,13,0.007182
neighbor,13,0.007182
contempt,13,0.007182
tide,13,0.007182
monks,13,0.007182
admission,13,0.007182
Wolf,13,0.007182
visions,13,0.007182
ghost_recorded,13,0.007182
chap,12,0.00663
Lord_bless,12,0.00663
corner,12,0.00663
villain,12,0.00663
heels,11,0.006077
attempt,11,0.006077
resolution,11,0.006077
purpose,11,0.006077
figure,11,0.006077
legs,11,0.006077
Millers,11,0.006077
means,11,0.006077
everything,11,0.006077
dinner,11,0.006077
Sophia,11,0.006077
adviser,10,0.005525
tongue,10,0.005525
Mr_had,10,0.005525
companion,10,0.005525
event,10,0.005525
marsh,10,0.005525
hare,10,0.005525
course,10,0.005525
velvet,10,0.005525
sister_could,10,0.005525
neighbors,10,0.005525
sister_wanted,10,0.005525
mice,10,0.005525
turnpike,10,0.005525
narrative,10,0.005525
date,10,0.005525
hoops,10,0.005525
powder,10,0.005525
patches,10,0.005525
coats,10,0.005525
sleep,10,0.005525
mist_had,10,0.005525
Startop_had,10,0.005525
yourself,10,0.005525
authority,10,0.005525
sister_said,10,0.005525
advisers,10,0.005525
passage,10,0.005525
Cousin,10,0.005525
Estella_smiled,10,0.005525
gentility,10,0.005525
greatness,10,0.005525
musket,10,0.005525
Call,10,0.005525
mare,10,0.005525
police,10,0.005525
Roman,10,0.005525
shoulders,9,0.004972
stop_assured,9,0.004972
misgiving,9,0.004972
anybody,9,0.004972
winds,9,0.004972
teems,9,0.004972
ours,9,0.004972
self,9,0.004972
deputy,9,0.004972
books,9,0.004972
year,9,0.004972
tune,9,0.004972
cent,9,0.004972
opening,9,0.004972
attention,9,0.004972
account,9,0.004972
wealth,9,0.004972
something,9,0.004972
hatband,9,0.004972
remains,9,0.004972
sister_being,9,0.004972
point,9,0.004972
ceremony,9,0.004972
bearers,9,0.004972
housing,9,0.004972
border,9,0.004972
monster_with,9,0.004972
blundering,9,0.004972
guidance,9,0.004972
keepers,9,0.004972
postboy_and,9,0.004972
comrade,9,0.004972
Mr_Herbert,9,0.004972
dignity,9,0.004972
gait,9,0.004972
Young,9,0.004972
master_had,9,0.004972
stare_so,9,0.004972
Mr_,9,0.004972
consultation,9,0.004972
shoulder,9,0.004972
Drummle_leaned,9,0.004972
Skin,9,0.004972
stockings_off,9,0.004972
faithful,9,0.004972
Estella_pointed,9,0.004972
stockings_,9,0.004972
swords,9,0.004972
spite,9,0.004972
oseph,9,0.004972
goblin,9,0.004972
ox,9,0.004972
Green,9,0.004972
Copper,9,0.004972
Ropewalk,9,0.004972
vista_I,9,0.004972
moonlight,9,0.004972
alarm,9,0.004972
power,9,0.004972
objection,9,0.004972
lad,9,0.004972
circumstance_to,9,0.004972
hour,9,0.004972
fence,9,0.004972
standing_ajar,9,0.004972
obtuseness,9,0.004972
sister_might,9,0.004972
hypocrite,9,0.004972
themselves,9,0.004972
lap,9,0.004972
fox,9,0.004972
rope,9,0.004972
blows,9,0.004972
infant,9,0.004972
feet,9,0.004972
steersman_of,9,0.004972
good,9,0.004972
Tom,9,0.004972
Estella_to,9,0.004972
vapor,9,0.004972
boyhood,9,0.004972
Estella_face,9,0.004972
adversary,9,0.004972
Estella_should,9,0.004972
Moths,9,0.004972
sorts,9,0.004972
sultan,9,0.004972
mourning,9,0.004972
soot,9,0.004972
smoke,9,0.004972
powers,9,0.004972
effort,9,0.004972
justice_asked,9,0.004972
justice_could,9,0.004972
confectioner,9,0.004972
baker,9,0.004972
whose,9,0.004972
trade,9,0.004972
entrance,9,0.004972
Beggar,9,0.004972
figures,9,0.004972
Joeapologetically,9,0.004972
Tar,9,0.004972
visitors,9,0.004972
Constables_and,9,0.004972
Bow,9,0.004972
Street_men,9,0.004972
red,9,0.004972
street_stared,9,0.004972
arrangements,9,0.004972
sister_fixed,9,0.004972
Mrs_Mrs,9,0.004972
ghost_of,9,0.004972
Bargemenwot,9,0.004972
pint,9,0.004972
GOD,9,0.004972
throat,8,0.00442
soldier,8,0.00442
anchor,8,0.00442
candles,8,0.00442
master_,8,0.00442
sister_shook,8,0.00442
handles,8,0.00442
instrument_were,8,0.00442
advantage,8,0.00442
Pool,8,0.00442
port,8,0.00442
writer,8,0.00442
possession,8,0.00442
Estella_leaned,8,0.00442
flush,8,0.00442
MR,8,0.00442
Nothing,8,0.00442
sister_manifested,8,0.00442
chance,8,0.00442
sister_went,8,0.00442
arms,7,0.003867
nobody,7,0.003867
bell,7,0.003867
sister_s,7,0.003867
blood,6,0.003315
pair,6,0.003315
ghost_had,6,0.003315
Estella_opened,6,0.003315
remembrances,6,0.003315
nose,6,0.003315
Mr_Matthew,6,0.003315
messenger,6,0.003315
crowd,6,0.003315
rag,6,0.003315
lips,5,0.002762
danger,5,0.002762
dog,5,0.002762
uneasiness,5,0.002762
Stinger_,5,0.002762
loaf,5,0.002762
Joehad,5,0.002762
tinker,5,0.002762
Ain,5,0.002762
u,5,0.002762
idea,5,0.002762
builders,5,0.002762
writing,5,0.002762
community,5,0.002762
Mr_Hubble,5,0.002762
varnish,5,0.002762
observation,5,0.002762
rays,5,0.002762
Mr_Wopsledropped,5,0.002762
Wopsledropped,5,0.002762
share,5,0.002762
conductor,5,0.002762
bread,5,0.002762
church,5,0.002762
blow,5,0.002762
anchors,5,0.002762
duty,5,0.002762
darling,5,0.002762
rod,5,0.002762
damsel,5,0.002762
Mrs_Wemmick,5,0.002762
stranger_turned,5,0.002762
stranger_looked,5,0.002762
relief,5,0.002762
ones,5,0.002762
Georgiana,5,0.002762
Wife,5,0.002762
pressure,5,0.002762
cards,5,0.002762
festival_saw,5,0.002762
fathers,5,0.002762
divers,5,0.002762
cook,5,0.002762
terrors,5,0.002762
eggs,5,0.002762
Estella_stopped,5,0.002762
Estella_stood,5,0.002762
Estella_left,5,0.002762
beetles,5,0.002762
darkness,5,0.002762
show,5,0.002762
tone,5,0.002762
Startop_went,5,0.002762
sky,5,0.002762
Estella_laughed,5,0.002762
inaccessibility,5,0.002762
beauty,5,0.002762
Love,5,0.002762
glance,5,0.002762
Estella_favored,5,0.002762
lodgers,5,0.002762
military,5,0.002762
frocks,5,0.002762
end,5,0.002762
Estella_have,5,0.002762
visitor,5,0.002762
birds,5,0.002762
trust_to,4,0.00221
fish,4,0.00221
veil,4,0.00221
blasts_of,4,0.00221
rain,4,0.00221
diamond,4,0.00221
horses,4,0.00221
colonists_might,4,0.00221
club,4,0.00221
Drummle_shot,4,0.00221
Drummle_on,4,0.00221
Herbertprobably,4,0.00221
disadvantage,4,0.00221
Something,4,0.00221
Somebody,4,0.00221
Tickler,4,0.00221
sister_put,4,0.00221
whiskers,4,0.00221
beast_had,4,0.00221
sister_even,4,0.00221
holes,4,0.00221
unknown,4,0.00221
nod,4,0.00221
plan,4,0.00221
mark,4,0.00221
Summun,4,0.00221
branch,4,0.00221
East_which,4,0.00221
partnership,4,0.00221
capacity,4,0.00221
Morning,4,0.00221
miscreant,4,0.00221
outfit,4,0.00221
chicken,4,0.00221
eating,4,0.00221
More,4,0.00221
Capital,4,0.00221
mists_were,4,0.00221
Forasmuch,4,0.00221
thread,4,0.00221
weakness,4,0.00221
postboy_discharged,4,0.00221
couple,4,0.00221
sawpit,4,0.00221
funeral,4,0.00221
None,4,0.00221
Master_Alick,4,0.00221
trust_argue,4,0.00221
dustman_says,4,0.00221
washing,4,0.00221
snuffing,4,0.00221
locking,4,0.00221
Joealways,4,0.00221
Sundays,4,0.00221
master_again,4,0.00221
noodles,4,0.00221
rogues,4,0.00221
dunder,4,0.00221
Millwood,4,0.00221
Drummle_in,4,0.00221
Mr_Drummlewould,4,0.00221
Drummlewould_have,4,0.00221
Queen_of,4,0.00221
Denmark,4,0.00221
indignation,4,0.00221
fellows,4,0.00221
Prince_do,4,0.00221
Prince_recommended,4,0.00221
peals,4,0.00221
laughter,4,0.00221
joy,4,0.00221
employer,4,0.00221
decease,4,0.00221
intercourse,4,0.00221
Estella_did,4,0.00221
trees,4,0.00221
House,4,0.00221
charity,4,0.00221
mankind,4,0.00221
creditors,4,0.00221
torches,4,0.00221
yards,4,0.00221
breakers,4,0.00221
ground,4,0.00221
persists_,4,0.00221
animosity,4,0.00221
trial,4,0.00221
Sessions,4,0.00221
month,4,0.00221
combats,4,0.00221
students_students,4,0.00221
Mr_returned,4,0.00221
standing_who,4,0.00221
sister_has,4,0.00221
husband,4,0.00221
Drummle_is,4,0.00221
agency,4,0.00221
Lord_making,4,0.00221
pleasantry,4,0.00221
entertainer,4,0.00221
stairs_again,4,0.00221
Estella_told,4,0.00221
length,4,0.00221
encounter,4,0.00221
intellects,4,0.00221
right,4,0.00221
patronage,4,0.00221
friends,4,0.00221
liquors,4,0.00221
bore,4,0.00221
cradle,4,0.00221
outside,4,0.00221
midday,4,0.00221
Halloa,4,0.00221
shoot,4,0.00221
pallor,4,0.00221
turnkeys,4,0.00221
charge,4,0.00221
Mind,4,0.00221
sensation,4,0.00221
weather,4,0.00221
visage,4,0.00221
sympathy,4,0.00221
features,4,0.00221
Miss_was,4,0.00221
dryer,4,0.00221
poker,4,0.00221
knees,4,0.00221
stranger_stopped,4,0.00221
individual,4,0.00221
purse,4,0.00221
instructions_to,4,0.00221
cattle,4,0.00221
Sunderland,4,0.00221
tidebegan,4,0.00221
craft,4,0.00221
steamer_were,4,0.00221
steersman_held,4,0.00221
Estella_looking,4,0.00221
rooks,4,0.00221
matters,4,0.00221
desolation,4,0.00221
glass,4,0.00221
creditor,4,0.00221
His,4,0.00221
Majesty_s,4,0.00221
service,4,0.00221
Estella_slapped,4,0.00221
junction,4,0.00221
walls,4,0.00221
thankee,4,0.00221
furnace,4,0.00221
exclusion,4,0.00221
substitution_of,4,0.00221
while,4,0.00221
ghost_said,4,0.00221
lantern,4,0.00221
moments,4,0.00221
allusion,4,0.00221
intervention,4,0.00221
Estella_treated,4,0.00221
Estella_not,4,0.00221
Estella_withered,4,0.00221
Estella_turned,4,0.00221
Estella_tears,4,0.00221
Miss_,4,0.00221
injury,4,0.00221
Somersetshire,4,0.00221
These,4,0.00221
haven,4,0.00221
discourse,4,0.00221
cork,4,0.00221
Stinger_must,4,0.00221
perversion,4,0.00221
Estella_graceful,4,0.00221
Estella_beautiful,4,0.00221
Finch,4,0.00221
Mrs_Blandley,4,0.00221
Blandley,4,0.00221
tunnel,4,0.00221
conquest_in,4,0.00221
conquest_place,4,0.00221
square,4,0.00221
pie,4,0.00221
Anybody,4,0.00221
use,4,0.00221
Hulks,4,0.00221
escape,4,0.00221
Hulk,4,0.00221
harrow,4,0.00221
equipage,4,0.00221
houses,4,0.00221
bystander_said,4,0.00221
Cag,4,0.00221
Maggerth,4,0.00221
Robin,4,0.00221
influence,4,0.00221
rest_of,4,0.00221
meat,4,0.00221
Estella_rejoiced,4,0.00221
drawer,4,0.00221
oracle,4,0.00221
sister_do,4,0.00221
attendance,4,0.00221
acquaintance,4,0.00221
Parent,4,0.00221
state_my,4,0.00221
sister_should,4,0.00221
diner,4,0.00221
First_knowed,4,0.00221
laundress,4,0.00221
destiny_always,4,0.00221
dustpan_had,4,0.00221
Church,4,0.00221
forehead,4,0.00221
Swine,4,0.00221
ties,4,0.00221
weaknesses,4,0.00221
meannesses,4,0.00221
nest_with,4,0.00221
Provincial,4,0.00221
Amateur,4,0.00221
Roscian,4,0.00221
renown,4,0.00221
performance,4,0.00221
walk,4,0.00221
National,4,0.00221
Bard,4,0.00221
proposal,4,0.00221
Everybody,3,0.001657
morrow,3,0.001657
look,3,0.001657
paper,3,0.001657
sister_were,3,0.001657
chin,3,0.001657
stairs_,3,0.001657
base,3,0.001657
well,3,0.001657
Estella_has,3,0.001657
Estella_saw,3,0.001657
pence,3,0.001657
furniture,3,0.001657
whitlow,3,0.001657
em,3,0.001657
porter,3,0.001657
piece,3,0.001657
chimney,3,0.001657
master_swung,3,0.001657
hearth,3,0.001657
stool_that,3,0.001657
representations,2,0.001105
fugitive,2,0.001105
safety,2,0.001105
reason,2,0.001105
spawn,2,0.001105
death,2,0.001105
branches,2,0.001105
firm,2,0.001105
difficulty,2,0.001105
Drat_that,2,0.001105
People,2,0.001105
wall,2,0.001105
widow,2,0.001105
bit,2,0.001105
relation,2,0.001105
affairs,2,0.001105
post_,2,0.001105
names,2,0.001105
forge,2,0.001105
disclosure,2,0.001105
Co,2,0.001105
action,2,0.001105
wot,2,0.001105
pride,2,0.001105
passages,2,0.001105
neighborhood,2,0.001105
sort,2,0.001105
contemplation,2,0.001105
conscience,2,0.001105
silence,2,0.001105
Drummle_pretended,2,0.001105
expectations,2,0.001105
Satis,2,0.001105
illness,2,0.001105
holiday,2,0.001105
bed,2,0.001105
Nobody,2,0.001105
thing,2,0.001105
clocks,2,0.001105
graves,2,0.001105
Jolly,2,0.001105
Bargemen,2,0.001105
Herbertunconsciously,2,0.001105
dogs,2,0.001105
ring,2,0.001105
Startop_took,2,0.001105
Startop_was,2,0.001105
Pa,2,0.001105
crew,2,0.001105
floor,2,0.001105
porch,2,0.001105
collier,2,0.001105
set,2,0.001105
meal,2,0.001105
shoes,2,0.001105
sitters,2,0.001105
fear,2,0.001105
Estella_shook,2,0.001105
Portsmouth,2,0.001105
shock,2,0.001105
Estella_locked,2,0.001105
Estella_and,2,0.001105
generations,2,0.001105
detestation_of,2,0.001105
hearths,2,0.001105
Estella_walking,2,0.001105
Estella_meant,2,0.001105
museum,2,0.001105
Estella_call,2,0.001105
Estella_touched,2,0.001105
Mr_Barnard,2,0.001105
basket,2,0.001105
Mithter,2,0.001105
flower,2,0.001105
seeds,2,0.001105
bulbs,2,0.001105
neck,2,0.001105
John,2,0.001105
bag,2,0.001105
casts_on,2,0.001105
shelf,2,0.001105
IJoe,2,0.001105
guests_not,2,0.001105
weight,2,0.001105
feathers,2,0.001105
poising,1,0.000552
passion,1,0.000552
net,1,0.000552
sake,1,0.000552
Business,1,0.000552
arter,1,0.000552
singularity,1,0.000552
warmint,1,0.000552
lodgings,1,0.000552
languages,1,0.000552
admiration,1,0.000552
affection,1,0.000552
repugnance,1,0.000552
littlenesses,1,0.000552
feature,1,0.000552
disheartening,1,0.000552
Walworth,1,0.000552
researches,1,0.000552
loss,1,0.000552
appetite,1,0.000552
disturbance_,1,0.000552
Conscience,1,0.000552
sister_didn,1,0.000552
pirate,1,0.000552
back,1,0.000552
casts_with,1,0.000552
leer,1,0.000552
rascal,1,0.000552
sense,1,0.000552
taste_in,1,0.000552
brooches,1,0.000552
Traveller,1,0.000552
Rest_,1,0.000552
lot,1,0.000552
taturs,1,0.000552
penny,1,0.000552
appearances,1,0.000552
Lord_smash,1,0.000552
steamer_that,1,0.000552
afternoon,1,0.000552
streets_,1,0.000552
reference,1,0.000552
accident,1,0.000552
clock,1,0.000552
sternness_,1,0.000552
Mr_kick,1,0.000552
notion,1,0.000552
High,1,0.000552
Street_,1,0.000552
tradesman,1,0.000552
hearts,1,0.000552
Pocketcould,1,0.000552
failures,1,0.000552
journeys,1,0.000552
whispering,1,0.000552
block,1,0.000552
relations,1,0.000552
castles_must,1,0.000552
music,1,0.000552
ears,1,0.000552
Joeinnocent,1,0.000552
remonstrance_with,1,0.000552
sister_in,1,0.000552
sister_chair,1,0.000552
sister_did,1,0.000552
grief,1,0.000552
vainglorious,1,0.000552
procession,1,0.000552
sister_never,1,0.000552
store_for,1,0.000552
knuckles,1,0.000552
bears,1,0.000552
Lord_Mayor,1,0.000552
Mayor,1,0.000552
body,1,0.000552
debts,1,0.000552
madness,1,0.000552
grain,1,0.000552
fatherhas,1,0.000552
magnificence,1,0.000552
transactions,1,0.000552
summary,1,0.000552
industry_beamed,1,0.000552
yah,1,0.000552
fowl,1,0.000552
captor,1,0.000552
yelping,1,0.000552
Fortune,1,0.000552
nursing,1,0.000552
meetings,1,0.000552
link,1,0.000552
association,1,0.000552
Deuce,1,0.000552
Estavisham_,1,0.000552
trip,1,0.000552
Devil,1,0.000552
master_refusing,1,0.000552
master_were,1,0.000552
sister_into,1,0.000552
clap,1,0.000552
scream,1,0.000552
stage_,1,0.000552
straightway_singed,1,0.000552
lamp,1,0.000552
boom,1,0.000552
Orlicksometimes,1,0.000552
Clem,1,0.000552
bystanders_saw,1,0.000552
expedition,1,0.000552
matter,1,0.000552
coffee,1,0.000552
pickles,1,0.000552
sauces,1,0.000552
gravy,1,0.000552
Queen_had,1,0.000552
Prince_had,1,0.000552
inclining,1,0.000552
opinions,1,0.000552
turn,1,0.000552
Prince_taking,1,0.000552
player,1,0.000552
skull,1,0.000552
discovery,1,0.000552
circumstances_of,1,0.000552
Drama_has,1,0.000552
owner,1,0.000552
Estella_summoning,1,0.000552
Estella_reverting,1,0.000552
butter,1,0.000552
quantity,1,0.000552
parsley,1,0.000552
proof,1,0.000552
impressions,1,0.000552
fireplace,1,0.000552
bits,1,0.000552
urn,1,0.000552
burden,1,0.000552
task,1,0.000552
cherry,1,0.000552
lover,1,0.000552
lodging,1,0.000552
accommodation,1,0.000552
Boarcould,1,0.000552
stranger_who,1,0.000552
auctioneer,1,0.000552
adventure,1,0.000552
clemency,1,0.000552
cause,1,0.000552
virtue,1,0.000552
Josephwill,1,0.000552
mistake_Joseph,1,0.000552
return,1,0.000552
roundabout,1,0.000552
lane,1,0.000552
stakes_that,1,0.000552
clink,1,0.000552
breathing,1,0.000552
beast_upon,1,0.000552
mist_shake,1,0.000552
haymaking,1,0.000552
rakes,1,0.000552
gout,1,0.000552
truculent,1,0.000552
Ogre,1,0.000552
Papa,1,0.000552
flounder,1,0.000552
scheme,1,0.000552
rail,1,0.000552
bedside,1,0.000552
persons,1,0.000552
witness,1,0.000552
fishing,1,0.000552
kid,1,0.000552
heedful,1,0.000552
future,1,0.000552
stopping_of,1,0.000552
Daylight,1,0.000552
ways,1,0.000552
stratagem_and,1,0.000552
attack,1,0.000552
wits,1,0.000552
girls,1,0.000552
spelling,1,0.000552
evening,1,0.000552
Rum,1,0.000552
Three,1,0.000552
sistersealed_he,1,0.000552
Anyhow,1,0.000552
wretch,1,0.000552
Assuredly,1,0.000552
sister_instantly,1,0.000552
Estella_waved,1,0.000552
subject,1,0.000552
gratification,1,0.000552
penitence,1,0.000552
veal,1,0.000552
cutlets,1,0.000552
fool,1,0.000552
elevation,1,0.000552
stone_was,1,0.000552
memory,1,0.000552
Parish,1,0.000552
Above,1,0.000552
wedding,1,0.000552
space,1,0.000552
moon,1,0.000552
faces,1,0.000552
rise,1,0.000552
Witches,1,0.000552
caldron,1,0.000552
Drummle_object,1,0.000552
Drummle_were,1,0.000552
Drummle_despised,1,0.000552
teller,1,0.000552
custom_to,1,0.000552
sketch,1,0.000552
arrow,1,0.000552
direction,1,0.000552
sister_leading,1,0.000552
pattens,1,0.000552
shawl,1,0.000552
umbrella,1,0.000552
Cleopatra,1,0.000552
Rampage,1,0.000552
sister_bounced,1,0.000552
sister_having,1,0.000552
sister_give,1,0.000552
basest_of,1,0.000552
swindlers,1,0.000552
elbow,1,0.000552
festival_wouldn,1,0.000552
question_had,1,0.000552
forelock,1,0.000552
blades,1,0.000552
officers,1,0.000552
discussion,1,0.000552
Drummle_respecting,1,0.000552
baronetcies,1,0.000552
artifices,1,0.000552
Mamma,1,0.000552
Drummle_and,1,0.000552
allies,1,0.000552
client,1,0.000552
taint,1,0.000552
crime,1,0.000552
coin,1,0.000552
indecision,1,0.000552
Mercenary,1,0.000552
poultice,1,0.000552
yarn,1,0.000552
hearthstone_,1,0.000552
slime,1,0.000552
Noah,1,0.000552
Ark,1,0.000552
apprehension,1,0.000552
recognition,1,0.000552
Law,1,0.000552
band,1,0.000552
mercenaries,1,0.000552
shutters,1,0.000552
ditty,1,0.000552
strain_made,1,0.000552
surroundings,1,0.000552
inventions,1,0.000552
sister_spoke,1,0.000552
cleaning,1,0.000552
confirmatory,1,0.000552
murmur,1,0.000552
question_,1,0.000552
stranger_did,1,0.000552
brothers,1,0.000552
brambles,1,0.000552
HavishamHavisham,1,0.000552
Ay,1,0.000552
term,1,0.000552
entreating,1,0.000552
fingers,1,0.000552
agony,1,0.000552
necessaries,1,0.000552
cables,1,0.000552
Johns,1,0.000552
stroke_carried,1,0.000552
oarsmen,1,0.000552
smoking,1,0.000552
bacon,1,0.000552
relics,1,0.000552
seaman,1,0.000552
Jackthe,1,0.000552
dialogue,1,0.000552
Startop_to,1,0.000552
Meantime,1,0.000552
lines,1,0.000552
order,1,0.000552
dozen,1,0.000552
grimiest_and,1,0.000552
story_has,1,0.000552
Estella_herself,1,0.000552
morning,1,0.000552
population,1,0.000552
number,1,0.000552
census,1,0.000552
Swab,1,0.000552
phosphoric,1,0.000552
curtain,1,0.000552
fringe,1,0.000552
manufacture,1,0.000552
thunderbolts,1,0.000552
cowardice,1,0.000552
master_came,1,0.000552
choice,1,0.000552
chill,1,0.000552
manager,1,0.000552
Estella_joined,1,0.000552
Mercy,1,0.000552
ringing,1,0.000552
cry,1,0.000552
Estella_asked,1,0.000552
smelt,1,0.000552
Estella_indicated,1,0.000552
stranger_would,1,0.000552
breast_,1,0.000552
beast_,1,0.000552
speech,1,0.000552
shouldn,1,0.000552
instant_blinding,1,0.000552
hurt,1,0.000552
Startop_whom,1,0.000552
street_on,1,0.000552
Boy,1,0.000552
bridges,1,0.000552
top,1,0.000552
touch,1,0.000552
burning,1,0.000552
spires,1,0.000552
brass,1,0.000552
stock_over,1,0.000552
Estella_lured,1,0.000552
vehemence,1,0.000552
Nation,1,0.000552
discharge,1,0.000552
unquiet,1,0.000552
numbers,1,0.000552
Estella_Miss,1,0.000552
Estella_gradually,1,0.000552
Mother,1,0.000552
adoption,1,0.000552
gratitude,1,0.000552
Estella_speaks,1,0.000552
Estella_sitting,1,0.000552
tatters,1,0.000552
banners,1,0.000552
cathedrals,1,0.000552
streaks_of,1,0.000552
footstep_,1,0.000552
forasmuch,1,0.000552
Drummle_knew,1,0.000552
honor,1,0.000552
warmth,1,0.000552
Drummle_allowed,1,0.000552
Estella_help,1,0.000552
chisel,1,0.000552
announcement,1,0.000552
establishment_to,1,0.000552
hotel,1,0.000552
retirement,1,0.000552
flight,1,0.000552
sawdust_,1,0.000552
doors,1,0.000552
hasn,1,0.000552
interest_of,1,0.000552
pursuit,1,0.000552
bellows,1,0.000552
stragglers_from,1,0.000552
signal,1,0.000552
Bear,1,0.000552
flats,1,0.000552
lieu,1,0.000552
intention,1,0.000552
chains,1,0.000552
breeches,1,0.000552
dust_and,1,0.000552
grit,1,0.000552
testimonies_to,1,0.000552
popularity,1,0.000552
threat,1,0.000552
Habraham,1,0.000552
Latharuth,1,0.000552
h,1,0.000552
thide,1,0.000552
thuperior,1,0.000552
prithe,1,0.000552
Jaggerth,1,0.000552
scoundrel,1,0.000552
setting,1,0.000552
doorsteps_round,1,0.000552
cries,1,0.000552
running,1,0.000552
height,1,0.000552
bent,1,0.000552
deed,1,0.000552
watchmaker,1,0.000552
smock,1,0.000552
milk,1,0.000552
conductress,1,0.000552
Enough,1,0.000552
Manor,1,0.000552
view,1,0.000552
skeleton,1,0.000552
reader,1,0.000552
circumstances_,1,0.000552
Estella_dealt,1,0.000552
accessories,1,0.000552
existence_whosoever,1,0.000552
whosoever,1,0.000552
sister_no,1,0.000552
pole,1,0.000552
pigeons,1,0.000552
youth,1,0.000552
Educational,1,0.000552
Institution_,1,0.000552
Jo,1,0.000552
wigor,1,0.000552
hammer,1,0.000552
anwil,1,0.000552
schooling,1,0.000552
biling,1,0.000552
pot,1,0.000552
C,1,0.000552
onsequence,1,0.000552
folks,1,0.000552
mustn_t,1,0.000552
act,1,0.000552
sister_wants,1,0.000552
sister_come,1,0.000552
sister_knew,1,0.000552
errors,1,0.000552
land,1,0.000552
Judgment,1,0.000552
audience,1,0.000552
fireside,1,0.000552
click,1,0.000552
island,1,0.000552
Ecod,1,0.000552
infirmity,1,0.000552
porcelain,1,0.000552
brother,1,0.000552
evidence,1,0.000552
sister_clutched,1,0.000552
sister_stood,1,0.000552
sister_saw,1,0.000552
wreck,1,0.000552
sister_particularly,1,0.000552
sign,1,0.000552
ear,1,0.000552
result,1,0.000552
sister_showed,1,0.000552
circumstances_taken,1,0.000552
staircase_and,1,0.000552
jerk,1,0.000552
aversion,1,0.000552
Others,1,0.000552
colonist_of,1,0.000552
Purvis,1,0.000552
horn,1,0.000552
consideration,1,0.000552
ghost_could,1,0.000552
addition,1,0.000552
horrors,1,0.000552
footstep_on,1,0.000552
staircase_,1,0.000552
Herbertstood_staring,1,0.000552
Lord_strike,1,0.000552
amazement,1,0.000552
Ye,1,0.000552
pig,1,0.000552
living,1,0.000552
goads,1,0.000552
butcher,1,0.000552
brandy,1,0.000552
post_on,1,0.000552
Thank,1,0.000552
Ceptin,1,0.000552
playacting,1,0.000552
likeways,1,0.000552
nest_under,1,0.000552
spot,1,0.000552
architecture,1,0.000552
leastways_begin,1,0.000552
partings,1,0.000552
