Allworthy,17743,7.221614
Partridge,12953,5.272026
Tom,10571,4.302524
Fellow,9929,4.041222
it,4164,1.694798
Jenny,4052,1.649213
Sophia,3357,1.366339
I,3250,1.322789
Molly,3209,1.306102
Wife,2944,1.198243
Person,2404,0.978457
Day,2386,0.971131
Blifil,2288,0.931243
Man,2027,0.825013
Bridget,1761,0.716748
House,1722,0.700875
Gentleman,1660,0.67564
we,1634,0.665058
Matter,1522,0.619472
po,1470,0.598308
Deborah,1352,0.55028
Squire,1343,0.546617
Mr_Blifil,1225,0.49859
Thwackum,1106,0.450155
Mrs_Bridget,1106,0.450155
Arrival,1096,0.446085
Peace,1090,0.443643
Messenger,1084,0.441201
Reader,1076,0.437945
Determination,1071,0.43591
Journey,1058,0.430619
Men,951,0.387068
Father,930,0.378521
Child,819,0.333343
me,801,0.326017
World,740,0.301189
Brother,730,0.297119
Honor,721,0.293456
Life,701,0.285315
Daughter,684,0.278396
Gift,679,0.276361
Love,667,0.271477
Miss_Bridget,655,0.266593
Conversation,630,0.256418
himself,618,0.251533
Persons,599,0.2438
nothing,585,0.238102
Woman,568,0.231183
Poor,565,0.229962
Time,542,0.220601
Occasion,537,0.218565
Favor,535,0.217751
Mr_Western,514,0.209204
Virtue,514,0.209204
This,486,0.197808
Youth,483,0.196587
Manner,481,0.195773
Years,468,0.190482
Word,460,0.187226
Readers,449,0.182748
Fortune,436,0.177457
Game,428,0.174201
Mother,420,0.170945
Defense,420,0.170945
Family,419,0.170538
Age,419,0.170538
Witnesses,416,0.169317
Opportunity,415,0.16891
Magistrate_in,412,0.167689
Master_,411,0.167282
Mind,409,0.166468
Husband,408,0.166061
Lady_,406,0.165247
Children,405,0.16484
Latin,405,0.16484
Heart,394,0.160363
Affection,390,0.158735
Mrs_Blifil,383,0.155886
Nature,382,0.155479
Opinion,382,0.155479
Wilkins,379,0.154258
George,376,0.153037
Head,372,0.151408
Truth,370,0.150594
Laws,369,0.150187
Boy,369,0.150187
keeper,365,0.148559
Feathres,365,0.148559
Scholar,364,0.148152
Square,361,0.146931
Skill,361,0.146931
Use,359,0.146117
Example,356,0.144896
Eyes,354,0.144082
Danger,354,0.144082
Sister_,354,0.144082
Friendship,343,0.139605
Mrs_Wilkins,343,0.139605
Folly,340,0.138384
Ladies,339,0.137977
Goodnature,336,0.136756
Kind,331,0.134721
Quality,327,0.133093
Language,323,0.131465
Girl,321,0.130651
Behavior,320,0.130244
Bishop,318,0.12943
others,315,0.128209
Place,312,0.126988
Reason,306,0.124546
Character,302,0.122918
us,298,0.12129
Sincerity,295,0.120069
Subjects,295,0.120069
Happiness,293,0.119255
Black,287,0.116812
Power,284,0.115591
Hands,283,0.115184
Face,278,0.113149
Critics,276,0.112335
Religion,276,0.112335
Friend,273,0.111114
Object,272,0.110707
Consequence,272,0.110707
one,265,0.107858
Western_,263,0.107044
Passion,260,0.105823
Things,258,0.105009
Frederick,258,0.105009
kind,256,0.104195
Women,254,0.103381
Animal,254,0.103381
Part,253,0.102974
La,253,0.102974
hip,253,0.102974
Moment,253,0.102974
Temper,249,0.101346
Will,248,0.100939
Consideration,245,0.099718
Western_s,244,0.099311
Thoughts,239,0.097276
Account,232,0.094427
Orders,232,0.094427
Compassion,230,0.093613
Lover,230,0.093613
People,229,0.093206
Merit,228,0.092799
Means,228,0.092799
Tears,227,0.092392
Confession,227,0.092392
Purpose,225,0.091578
Charity,224,0.091171
jure,224,0.091171
divino,224,0.091171
Tyrant,224,0.091171
Stage_,223,0.090764
Law,223,0.090764
Blood,222,0.090357
Antagonist_,221,0.08995
Foundling,220,0.089543
Misery,217,0.088322
Charms,216,0.087915
Bosom,215,0.087508
Right,211,0.08588
Course,209,0.085066
Divine,209,0.085066
Paper,209,0.085066
Company,207,0.084251
Bed,207,0.084251
Parson,206,0.083844
Gown,206,0.083844
Master_Blifil,205,0.083437
Advantage,204,0.08303
Servant,203,0.082623
Rage,203,0.082623
Pleasure,202,0.082216
Pride,201,0.081809
Bone,201,0.081809
Expectation,201,0.081809
Fear,198,0.080588
Morning,197,0.080181
Goodness,197,0.080181
Beauty,197,0.080181
Way,196,0.079774
Conduct,193,0.078553
Secret,191,0.077739
Severity,191,0.077739
Ornament,191,0.077739
Sister_Person,191,0.077739
Disposition,190,0.077332
Hair,190,0.077332
Infidels,189,0.076925
Seagrim,188,0.076518
Hero,188,0.076518
manifold,188,0.076518
Rule,187,0.076111
Trunk,186,0.075704
Resolution,184,0.07489
Heaven,184,0.07489
Delight,183,0.074483
Horse,183,0.074483
Philosopher,183,0.074483
thing,182,0.074076
tender,182,0.074076
Contempt,182,0.074076
Mob,181,0.073669
Satisfaction,180,0.073262
herself,178,0.072448
Months,177,0.072041
Generosity,176,0.071634
none,176,0.071634
Kiss,175,0.071227
Hand,172,0.070006
Aunt,172,0.070006
Present,172,0.070006
Shoulders,172,0.070006
Heretics,171,0.069599
Detail,171,0.069599
Historian_employs,171,0.069599
Aeras,171,0.069599
Scenes,171,0.069599
Ruin,168,0.068378
Art,168,0.068378
Return,167,0.067971
Justice_,167,0.067971
Words,167,0.067971
The,167,0.067971
Books,166,0.067564
Sister_thanked,166,0.067564
Price,165,0.067157
He,165,0.067157
Worship,164,0.06675
whole,164,0.06675
Fact,164,0.06675
Authority,162,0.065936
Relation,162,0.065936
Grief,162,0.065936
Historian_obliged,162,0.065936
Injury,161,0.065529
Rug,160,0.065122
Motives,160,0.065122
Case,159,0.064715
Flora,159,0.064715
Horsewhipping,159,0.064715
Discovery,158,0.064308
Infant,158,0.064308
Sickness,157,0.063901
base,156,0.063494
Motive,156,0.063494
something,155,0.063087
Sense,154,0.06268
Method,153,0.062273
Captain_,153,0.062273
means,153,0.062273
Business,152,0.061866
TOM,152,0.061866
JONES,152,0.061866
Foundation,152,0.061866
Passions,152,0.061866
Sentiments,151,0.061459
Sister_had,151,0.061459
Pain,150,0.061052
Ease,150,0.061052
Breasts_,150,0.061052
Cause,149,0.060645
Favors,148,0.060238
Thing,147,0.059831
Neighbors,147,0.059831
Bottom,147,0.059831
Room,146,0.059424
Heir,146,0.059424
Box,146,0.059424
Mr_Thwackum,145,0.059017
Inclinations,145,0.059017
History_,145,0.059017
Money,144,0.05861
Sister_Mr,144,0.05861
Clemency,144,0.05861
Vice,143,0.058203
Arms,142,0.057796
Learning,142,0.057796
Patience,142,0.057796
Bird,141,0.057389
Mouse,140,0.056982
Lightning,140,0.056982
Prey,140,0.056982
wrath,140,0.056982
scratches,140,0.056982
Book,139,0.056575
Desire,139,0.056575
order,138,0.056168
Regard,138,0.056168
time,136,0.055354
Lad,135,0.054947
Genius,135,0.054947
Season,133,0.054133
Eye,133,0.054133
Loss,133,0.054133
Understanding_,133,0.054133
Matron,133,0.054133
Son,131,0.053319
Advice,131,0.053319
Name,131,0.053319
Panegyricks,130,0.052912
Instructors_were,130,0.052912
Maidservant,130,0.052912
Lady_in,129,0.052505
Nephew,129,0.052505
Profanation,129,0.052505
Pursuit,127,0.051691
Alliance,127,0.051691
Bitterness,125,0.050877
Fellows,124,0.050469
Slaves,124,0.050469
Bark,124,0.050469
Matters,122,0.049655
Hopes,122,0.049655
Ground,122,0.049655
Commodity,122,0.049655
Principle,122,0.049655
Hearts,119,0.048434
Distresses_of,118,0.048027
Declaration,118,0.048027
whose,118,0.048027
Importance,118,0.048027
Marriages,118,0.048027
Evening,117,0.04762
Chapter,116,0.047213
Field,116,0.047213
Anger,116,0.047213
Doubt,115,0.046806
Compliance,115,0.046806
Guardian,115,0.046806
Angels,115,0.046806
End,114,0.046399
Tenderness,114,0.046399
England,114,0.046399
Bounds,114,0.046399
Blows,114,0.046399
Recovery,114,0.046399
Tommy,113,0.045992
Slut,113,0.045992
endeavor,112,0.045585
Giant,112,0.045585
News,110,0.044771
Country_,109,0.044364
Affections,109,0.044364
Servants,109,0.044364
Wrath,109,0.044364
Spirit,108,0.043957
Hint,108,0.043957
Effect,107,0.04355
Light,107,0.04355
Liberty,107,0.04355
Ceremony,107,0.04355
Circumstances_,107,0.04355
Schoolmaster_,107,0.04355
Sides,107,0.04355
Writer,107,0.04355
Manor,106,0.043143
Instance_,106,0.043143
Evidence,106,0.043143
times,106,0.043143
Avarice,105,0.042736
Arm,105,0.042736
present,105,0.042736
School,105,0.042736
Fondness,105,0.042736
Success,104,0.042329
Innocence,104,0.042329
Marriage,104,0.042329
Sun,104,0.042329
set,104,0.042329
Letter,103,0.041922
Teeth,103,0.041922
cruelty,103,0.041922
Institutions_,103,0.041922
Service,102,0.041515
Match,102,0.041515
Concern,101,0.041108
Punishment,100,0.040701
reading,100,0.040701
Mercy,100,0.040701
Disobedience,100,0.040701
Absence,99,0.040294
Lady_s,99,0.040294
part,99,0.040294
Mistress_,99,0.040294
Action,99,0.040294
Doctrine,98,0.039887
Reputation,98,0.039887
Afternoon,98,0.039887
Sexes,98,0.039887
Antagonist_Arms,98,0.039887
Wench,97,0.03948
Doors,97,0.03948
Encouragement,97,0.03948
Hospitality,96,0.039073
Kindness,96,0.039073
Errors,96,0.039073
Antagonist_might,96,0.039073
Possession,95,0.038666
Numbers,95,0.038666
Antagonist_Rage,95,0.038666
Superiors,94,0.038259
Writers,94,0.038259
Lady_of,93,0.037852
Coolness,92,0.037445
Miss_Sophia,92,0.037445
Methods,92,0.037445
Historian_,92,0.037445
Regularity,92,0.037445
Historian_Series,92,0.037445
Series,92,0.037445
Fate,91,0.037038
Respect,91,0.037038
Effects,91,0.037038
Assurance,91,0.037038
Parts,91,0.037038
Idea,90,0.036631
Mr_Mr,90,0.036631
Muff,90,0.036631
Repentance,90,0.036631
Minds,90,0.036631
Shakespeare,90,0.036631
phrases,90,0.036631
Hall,89,0.036224
Maid,89,0.036224
Quack,89,0.036224
Creature,89,0.036224
Breast_,89,0.036224
Integrity,89,0.036224
Pation,88,0.035817
Union,88,0.035817
Resignation,88,0.035817
Blow,88,0.035817
Hole,88,0.035817
Thought,87,0.03541
Eloquence,87,0.03541
Fire,87,0.03541
Pedagogue,87,0.03541
Poet,87,0.03541
Doctor_,87,0.03541
Death,86,0.035003
Captain_Blifil,86,0.035003
Creatures,86,0.035003
Lash,86,0.035003
Antagonist_abated,86,0.035003
Antagonist_Cap,86,0.035003
Cap,86,0.035003
Struggle_,86,0.035003
Antagonist_Hair,86,0.035003
Antagonist_Shoulders,86,0.035003
Antagonist_Head,86,0.035003
Antagonist_Stays,86,0.035003
Antagonist_Breasts,86,0.035003
Antagonist_middle,86,0.035003
middle,86,0.035003
Antagonist_Teeth,86,0.035003
sparkles,86,0.035003
Smith,86,0.035003
Forge,86,0.035003
Antagonist_Eyes,86,0.035003
Author,85,0.034596
Speech,85,0.034596
Ears,85,0.034596
Affairs,85,0.034596
Heads,85,0.034596
themselves,84,0.034189
Scene,84,0.034189
indiscreet,84,0.034189
Interest_,84,0.034189
Horsewhip,84,0.034189
Conscience,83,0.033782
Sir_Simon,83,0.033782
Simon,83,0.033782
Lips,83,0.033782
Degree,83,0.033782
Pictures,82,0.033375
Politics,81,0.032968
Judgment,81,0.032968
Knowledge,81,0.032968
Want,81,0.032968
Perfection,81,0.032968
Behalf,81,0.032968
Disquietude,81,0.032968
Battle,80,0.032561
B,80,0.032561
reality,80,0.032561
Assurances,80,0.032561
Occasions,80,0.032561
Moralists_,80,0.032561
Moralists_had,80,0.032561
uff,80,0.032561
no,80,0.032561
regard,80,0.032561
Revolutions,80,0.032561
Countries_,80,0.032561
Knees,79,0.032154
Air,79,0.032154
Persuasions,79,0.032154
Force,78,0.031747
University,78,0.031747
Guilt,78,0.031747
body,78,0.031747
Consequences,78,0.031747
Envy,78,0.031747
Wretch,78,0.031747
Stupidity_,78,0.031747
Sensation,77,0.03134
Attention,77,0.03134
Promise,77,0.03134
Christian_,77,0.03134
care,77,0.03134
Commands,76,0.030933
Water,76,0.030933
Neck,76,0.030933
Opinions,76,0.030933
Particulars,76,0.030933
Barnes,75,0.030526
Crime,75,0.030526
Morals,75,0.030526
Presence,75,0.030526
Impression,74,0.030119
Shame,74,0.030119
contrary,74,0.030119
Surprise,74,0.030119
properer,74,0.030119
Lesson,73,0.029712
Parents,73,0.029712
Proceeding,73,0.029712
Judges,73,0.029712
Betty,73,0.029712
Magistrate_my,73,0.029712
Sweets,73,0.029712
Care,72,0.029305
Chains,72,0.029305
Expense,72,0.029305
Master_suffering,72,0.029305
justice_to,72,0.029305
Dinner,71,0.028898
Countenances_,71,0.028898
Cement,71,0.028898
Suspicion,70,0.028491
Apprehension,70,0.028491
Obedience,70,0.028491
Lord_Mayor,70,0.028491
Mayor,70,0.028491
hazard,70,0.028491
Institution_into,70,0.028491
sacrifice,70,0.028491
Lust_,70,0.028491
Matches,70,0.028491
Injuries,70,0.028491
Assistance_,69,0.028084
Difference,69,0.028084
Assent,69,0.028084
Courtship,69,0.028084
Lads,69,0.028084
m,69,0.028084
Tongue,68,0.027677
Writing,68,0.027677
Sleep,68,0.027677
Answer,68,0.027677
Fever,68,0.027677
Period,68,0.027677
Parent,67,0.02727
Benevolence,67,0.02727
Inspiration,67,0.02727
Deputation,67,0.02727
length,66,0.026863
Fortitude,66,0.026863
Choice,66,0.026863
Vanity,66,0.026863
Gentlemen,66,0.026863
yourself,66,0.026863
Terms,66,0.026863
Complaisance,66,0.026863
Quickness,66,0.026863
Turn,65,0.026456
Critic,65,0.026456
Humor,65,0.026456
Resentment,65,0.026456
Hope,65,0.026456
Reality,65,0.026456
manner,65,0.026456
use,65,0.026456
Homage,65,0.026456
Mischief,64,0.026049
T,64,0.026049
Music,64,0.026049
Physician,64,0.026049
Disquiet,64,0.026049
leisure,64,0.026049
Hour,64,0.026049
Scholars,64,0.026049
Mrs_Mrs,63,0.025642
Sex,63,0.025642
Country_Country,63,0.025642
Quarters,63,0.025642
Actions,63,0.025642
deal,63,0.025642
Mead,63,0.025642
Flower,63,0.025642
Colors,63,0.025642
Perfect,63,0.025642
Calms,63,0.025642
Sea,63,0.025642
Church,62,0.025235
Capacity,62,0.025235
Niece,62,0.025235
Forehead,62,0.025235
Acquaintance,62,0.025235
return,62,0.025235
Housekeeper,62,0.025235
Hints,61,0.024828
Excuse,61,0.024828
Door,61,0.024828
Admiration,61,0.024828
Rules,61,0.024828
London,61,0.024828
Qualities,61,0.024828
Acquaintenance,61,0.024828
Handkerchief,61,0.024828
Friends,60,0.024421
elder,60,0.024421
Accidents,60,0.024421
Clothes,60,0.024421
Intentions,60,0.024421
Terror,60,0.024421
otherways,60,0.024421
Captain_to,60,0.024421
Show,60,0.024421
Dispute,60,0.024421
Question_to,60,0.024421
Miles,59,0.024014
Sir_,59,0.024014
Side,59,0.024014
Patient,59,0.024014
Countenance_,59,0.024014
His,59,0.024014
Salisbury,59,0.024014
Secrets,59,0.024014
Philosophers,59,0.024014
Characters,59,0.024014
State_,59,0.024014
Guineas,58,0.023607
Applications,58,0.023607
A,58,0.023607
Discourse,58,0.023607
Mouth,58,0.023607
Solicitation,58,0.023607
Intermission,58,0.023607
Incontinence,57,0.0232
nay,57,0.0232
Great,57,0.0232
Vitals,57,0.0232
Notion,57,0.0232
Purity,57,0.0232
Pish,57,0.0232
Precepts,57,0.0232
Taste_,57,0.0232
Reluctance,57,0.0232
Readiness,56,0.022793
Theft,56,0.022793
Delicacy,56,0.022793
Lenity,56,0.022793
pleasing,56,0.022793
Virtues,55,0.022386
Christian_Love,55,0.022386
Interest_on,55,0.022386
Temperance,55,0.022386
Abstinence_,55,0.022386
Meals,55,0.022386
Solicitations,55,0.022386
Interposition,55,0.022386
Goody,54,0.021979
Wenches,54,0.021979
Harpsichord,54,0.021979
Sentence,54,0.021979
Treatises,54,0.021979
Views,54,0.021979
Distraction_,54,0.021979
Difficulty,54,0.021979
Victory,54,0.021979
example,54,0.021979
promise,54,0.021979
Times,54,0.021979
Sister_Brother,54,0.021979
Monuments,54,0.021979
Duty_,53,0.021572
Sound,53,0.021572
Visit,53,0.021572
Fitness,53,0.021572
Drunkenness_and,53,0.021572
Gallantry,53,0.021572
Goddess,53,0.021572
way,52,0.021165
Number,52,0.021165
Farthing,52,0.021165
Objects,52,0.021165
Guild,52,0.021165
Excess,51,0.020758
Considerations,51,0.020758
tha,51,0.020758
despair,51,0.020758
Hours,51,0.020758
Emolument,51,0.020758
Bout,51,0.020758
Pace,51,0.020758
Amanuensis,51,0.020758
Year,50,0.020351
Color,50,0.020351
Voice,50,0.020351
Physic,50,0.020351
Sport,50,0.020351
Features,50,0.020351
Mistress_had,50,0.020351
round,50,0.020351
Study_,50,0.020351
Lady_who,50,0.020351
Apartment,50,0.020351
John,50,0.020351
Doctor_Anger,50,0.020351
Doctor_own,50,0.020351
Application,49,0.019944
Acts,49,0.019944
Distemper_,49,0.019944
Entertainment,49,0.019944
Pieces,49,0.019944
Sake,49,0.019944
Supple,49,0.019944
Share,49,0.019944
Confirmation,49,0.019944
Reverence,49,0.019944
Females,49,0.019944
Party,49,0.019944
Work,48,0.019537
Lady_had,48,0.019537
Grace,48,0.019537
Income,48,0.019537
Bodies,48,0.019537
Borough,48,0.019537
Parliament,48,0.019537
Coat,48,0.019537
Aspect,48,0.019537
Ovid,48,0.019537
Si,48,0.019537
nullus,48,0.019537
erit,48,0.019537
excute,48,0.019537
nullum,48,0.019537
Appearance,47,0.01913
Argument,47,0.01913
Consent,47,0.01913
Desires,47,0.01913
Mistress_in,47,0.01913
Enemies,47,0.01913
Knack,47,0.01913
Woods,47,0.01913
Groves,47,0.01913
Deceptions,47,0.01913
Sects,47,0.01913
Heresies,47,0.01913
Iron,47,0.01913
Harm,46,0.018723
Accident,46,0.018723
Mistress_once,46,0.018723
Mistress_was,46,0.018723
Second,46,0.018723
Commerce,46,0.018723
Alteration,46,0.018723
Purse,46,0.018723
Flame,46,0.018723
Spartan,46,0.018723
Observation,46,0.018723
Reward,46,0.018723
Pulpit,46,0.018723
Construction_what,46,0.018723
Construction_would,46,0.018723
Construction_sufficiently,46,0.018723
Tenor,46,0.018723
New,46,0.018723
Testament_,46,0.018723
Mrs_Blifl,46,0.018723
Blifl,46,0.018723
Doctor_suffered,46,0.018723
Mourning,46,0.018723
Prospect,46,0.018723
Exultations,46,0.018723
Thanksgiving,46,0.018723
Riots,46,0.018723
Cue,46,0.018723
past_before,46,0.018723
Story_,45,0.018316
Pity,45,0.018316
Whore,45,0.018316
Wisdom,45,0.018316
taker,45,0.018316
Physicion,45,0.018316
Confidence,45,0.018316
mine,45,0.018316
Violence,45,0.018316
Examples,45,0.018316
things,45,0.018316
Table,44,0.017909
Night,44,0.017909
Mistress_her,44,0.017909
Gratitude,44,0.017909
Mistress_Eyes,44,0.017909
Evils,44,0.017909
Top,44,0.017909
Mr_Square,44,0.017909
Affair,44,0.017909
Fault,44,0.017909
Rigor,44,0.017909
Inclination,44,0.017909
Diversity,44,0.017909
Ale,44,0.017909
View,44,0.017909
Somewhat,44,0.017909
maker,44,0.017909
Playhouse,44,0.017909
Addresses,44,0.017909
Jurisdiction,44,0.017909
Sister_was,44,0.017909
Docter,44,0.017909
Devotees,44,0.017909
Superstition_,44,0.017909
Hatred,43,0.017502
Imperfections,43,0.017502
Gold,43,0.017502
Gratification,43,0.017502
Custom_,43,0.017502
Appetite,43,0.017502
myself,43,0.017502
Visitors,43,0.017502
Sins,43,0.017502
Appetites,43,0.017502
dey,43,0.017502
Opposition,43,0.017502
Discretion,43,0.017502
Nay,43,0.017502
Mouths,43,0.017502
Vale,43,0.017502
King_Pyrrhus,43,0.017502
Pyrrhus,43,0.017502
Works,43,0.017502
Charge,43,0.017502
Nymphs,43,0.017502
Swains,43,0.017502
Pap,43,0.017502
waked,43,0.017502
Apology,42,0.017095
Human,42,0.017095
Story_of,42,0.017095
Walk,42,0.017095
Country_loves,42,0.017095
Title,42,0.017095
English,42,0.017095
Felicity,42,0.017095
Compliments,42,0.017095
Quiet,42,0.017095
Gallant,42,0.017095
Impressions,42,0.017095
Tutor,42,0.017095
Tillotson,42,0.017095
Sermons,42,0.017095
Pomp,42,0.017095
Pains,42,0.017095
meeting,42,0.017095
Sister_deposited,42,0.017095
Chapel,42,0.017095
Nurse,42,0.017095
Design,41,0.016687
sensible,41,0.016687
Ladyship_,41,0.016687
Faculties,41,0.016687
Health,41,0.016687
Mrs_Western,41,0.016687
Hat,41,0.016687
Birds,41,0.016687
Shower,41,0.016687
Wakes,41,0.016687
Fairs,41,0.016687
Stower_cheered,41,0.016687
Centuries,41,0.016687
Dullness_,41,0.016687
Feet,40,0.01628
suit,40,0.01628
Unfitness,40,0.01628
Misfortune,40,0.01628
Western_had,40,0.01628
Grosvenor,40,0.01628
square,40,0.01628
Minutes,40,0.01628
We,40,0.01628
Excellence,40,0.01628
Piece,40,0.01628
Dainties,40,0.01628
Custom_to,40,0.01628
Souls,40,0.01628
ways,40,0.01628
Linen,40,0.01628
Sisterhis_beloved,40,0.01628
Sister_consented,40,0.01628
Heroes,39,0.015873
Wit,39,0.015873
Bastard_,39,0.015873
hold,39,0.015873
rest_,39,0.015873
De,39,0.015873
Modesty_,39,0.015873
Beneficence,39,0.015873
Elevation,39,0.015873
Submission,39,0.015873
Barrier,39,0.015873
Bill,39,0.015873
oses,39,0.015873
Heaps,39,0.015873
Graces,39,0.015873
well,38,0.015466
Surgeon,38,0.015466
C,38,0.015466
Dancing,38,0.015466
Sensations,38,0.015466
Joy,38,0.015466
Annuity,38,0.015466
Sheets,38,0.015466
earnest_Desire,38,0.015466
Disease,37,0.015059
Cart,37,0.015059
Tail,37,0.015059
Modesty_which,37,0.015059
Form,37,0.015059
Civility,37,0.015059
gar,37,0.015059
Lady_could,37,0.015059
Prudence,37,0.015059
Houses,37,0.015059
Christian_Religion,37,0.015059
Infirmities,37,0.015059
Comeliness,37,0.015059
Lordship_had,37,0.015059
Symptoms,36,0.014652
Sort,36,0.014652
Descriptions,36,0.014652
Mistress_an,36,0.014652
Mistress_took,36,0.014652
Mistress_whole,36,0.014652
Strength_of,36,0.014652
Judge,36,0.014652
Point,36,0.014652
Baseness,36,0.014652
Finery,36,0.014652
Pillow,36,0.014652
Sprightliness,36,0.014652
gratification,36,0.014652
Captain_in,36,0.014652
Murder,36,0.014652
Emotions,36,0.014652
Propensity,36,0.014652
Offense,36,0.014652
Ridicule,36,0.014652
Flattery,36,0.014652
S,36,0.014652
quire,36,0.014652
Harbingers,36,0.014652
Pretensions,36,0.014652
Indiscretion,36,0.014652
Doctor_shook,36,0.014652
Custom_which,36,0.014652
Blushes,36,0.014652
Mr_Freke,35,0.014245
Freke,35,0.014245
Departure,35,0.014245
besought,35,0.014245
Spirits,35,0.014245
Fright,35,0.014245
Senses,35,0.014245
Lady_with,35,0.014245
Principles,35,0.014245
Fit,35,0.014245
nobler,35,0.014245
Courtier,35,0.014245
Taste_and,35,0.014245
Stower_first,35,0.014245
Request_,34,0.013838
Sentences,34,0.013838
Tully,34,0.013838
Tusculan,34,0.013838
Questions_,34,0.013838
Lord_Shaftesbury,34,0.013838
Shaftesbury,34,0.013838
Amor,34,0.013838
Contemplation,34,0.013838
Gaiety,34,0.013838
Ostentation_,34,0.013838
Repose,34,0.013838
Protestations_of,34,0.013838
Backs,34,0.013838
Temple,34,0.013838
Trouble,34,0.013838
half,34,0.013838
Butler,34,0.013838
inspiration,34,0.013838
Lordship_could,34,0.013838
Fiddle,34,0.013838
Instrument_Bishop,34,0.013838
Deity,34,0.013838
Venus,34,0.013838
Neighborhood,34,0.013838
Brown,34,0.013838
Search,34,0.013838
apparentibus,34,0.013838
ratio,34,0.013838
Homer,34,0.013838
Discomposure,34,0.013838
Muscles,34,0.013838
Education,33,0.013431
Appellation,33,0.013431
Stop_to,33,0.013431
Aristotle_,33,0.013431
Modesty_and,33,0.013431
Cowardice,33,0.013431
Pertness,33,0.013431
Drawing_Room,33,0.013431
Science,33,0.013431
Obligations,33,0.013431
Notice,33,0.013431
Caution,33,0.013431
Wiltshire,33,0.013431
Curses,33,0.013431
Captain_Opinion,33,0.013431
Blockhead,33,0.013431
Captain_civilly,33,0.013431
yields,33,0.013431
Superior,33,0.013431
Captain_Antagonist,33,0.013431
Captain_Sincerity,33,0.013431
Widow,33,0.013431
Instance_of,33,0.013431
Hunger,33,0.013431
County_,33,0.013431
Pageants,33,0.013431
Mistress_to,33,0.013431
Perfidy,33,0.013431
Snares,33,0.013431
Tranquillity,33,0.013431
Roughness,33,0.013431
Assembly,33,0.013431
Arguments,32,0.013024
Sufferings,32,0.013024
Stubbornness_of,32,0.013024
Old,32,0.013024
Treachery,32,0.013024
Attempt,32,0.013024
Situation,32,0.013024
Town,32,0.013024
Master_of,32,0.013024
Estate_,32,0.013024
Conjecture,32,0.013024
Countryman_,32,0.013024
Wishes,32,0.013024
Bashfulness,32,0.013024
Ingratitude,32,0.013024
Chance,32,0.013024
happening,32,0.013024
Hare,32,0.013024
Expressions,32,0.013024
Recommendation,32,0.013024
Cold,32,0.013024
Nakedness,32,0.013024
Debts,32,0.013024
misfortune,32,0.013024
Parish,32,0.013024
Dissatisfaction,32,0.013024
Rank,32,0.013024
Lecture,31,0.012617
Bible,31,0.012617
Perturbation,31,0.012617
Phrases,31,0.012617
Reasons,31,0.012617
Footman,31,0.012617
i,31,0.012617
Figure,31,0.012617
Foot,31,0.012617
Sorrow,31,0.012617
Philosophy,31,0.012617
Chastity_,31,0.012617
Humors,31,0.012617
Pound,31,0.012617
Devil,31,0.012617
Proposal,31,0.012617
IT,31,0.012617
Office,31,0.012617
Awe,31,0.012617
Length,31,0.012617
Untruth,31,0.012617
Causes,31,0.012617
Displeasure,31,0.012617
Bitch,31,0.012617
Mr_,31,0.012617
State_can,31,0.012617
Apparel,30,0.01221
Good,30,0.01221
Lawyer,30,0.01221
Conformity,30,0.01221
Heroine,30,0.01221
Condition,30,0.01221
Task,30,0.01221
Benefit,30,0.01221
Delta,30,0.01221
Greeks,30,0.01221
Subject,30,0.01221
ot,30,0.01221
Extremity,30,0.01221
Aesculapian,30,0.01221
Adage,30,0.01221
Venienti,30,0.01221
Blame,30,0.01221
Fits,30,0.01221
Captain_the,30,0.01221
timorous,30,0.01221
bid,30,0.01221
soever,30,0.01221
Dr_Z,30,0.01221
Z,30,0.01221
Preservation,30,0.01221
Alternative,30,0.01221
Wood,30,0.01221
Habitations,30,0.01221
Haste_to,30,0.01221
Wine,29,0.011803
Stuff_,29,0.011803
Designs,29,0.011803
Assistance_of,29,0.011803
Interest_of,29,0.011803
Smile,29,0.011803
Obligation,29,0.011803
Neighbor,29,0.011803
Grave,29,0.011803
Abode,29,0.011803
Harangue,29,0.011803
Barber,29,0.011803
Wealth,29,0.011803
Master_s,29,0.011803
Disadvantage,29,0.011803
Limbs,29,0.011803
Ear,29,0.011803
Nemesis,29,0.011803
Intention,28,0.011396
Earth,28,0.011396
Uneasiness,28,0.011396
Penny,28,0.011396
Picture,28,0.011396
thee,28,0.011396
Rate,28,0.011396
Degrees,28,0.011396
Execution,28,0.011396
Abuse,28,0.011396
Mirth,28,0.011396
Approach,28,0.011396
Enemy,28,0.011396
Cato,28,0.011396
Sum,28,0.011396
Master_so,28,0.011396
Conceit,28,0.011396
Hostility_,28,0.011396
Likelihood,28,0.011396
Alms,28,0.011396
Undeserving,28,0.011396
Bounty,28,0.011396
Dye,28,0.011396
itself,28,0.011396
Preferment,28,0.011396
Hoadley,28,0.011396
Bands,28,0.011396
Experience,28,0.011396
Fair,28,0.011396
Nightgown,28,0.011396
Deserters,28,0.011396
Stairs_,28,0.011396
Stock_of,28,0.011396
Entrance,28,0.011396
silencin,28,0.011396
Bass,28,0.011396
apter,28,0.011396
Stations_,28,0.011396
Bridewel,27,0.010989
Materials,27,0.010989
Impudence,27,0.010989
Clerk,27,0.010989
Public,27,0.010989
end,27,0.010989
Apprehensions,27,0.010989
rother,27,0.010989
Lie,27,0.010989
Society,27,0.010989
Villainy,27,0.010989
Interval,27,0.010989
Western_great,27,0.010989
Penetretion,27,0.010989
Advantages,27,0.010989
Blanks,27,0.010989
Sacrifice,26,0.010582
Trumpery,26,0.010582
future,26,0.010582
Harpsicord,26,0.010582
faithful,26,0.010582
Labourer,26,0.010582
Harvest_,26,0.010582
Companions,26,0.010582
Countrymen_Countryman,26,0.010582
Reflection,26,0.010582
Western_might,26,0.010582
hardening,26,0.010582
Event,26,0.010582
Sagacity,26,0.010582
Flint,26,0.010582
Buyer,26,0.010582
Seller,26,0.010582
cloth,26,0.010582
Fools,26,0.010582
Doctor_s,26,0.010582
Policy,26,0.010582
Sister_Manner,26,0.010582
Sister_Petticoats,26,0.010582
Petticoats,26,0.010582
Sermon,26,0.010582
pains,26,0.010582
Fashion,26,0.010582
Nation,25,0.010175
Birth,25,0.010175
Traces,25,0.010175
Ladyship_was,25,0.010175
Malice,25,0.010175
fact,25,0.010175
Beings,25,0.010175
Pleasures,25,0.010175
Seducer,25,0.010175
Partiality,25,0.010175
writ,25,0.010175
Blessings,25,0.010175
Expectations,25,0.010175
Destruction_,25,0.010175
Phrase,25,0.010175
Christian_with,25,0.010175
Christian_Sustenance,25,0.010175
Sustenance_,25,0.010175
Lives,25,0.010175
Rag,25,0.010175
Shape,25,0.010175
Concessions,25,0.010175
Curse,24,0.009768
Constable_and,24,0.009768
Prevention,24,0.009768
Ways,24,0.009768
methought,24,0.009768
Heathen,24,0.009768
Observations,24,0.009768
principal,24,0.009768
Mr_JonesMr,24,0.009768
JonesMr_,24,0.009768
Indulgence,24,0.009768
Functions,24,0.009768
theirs,24,0.009768
Countrymen_would,24,0.009768
Bread,24,0.009768
prevaricating,24,0.009768
Aggravation,24,0.009768
Atonement,24,0.009768
Captain_with,24,0.009768
Martyrs,24,0.009768
Lady_own,24,0.009768
Trollops,24,0.009768
Instant_a,24,0.009768
Caress,24,0.009768
Master_Admiration,24,0.009768
Hap,24,0.009768
fine,24,0.009768
Park,24,0.009768
Hills,24,0.009768
Lawns,24,0.009768
Documents,24,0.009768
there,24,0.009768
warmth,24,0.009768
Stipend_arising,24,0.009768
Leve,24,0.009768
fit,24,0.009768
quod,24,0.009768
Onus,24,0.009768
Propriety,23,0.009361
Portion,23,0.009361
Limb,23,0.009361
Quantity,23,0.009361
Circumstance_,23,0.009361
Sister_did,23,0.009361
Preface,23,0.009361
Sight,23,0.009361
Meaning,23,0.009361
Mate,23,0.009361
Description,23,0.009361
home,23,0.009361
Odds,23,0.009361
Brook,23,0.009361
Smiles,23,0.009361
Christmas_,23,0.009361
Festival_,23,0.009361
bell,22,0.008954
Maxim,22,0.008954
Utensils,22,0.008954
Sack,22,0.008954
Constraint_appeared,22,0.008954
Species,22,0.008954
Walks,22,0.008954
Disorders,22,0.008954
Comfort,22,0.008954
visit,22,0.008954
Palate,22,0.008954
Branch,22,0.008954
account,22,0.008954
Industry_to,22,0.008954
Jealousy,22,0.008954
College,22,0.008954
Discredit,22,0.008954
Hypocrites,22,0.008954
Compunction,22,0.008954
Instant_put,22,0.008954
Interpositions,22,0.008954
Story_was,22,0.008954
Offices,22,0.008954
Calamity,22,0.008954
izes,22,0.008954
Act,22,0.008954
Girls,22,0.008954
Measures,22,0.008954
Miss_Western,21,0.008547
Pleasanty,21,0.008547
Rhodomontade,21,0.008547
Monosyllable,21,0.008547
Theaters,21,0.008547
eart,21,0.008547
Practice,21,0.008547
Preference,21,0.008547
Fortunes,21,0.008547
MRS,21,0.008547
Childhood,21,0.008547
Sister_Love,21,0.008547
Month,21,0.008547
book,21,0.008547
Benefactor,21,0.008547
Consternation_Mr,21,0.008547
Suppression,21,0.008547
Periods,21,0.008547
past_,21,0.008547
Cases,21,0.008547
Distress_,21,0.008547
Almighty,21,0.008547
Nose,21,0.008547
Dialogue,21,0.008547
apable,21,0.008547
feeling,21,0.008547
laughter,21,0.008547
public,21,0.008547
Beseness,21,0.008547
Allowance,20,0.00814
P,20,0.00814
Ambition,20,0.00814
Trifle,20,0.00814
Comic,20,0.00814
Adoption,20,0.00814
Canal,20,0.00814
Forgiveness,20,0.00814
Provision,20,0.00814
Praises,20,0.00814
Dominion,20,0.00814
Lady_should,20,0.00814
whichthey,20,0.00814
Papa,20,0.00814
Oaths,20,0.00814
Ancients,20,0.00814
Pulse,20,0.00814
Captain_JOHN,20,0.00814
JOHN,20,0.00814
BLIFIL,20,0.00814
Creation,20,0.00814
Consumers,20,0.00814
Protestant_Religion,20,0.00814
Mischiefs,20,0.00814
Chastisement_than,20,0.00814
Treasure,20,0.00814
Schoolmaster_to,20,0.00814
Mistress_Bosom,20,0.00814
Doctor_Unwillingness,20,0.00814
Unwillingness,20,0.00814
Doctor_Patient,20,0.00814
Steel_or,20,0.00814
Foe,20,0.00814
Rivulet,20,0.00814
Festivity_,20,0.00814
Condescension,20,0.00814
Dress_and,20,0.00814
Mortality,20,0.00814
Instance_from,20,0.00814
Diseases,20,0.00814
ho,20,0.00814
Tho,20,0.00814
Commonwealth,20,0.00814
British,20,0.00814
trouble,19,0.007733
Aristotle_Politics,19,0.007733
Aristotle_says,19,0.007733
Faces,19,0.007733
Ladyship_Ladyship,19,0.007733
Ladyship_would,19,0.007733
Appearances,19,0.007733
Desert,19,0.007733
Recesses,19,0.007733
Poverty,19,0.007733
Neice,19,0.007733
Parties,19,0.007733
Nothing,19,0.007733
Dislike,19,0.007733
Lady_was,19,0.007733
Lady_Hatred,19,0.007733
Fee,19,0.007733
Chronicle,19,0.007733
Vengeance,19,0.007733
Ideas,19,0.007733
Enquiry,19,0.007733
Weapons,19,0.007733
Kate,19,0.007733
Opportunities,19,0.007733
Fingers,19,0.007733
Fare,19,0.007733
Amusements,19,0.007733
Hussy,19,0.007733
Affronts,19,0.007733
Gentleness,19,0.007733
Economy,19,0.007733
Ladyship_in,18,0.007326
Pardon,18,0.007326
Warrant,18,0.007326
Instances_of,18,0.007326
Occurrences,18,0.007326
Mankind,18,0.007326
Recognition,18,0.007326
Disdain,18,0.007326
Profession,18,0.007326
Knaves,18,0.007326
Riches,18,0.007326
Perfections,18,0.007326
Chrpter,18,0.007326
Cheeks,18,0.007326
Endeavors,18,0.007326
Harvest_the,18,0.007326
Captain_hoped,18,0.007326
It,18,0.007326
Bell,18,0.007326
Beginning,18,0.007326
leave,18,0.007326
Transactions,18,0.007326
History_occurred,18,0.007326
Tendency,18,0.007326
Profligates,18,0.007326
Fraud,18,0.007326
Pretense,18,0.007326
Lying,18,0.007326
mention,18,0.007326
couple,18,0.007326
Romances,18,0.007326
Boreas,18,0.007326
Eurus,18,0.007326
Custom_passing,18,0.007326
Precedent,18,0.007326
Flesh,18,0.007326
Stair_In,18,0.007326
Curer,18,0.007326
Justice_in,18,0.007326
Combat,18,0.007326
Victim,18,0.007326
Restrictions_only,18,0.007326
Doctor_aboutten,18,0.007326
Ten,18,0.007326
Agonies,18,0.007326
Edition,17,0.006919
Garments,17,0.006919
Mistress_a,17,0.006919
Body,17,0.006919
Observance,17,0.006919
Waiting,17,0.006919
Theater,17,0.006919
Serenity,17,0.006919
Addition,17,0.006919
Leave,17,0.006919
LOVE,17,0.006919
Lovers,17,0.006919
Maturity,17,0.006919
Marks,17,0.006919
Soul,17,0.006919
Wonder,17,0.006919
Liking,17,0.006919
Property,17,0.006919
Morsel,17,0.006919
O,17,0.006919
Fury,17,0.006919
Master_Reputation,17,0.006919
Purposes,17,0.006919
Criminal,17,0.006919
Epithet,17,0.006919
Understanding_is,17,0.006919
wife,17,0.006919
Lady_Arguments,17,0.006919
Cook,17,0.006919
Image,17,0.006919
Repetition,17,0.006919
Bushes,17,0.006919
Thicket,17,0.006919
Study_Study,17,0.006919
Visitant,17,0.006919
Safety,17,0.006919
deposite,17,0.006919
Sister_Affections,17,0.006919
Godfather,17,0.006919
Sister_own,17,0.006919
Thomas,17,0.006919
Sister_Nursery,17,0.006919
Nursery,17,0.006919
opposite,17,0.006919
Fr,17,0.006919
Transition,17,0.006919
Province,17,0.006919
acts,17,0.006919
disgrace,16,0.006512
Madam,16,0.006512
Confusion,16,0.006512
Halfhour,16,0.006512
Nap,16,0.006512
Greatness,16,0.006512
Weakness,16,0.006512
thought,16,0.006512
Leavings,16,0.006512
Dream_,16,0.006512
Angel,16,0.006512
Mistress_is,16,0.006512
Ho,16,0.006512
Jeweller,16,0.006512
Arts,16,0.006512
State_of,16,0.006512
Offer,16,0.006512
Misfortunes,16,0.006512
Idleness,16,0.006512
nobody,16,0.006512
Raptures,16,0.006512
Fastening_,16,0.006512
Posture_,16,0.006512
forms,16,0.006512
Salutation,16,0.006512
Superiority,16,0.006512
Ribbon,16,0.006512
You,16,0.006512
Assistance_from,16,0.006512
Operations,16,0.006512
Sister_vociferous,16,0.006512
Scream,16,0.006512
Council,16,0.006512
Oblivion,16,0.006512
Spaces,16,0.006512
Conjectures,16,0.006512
Stroke_,16,0.006512
Disputants,16,0.006512
measure,16,0.006512
Castigation_might,16,0.006512
Infancy,16,0.006512
indecent,16,0.006512
thou,16,0.006512
Sir_John,16,0.006512
Suckling,16,0.006512
Roastmeat_,16,0.006512
Partakers,16,0.006512
Insensibility,16,0.006512
repairs,16,0.006512
Fan,16,0.006512
Sunday,16,0.006512
Treatment,16,0.006512
grave,16,0.006512
Grumbling,16,0.006512
Preeminence,16,0.006512
Study_with,16,0.006512
Celerity,16,0.006512
Doctor_so,16,0.006512
Doctor_entertained,16,0.006512
Doctor_Success,16,0.006512
desire,16,0.006512
laim,16,0.006512
Husbands,16,0.006512
sobbing,15,0.006105
Villain,15,0.006105
Physical,15,0.006105
degrades,15,0.006105
Sentiment,15,0.006105
Faults,15,0.006105
God,15,0.006105
Bravery,15,0.006105
Audience,15,0.006105
Passages,15,0.006105
Limitation,15,0.006105
Drama_,15,0.006105
Guard,15,0.006105
Despair,15,0.006105
French,15,0.006105
complaint,15,0.006105
Doctor_Misaubin,15,0.006105
Misaubin,15,0.006105
concern,15,0.006105
Sophy,15,0.006105
Value,15,0.006105
Eagerness,15,0.006105
Agony,15,0.006105
Volley,15,0.006105
Captain_Fondness,15,0.006105
Christian_secret,15,0.006105
Christian_Merit,15,0.006105
Haughtiness,15,0.006105
Insolence,15,0.006105
Surfeit,15,0.006105
Messages,15,0.006105
Lady_Acquaintance,15,0.006105
Lady_Health,15,0.006105
Superstition_with,15,0.006105
Bannians,15,0.006105
India,15,0.006105
War,15,0.006105
Misconstructions_,15,0.006105
Support,15,0.006105
Lady_must,15,0.006105
might,15,0.006105
Custom_Ballads,15,0.006105
Ballads,15,0.006105
First_Jemmy,15,0.006105
Jemmy,15,0.006105
Tweedle,15,0.006105
Injustice_of,15,0.006105
Western_shows,15,0.006105
Turnips,15,0.006105
Bumpers,15,0.006105
Hind,15,0.006105
Politicians,15,0.006105
Jest_,15,0.006105
Harlot,15,0.006105
Dress_,15,0.006105
forsooth,15,0.006105
Coldness,15,0.006105
Rudeness,15,0.006105
Overseer,15,0.006105
Boys,14,0.005698
Kitchen,14,0.005698
Ladyship_observed,14,0.005698
yesterday_at,14,0.005698
song,14,0.005698
Yes,14,0.005698
Curiosity,14,0.005698
Lady_Aunt,14,0.005698
Lady_made,14,0.005698
Instant_,14,0.005698
Ladyship_will,14,0.005698
Compliment,14,0.005698
Dignity,14,0.005698
Applause,14,0.005698
Tricks,14,0.005698
Harlequin,14,0.005698
Evil,14,0.005698
Syllable,14,0.005698
Beer,14,0.005698
Horror,14,0.005698
Home,14,0.005698
achs,14,0.005698
Gayety,14,0.005698
Inexperience,14,0.005698
Instance_where,14,0.005698
Master_lose,14,0.005698
Christian_Law,14,0.005698
meaning,14,0.005698
Commission,14,0.005698
Circumstances_with,14,0.005698
Reprieve,14,0.005698
Speculatist_,14,0.005698
Legislator,14,0.005698
Zeal,14,0.005698
air,14,0.005698
Barbarities,14,0.005698
Higler,14,0.005698
Poacher,14,0.005698
Male,14,0.005698
Copy,14,0.005698
women,14,0.005698
Nest_,14,0.005698
Faith,14,0.005698
History_is,14,0.005698
Something,14,0.005698
Stamp_,14,0.005698
Decency,14,0.005698
Calves,14,0.005698
Necessity,14,0.005698
Riot,14,0.005698
Debauchery,14,0.005698
Kinds,14,0.005698
Food,14,0.005698
Be,14,0.005698
Duet_,14,0.005698
Justice_a,14,0.005698
Sister_and,14,0.005698
Erudition,14,0.005698
Pressure,14,0.005698
Hill,14,0.005698
Master_or,14,0.005698
Valor,14,0.005698
Trencher,14,0.005698
Conference,14,0.005698
Supper,13,0.005291
rithee,13,0.005291
Ladyship_meant,13,0.005291
Opiate,13,0.005291
ow,13,0.005291
Attorney,13,0.005291
Message,13,0.005291
Hurry,13,0.005291
Beggar,13,0.005291
Key,13,0.005291
Pattern,13,0.005291
Breakfast_,13,0.005291
Scruples,13,0.005291
Kisses,13,0.005291
Madness,13,0.005291
Brains,13,0.005291
Drunkenness_,13,0.005291
Disciples,13,0.005291
Cruelty,13,0.005291
Dissension,13,0.005291
pplications,13,0.005291
Pages,13,0.005291
Contradictions,13,0.005291
antecedent,13,0.005291
Misunderstanding_,13,0.005291
Perversion,13,0.005291
Engagements,13,0.005291
Discourses,13,0.005291
Birch,13,0.005291
screening,13,0.005291
Customers_,13,0.005291
Punishing,13,0.005291
Transgression,13,0.005291
Closets,13,0.005291
Cupboards,13,0.005291
Fields,13,0.005291
Talents,13,0.005291
Pounds,13,0.005291
County_Choice,13,0.005291
arrow,13,0.005291
Doctor_violent,13,0.005291
Rites,13,0.005291
Animantium,13,0.005291
Agitation,13,0.005291
Stag_and,13,0.005291
Stag_Mistress,13,0.005291
Beasts_should,13,0.005291
rushes,13,0.005291
Stag_to,13,0.005291
Narrative,13,0.005291
Concession,13,0.005291
Maidens,13,0.005291
Reach,13,0.005291
Obloquy,13,0.005291
Brothers,13,0.005291
Doctor_Accusations,13,0.005291
Accusations,13,0.005291
Credulity,13,0.005291
Rags,12,0.004884
Information,12,0.004884
case,12,0.004884
Prices,12,0.004884
Impetuosity,12,0.004884
conjecture,12,0.004884
Essays,12,0.004884
Miseries,12,0.004884
Prostitution_to,12,0.004884
Lord_in,12,0.004884
Land,12,0.004884
Citadel,12,0.004884
Convenience,12,0.004884
what,12,0.004884
Nostrum_from,12,0.004884
Efficacy,12,0.004884
female,12,0.004884
esteem_,12,0.004884
drowning,12,0.004884
Couple,12,0.004884
Store_for,12,0.004884
Demands,12,0.004884
Lady_Brother,12,0.004884
Lady_Niece,12,0.004884
Lady_suspected,12,0.004884
Esteem_for,12,0.004884
Suspicions,12,0.004884
Politeness,12,0.004884
Sister_s,12,0.004884
Sister_Riches,12,0.004884
bed,12,0.004884
Credit,12,0.004884
Captain_not,12,0.004884
Captain_Severity,12,0.004884
Captain_supposed,12,0.004884
Captain_was,12,0.004884
Doctors_,12,0.004884
Names,12,0.004884
Dr_,12,0.004884
wit,12,0.004884
Dr_Y,12,0.004884
Y,12,0.004884
Captain_Vei,12,0.004884
Vei,12,0.004884
Captain_Forehead,12,0.004884
Stone_,12,0.004884
Monument,12,0.004884
latter,12,0.004884
Lord_of,12,0.004884
Jest_of,12,0.004884
saw,12,0.004884
Fruits,12,0.004884
Reprobate,12,0.004884
Potation,12,0.004884
chief,12,0.004884
respect,12,0.004884
Leisure,12,0.004884
Record,12,0.004884
Handwriting,12,0.004884
Pockets,12,0.004884
Wax,12,0.004884
Western_and,12,0.004884
Western_Sister,12,0.004884
Memorial,12,0.004884
Doctor_in,12,0.004884
Doctor_News,12,0.004884
Rapture,12,0.004884
Antagonists_as,12,0.004884
Skirt,12,0.004884
Finders,12,0.004884
Advocate,12,0.004884
grossest_of,12,0.004884
field,12,0.004884
Creator,12,0.004884
Sister_the,12,0.004884
Lap,12,0.004884
Amusement,12,0.004884
Gossips,12,0.004884
Doctor_now,12,0.004884
Doctor_Marriage,12,0.004884
Scar,12,0.004884
pay,12,0.004884
Officer,12,0.004884
Such,12,0.004884
Insight,12,0.004884
Cordial,12,0.004884
Bottle,11,0.004477
Delicacies,11,0.004477
Mistress_gave,11,0.004477
dulge,11,0.004477
Deathbed,11,0.004477
Spectator,11,0.004477
W,11,0.004477
D,11,0.004477
Incident,11,0.004477
Lady_Muff,11,0.004477
Lady_has,11,0.004477
Lady_Arm,11,0.004477
Stairs_in,11,0.004477
Adventure,11,0.004477
Feast_,11,0.004477
Towns,11,0.004477
Grove,11,0.004477
May,11,0.004477
Rascal,11,0.004477
Families,11,0.004477
Exception,11,0.004477
Pshaw,11,0.004477
Indignity,11,0.004477
Reversions,11,0.004477
Lady_ill,11,0.004477
Lady_Person,11,0.004477
Seasons,11,0.004477
Guns,11,0.004477
Question_,11,0.004477
Texts,11,0.004477
Cudgel,11,0.004477
Wretchedness,11,0.004477
Writings,11,0.004477
Monsters_,11,0.004477
Productions,11,0.004477
nature,11,0.004477
Pastry_,11,0.004477
hand,11,0.004477
Story_at,11,0.004477
Composition,11,0.004477
Sportsman,11,0.004477
Universe,11,0.004477
Duke_,11,0.004477
Quarrels,11,0.004477
Posterity_,11,0.004477
Western_himself,11,0.004477
ould,11,0.004477
Par,11,0.004477
Unreasonableness,11,0.004477
Exercise,11,0.004477
take,11,0.004477
Obstinacy_the,11,0.004477
Doctor_Youth,11,0.004477
Doctor_studied,11,0.004477
ones,11,0.004477
Doctor_was,11,0.004477
Sui,11,0.004477
Juris,11,0.004477
venture,11,0.004477
Request_with,11,0.004477
Translation,11,0.004477
Mr_Creech,11,0.004477
Creech,11,0.004477
Brokers,11,0.004477
Cabinet,11,0.004477
pert,11,0.004477
Remedy,10,0.00407
Unrighteousness,10,0.00407
Justice_was,10,0.00407
Justice_suffered,10,0.00407
Fall,10,0.00407
Anatomy,10,0.00407
simpl,10,0.00407
Fractures,10,0.00407
Annotation,10,0.00407
grandfather,10,0.00407
Torrent,10,0.00407
Bastards_,10,0.00407
living,10,0.00407
Legislators,10,0.00407
Sciences,10,0.00407
Sleepless,10,0.00407
Broken,10,0.00407
reason,10,0.00407
Constitution_less,10,0.00407
firm,10,0.00407
Conflict,10,0.00407
methinks,10,0.00407
Streets_of,10,0.00407
Bar,10,0.00407
judges,10,0.00407
Softness,10,0.00407
Summons,10,0.00407
Europe,10,0.00407
Court,10,0.00407
Politic,10,0.00407
Address,10,0.00407
Comment,10,0.00407
Scheme,10,0.00407
Utterance,10,0.00407
Far,10,0.00407
Jewels,10,0.00407
Daughters,10,0.00407
Western_in,10,0.00407
Catch,10,0.00407
Gallery,10,0.00407
Intelligence,10,0.00407
Habitation,10,0.00407
Captain_did,10,0.00407
Schemes,10,0.00407
Captain_usual,10,0.00407
Captain_might,10,0.00407
subject,10,0.00407
OXFORD,10,0.00407
Vices,10,0.00407
Dissertation,10,0.00407
Questions_put,10,0.00407
Answers,10,0.00407
Falsehood,10,0.00407
Resemblance,10,0.00407
History_which,10,0.00407
Brewer,10,0.00407
Tankard,10,0.00407
Prosaic,10,0.00407
Poem,10,0.00407
Reception,10,0.00407
Chamber,10,0.00407
Meanness,10,0.00407
Vociferation,10,0.00407
Warmth,10,0.00407
SQUARE,10,0.00407
Pupils,10,0.00407
Antichristian_Stuff,10,0.00407
Dictates,10,0.00407
Stranger_,10,0.00407
missile,10,0.00407
plastic_Nature,10,0.00407
Accusation,10,0.00407
Billet,10,0.00407
Glimpse,10,0.00407
Constancy_,10,0.00407
Maxims,10,0.00407
Unclehis,10,0.00407
Mistress_of,10,0.00407
Manners,10,0.00407
Customs_,10,0.00407
Ceremonies,10,0.00407
Fashions,10,0.00407
Sister_Erudition,10,0.00407
stop_here,10,0.00407
Instances_as,10,0.00407
Reasonings,10,0.00407
Recourse,10,0.00407
Recipe,10,0.00407
Sisters_,10,0.00407
Bastards_are,10,0.00407
Mittimus,9,0.003663
Intercessions,9,0.003663
Reproofs,9,0.003663
Sinner,9,0.003663
contemplation,9,0.003663
Gluttons,9,0.003663
Relapse,9,0.003663
Measure,9,0.003663
united,9,0.003663
Breath,9,0.003663
Summer,9,0.003663
Pupil,9,0.003663
Reformation,9,0.003663
Hollow,9,0.003663
Companies,9,0.003663
Wheels,9,0.003663
Trade,9,0.003663
Roman,9,0.003663
Distress_is,9,0.003663
Commiseration,9,0.003663
Ability,9,0.003663
Ignorance,9,0.003663
Politico,9,0.003663
Exchange,9,0.003663
Alley,9,0.003663
Digression,9,0.003663
Streets_,9,0.003663
Recluse,9,0.003663
Bargain,9,0.003663
Eyesher,9,0.003663
N,9,0.003663
ame,9,0.003663
Breach,9,0.003663
Parity,9,0.003663
Admonitions,9,0.003663
Sister_pleased,9,0.003663
Country_Gentlemen,9,0.003663
ir,9,0.003663
Little,9,0.003663
Baddington,9,0.003663
onsidering,9,0.003663
Kingdom_less,9,0.003663
Criminals,9,0.003663
overlook,9,0.003663
Alterations,9,0.003663
Gardens,9,0.003663
Improvement,9,0.003663
Grandeur,9,0.003663
Plan,9,0.003663
Captain_Evening,9,0.003663
Lady_Phy,9,0.003663
Phy,9,0.003663
Noscitur,9,0.003663
Consciousness,9,0.003663
Explanation,9,0.003663
Roguery,9,0.003663
Phenomenon,9,0.003663
Rogueries,9,0.003663
Distance_of,9,0.003663
Solemnity,9,0.003663
Medicis,9,0.003663
Symmetry,9,0.003663
Tree,9,0.003663
Namesake,9,0.003663
Combatants,9,0.003663
proceedings,9,0.003663
Dilemma,9,0.003663
Paces,9,0.003663
Justice_and,9,0.003663
Alehouse,9,0.003663
Bastards_be,9,0.003663
Corn,9,0.003663
Diet,9,0.003663
Endeavor,9,0.003663
Hold,9,0.003663
Wish,9,0.003663
Bowels,9,0.003663
Sister_Notice,9,0.003663
Sister_always,9,0.003663
Obstinacy_of,9,0.003663
Silk,9,0.003663
servent,9,0.003663
Academic,9,0.003663
trust_will,9,0.003663
Ferosity,9,0.003663
Branches,9,0.003663
Motherthe,8,0.003256
Switch,8,0.003256
amends,8,0.003256
Invectives,8,0.003256
Prostitution_of,8,0.003256
Analogy,8,0.003256
Bodily,8,0.003256
Aptness,8,0.003256
Look,8,0.003256
Objection,8,0.003256
Shirt,8,0.003256
Gruel,8,0.003256
Talk,8,0.003256
ha,8,0.003256
Ladyship_be,8,0.003256
Crown,8,0.003256
Inventas,8,0.003256
hwackum,8,0.003256
Punishments,8,0.003256
Flick,8,0.003256
Chevalier,8,0.003256
Mare,8,0.003256
Accomplishments,8,0.003256
ado,8,0.003256
Many,8,0.003256
Lady_my,8,0.003256
Lady_told,8,0.003256
Lady_the,8,0.003256
Lady_quarrels,8,0.003256
quarrels,8,0.003256
utmost_of,8,0.003256
love,8,0.003256
Sigh,8,0.003256
melting,8,0.003256
Mood,8,0.003256
King_Alcinous,8,0.003256
Alcinous,8,0.003256
Ulysses,8,0.003256
Affectation,8,0.003256
Expression,8,0.003256
Endowments,8,0.003256
Western_Force,8,0.003256
Sister_knew,8,0.003256
Regimentals,8,0.003256
Captain_s,8,0.003256
Scripture,8,0.003256
Restraints_on,8,0.003256
Vic,8,0.003256
ies,8,0.003256
Physicians,8,0.003256
Sadness,8,0.003256
shooting,8,0.003256
Whipping,8,0.003256
Debate,8,0.003256
Solomon,8,0.003256
Instructions_his,8,0.003256
Goods,8,0.003256
Equality,8,0.003256
Youths,8,0.003256
Openness,8,0.003256
Castigation_,8,0.003256
Meeting,8,0.003256
Mile,8,0.003256
Hares,8,0.003256
Secrecy,8,0.003256
marmore,8,0.003256
purius,8,0.003256
accounting,8,0.003256
goodnature,8,0.003256
Sweetness,8,0.003256
Dirt,8,0.003256
Triumph,8,0.003256
Slaughter,8,0.003256
Hudibras,8,0.003256
Trulla,8,0.003256
Stower_Forehead,8,0.003256
Heels,8,0.003256
Zekiel,8,0.003256
poaching,8,0.003256
Weight,8,0.003256
Facts,8,0.003256
500l,8,0.003256
Treat,8,0.003256
Tortoise,8,0.003256
Trained,8,0.003256
Duty_where,8,0.003256
Doctor_but,8,0.003256
Doctor_of,8,0.003256
Doctor_Understanding,8,0.003256
Puppies,8,0.003256
Beasts_of,8,0.003256
Note,8,0.003256
Ferina,8,0.003256
Strength_,8,0.003256
Plains,8,0.003256
Arcadia,8,0.003256
Gravity,8,0.003256
Simperings,8,0.003256
Winks,8,0.003256
Nods,8,0.003256
Sister_such,8,0.003256
Presents,8,0.003256
Sister_in,8,0.003256
Scrutiny,8,0.003256
Accusers,8,0.003256
words,8,0.003256
Doctor_had,8,0.003256
Legality,8,0.003256
teaching,8,0.003256
Remedies,8,0.003256
Scullion,7,0.002849
Shop,7,0.002849
drink,7,0.002849
Duty_to,7,0.002849
Pantomime,7,0.002849
Gods,7,0.002849
Miscarriages,7,0.002849
Emotion,7,0.002849
Tunes,7,0.002849
Balance,7,0.002849
Sister_Bedchamber,7,0.002849
Bedchamber,7,0.002849
Booty,7,0.002849
Corruption,7,0.002849
Seeds,7,0.002849
Tear,7,0.002849
Tokens,7,0.002849
Belly,7,0.002849
force,7,0.002849
cry,7,0.002849
Command,7,0.002849
lass,7,0.002849
oor,7,0.002849
Schoolmaster_of,7,0.002849
Christians_,7,0.002849
neglect,7,0.002849
Adultery,7,0.002849
Captain_own,7,0.002849
Amends,7,0.002849
Disagree,7,0.002849
ents,7,0.002849
Pati,7,0.002849
Order,7,0.002849
Skin,7,0.002849
palest_,7,0.002849
Tidings,7,0.002849
Pack,7,0.002849
Hounds,7,0.002849
Huntsman,7,0.002849
Undertaking,7,0.002849
Mutton,7,0.002849
Female,7,0.002849
Churchill,7,0.002849
Gallaxy,7,0.002849
Paragon,7,0.002849
Abilities,7,0.002849
shore,7,0.002849
Conquest_entirely,7,0.002849
Attacks,7,0.002849
Stream_to,7,0.002849
saddle,7,0.002849
Pillion,7,0.002849
Benefactors,7,0.002849
Monster_,7,0.002849
Story_had,7,0.002849
Hannover,7,0.002849
Rats,7,0.002849
Estate_out,7,0.002849
mis,7,0.002849
damnabl,7,0.002849
Doctrines,7,0.002849
Hunters,7,0.002849
Thwachum,7,0.002849
Streams_flow,7,0.002849
Recollection,7,0.002849
Testimony_to,7,0.002849
Northeast_by,7,0.002849
Inhabitants,7,0.002849
dreading,7,0.002849
Lot,7,0.002849
Gowns,7,0.002849
Politician,7,0.002849
Doctor_frequently,7,0.002849
Enjoyments,7,0.002849
Insults,7,0.002849
countenance,7,0.002849
Captain_on,7,0.002849
Story_told,6,0.002442
My,6,0.002442
Shilling,6,0.002442
Potion,6,0.002442
Libation,6,0.002442
Bottles,6,0.002442
Pamphlets,6,0.002442
Pipe,6,0.002442
Horses,6,0.002442
Magistrates_,6,0.002442
Prisoner,6,0.002442
patient,6,0.002442
Funeral,6,0.002442
Lady_Reason,6,0.002442
Lady_Age,6,0.002442
Cure,6,0.002442
Comparison,6,0.002442
Glory,6,0.002442
want,6,0.002442
Maam,6,0.002442
Horace,6,0.002442
Fifty,6,0.002442
Foil,6,0.002442
Painter,6,0.002442
Contrast_of,6,0.002442
Figures,6,0.002442
Thanksgivings,6,0.002442
Diffidence,6,0.002442
Postures_of,6,0.002442
Attitude,6,0.002442
Scope,6,0.002442
Profusion,6,0.002442
Scent,6,0.002442
Fortnight,6,0.002442
sorrow,6,0.002442
1000l,6,0.002442
Error,6,0.002442
urn,6,0.002442
Springs,6,0.002442
State_Wheels,6,0.002442
Machines,6,0.002442
un,6,0.002442
Scorn,6,0.002442
answer,6,0.002442
Tenets,6,0.002442
Engagement,6,0.002442
Sign,6,0.002442
Elogium,6,0.002442
Gazette,6,0.002442
Proceedings,6,0.002442
Airs,6,0.002442
Approbation,6,0.002442
Haste_,6,0.002442
Western_Daughter,6,0.002442
goo,6,0.002442
Draught_than,6,0.002442
Quarrel,6,0.002442
Candor,6,0.002442
Brethren,6,0.002442
Largesses,6,0.002442
Offenders,6,0.002442
Justice_which,6,0.002442
Flaw,6,0.002442
Captain_again,6,0.002442
Algebra,6,0.002442
Doctors_to,6,0.002442
Doctors_departure,6,0.002442
departure,6,0.002442
Penetration,6,0.002442
Territories,6,0.002442
fall,6,0.002442
Sink,6,0.002442
Iniquity,6,0.002442
Coke,6,0.002442
Lyttleton,6,0.002442
Text,6,0.002442
Champions,6,0.002442
Jack,6,0.002442
Master_had,6,0.002442
Understanding_Mr,6,0.002442
hurt,6,0.002442
Offspring,6,0.002442
Steel_of,6,0.002442
Wretches,6,0.002442
Penitence,6,0.002442
Statue_of,6,0.002442
Luster_in,6,0.002442
Cambric,6,0.002442
Nitor,6,0.002442
Circle,6,0.002442
Eternal,6,0.002442
Sir_from,6,0.002442
Dawn,6,0.002442
Meridian,6,0.002442
Brutus,6,0.002442
Conquests_,6,0.002442
General_,6,0.002442
Carcass,6,0.002442
Graves,6,0.002442
Talons,6,0.002442
Nostril_of,6,0.002442
Country_Fellow,6,0.002442
Matrimony,6,0.002442
em,6,0.002442
country,6,0.002442
Interest_may,6,0.002442
Management,6,0.002442
cavil,6,0.002442
Article,6,0.002442
turns,6,0.002442
palls,6,0.002442
Heliogabalus,6,0.002442
History_chooses,6,0.002442
Miss_such,6,0.002442
One,6,0.002442
Rudiments,6,0.002442
Sick,6,0.002442
Cleostratus_gave,6,0.002442
Reflections,6,0.002442
Warning,6,0.002442
Forest_well,6,0.002442
practice,6,0.002442
Attack,6,0.002442
Intrepidity,6,0.002442
Beef,6,0.002442
Pudding,6,0.002442
Fox,6,0.002442
hounds,6,0.002442
Miss_Slouch,6,0.002442
Slouch,6,0.002442
Fray,6,0.002442
Sister_Mind,6,0.002442
Appendage,6,0.002442
Ogles,6,0.002442
Glances,6,0.002442
Whistles_in,6,0.002442
Exclamations,6,0.002442
Kite,6,0.002442
Intimation,6,0.002442
Doctor_any,6,0.002442
Defects,6,0.002442
Mr_Hogarth,6,0.002442
Hogarth,6,0.002442
Banquet,6,0.002442
Sauce,6,0.002442
Panegyric,6,0.002442
Inconveniences,6,0.002442
Complexion,6,0.002442
Adventurers,6,0.002442
Coffee,6,0.002442
houses,6,0.002442
Streams_of,6,0.002442
Clergyman,5,0.002035
change,5,0.002035
Headache,5,0.002035
What,5,0.002035
Impurities,5,0.002035
Incidents,5,0.002035
Legs,5,0.002035
Backwardness,5,0.002035
Certainty,5,0.002035
Reprobacy,5,0.002035
Oath,5,0.002035
effect,5,0.002035
Apothecary,5,0.002035
Western_the,5,0.002035
Ladder,5,0.002035
Blan,5,0.002035
Sympathy,5,0.002035
Charm,5,0.002035
Span,5,0.002035
Poets,5,0.002035
Inconvenience,5,0.002035
don,5,0.002035
Bribery,5,0.002035
Countryman_of,5,0.002035
yesterday_,5,0.002035
Keyhole,5,0.002035
bidding,5,0.002035
offering,5,0.002035
Strength_enough,5,0.002035
Circumstances_of,5,0.002035
consideration,5,0.002035
Doctor_Harangue,5,0.002035
Alexander,5,0.002035
Clytus,5,0.002035
Smallpox,5,0.002035
Doctors_who,5,0.002035
fee,5,0.002035
tenderer,5,0.002035
Platonic,5,0.002035
Model,5,0.002035
Nobody,5,0.002035
Crimes,5,0.002035
Chorus,5,0.002035
Revenge,5,0.002035
Rain,5,0.002035
Carpenters,5,0.002035
State_State,5,0.002035
Pencil,5,0.002035
Toasts_of,5,0.002035
Kit,5,0.002035
Cat,5,0.002035
Commendation,5,0.002035
Habit,5,0.002035
Correspondence,5,0.002035
h,5,0.002035
y,5,0.002035
ay,5,0.002035
Story_to,5,0.002035
Perplexity,5,0.002035
Custom_into,5,0.002035
Young,5,0.002035
Supposition,5,0.002035
Inferiors,5,0.002035
Fun,5,0.002035
side,5,0.002035
Red,5,0.002035
Alllworthy,5,0.002035
Lady_no,5,0.002035
Yesterday_,5,0.002035
Breeding,5,0.002035
Slip,5,0.002035
Indecency,5,0.002035
Stories_on,5,0.002035
room,5,0.002035
Inconsistency_or,5,0.002035
Absurdity,5,0.002035
Watch,5,0.002035
yourselves,5,0.002035
Douse,5,0.002035
thof,5,0.002035
Bastards_to,5,0.002035
arr,5,0.002035
ear,5,0.002035
Doctor_Gift,5,0.002035
Songs,5,0.002035
Smart,5,0.002035
Contention,5,0.002035
misbegotton,5,0.002035
Stomach_,5,0.002035
Silence,5,0.002035
Sketch,5,0.002035
Saint,5,0.002035
State_in,5,0.002035
Inducements,5,0.002035
Elegance,5,0.002035
Conveniences,5,0.002035
Lady_Refusal,5,0.002035
Refusal,5,0.002035
Sin,5,0.002035
Alls,5,0.002035
Packing,5,0.002035
ore,5,0.002035
Indignaion,5,0.002035
Marry,4,0.001628
Storm_grew,4,0.001628
Wind,4,0.001628
Swan,4,0.001628
Response,4,0.001628
Veather,4,0.001628
Farmer,4,0.001628
upwards,4,0.001628
Distinction_Fortune,4,0.001628
Chase,4,0.001628
Fears,4,0.001628
Liberties,4,0.001628
Play,4,0.001628
Profundity,4,0.001628
Dictatorial,4,0.001628
Masters_,4,0.001628
Inventor,4,0.001628
Visits,4,0.001628
Occasian,4,0.001628
Communication,4,0.001628
Advances,4,0.001628
Float,4,0.001628
Confinement,4,0.001628
Disturbance_,4,0.001628
Remains,4,0.001628
upbraidings,4,0.001628
inexpressible,4,0.001628
Journal,4,0.001628
Post_,4,0.001628
Leagues,4,0.001628
Interest_calls,4,0.001628
Disinclination,4,0.001628
Squeamishness,4,0.001628
Madman,4,0.001628
Setters,4,0.001628
Fool,4,0.001628
Strangers_Exit,4,0.001628
Exit,4,0.001628
Peacemaking,4,0.001628
Privilege,4,0.001628
Englishman,4,0.001628
Bastard_like,4,0.001628
Volk,4,0.001628
MIND,4,0.001628
MAN,4,0.001628
Dispatch,4,0.001628
Partridgethat,4,0.001628
Diminutions,4,0.001628
demand,4,0.001628
Studies_of,4,0.001628
Architecture,4,0.001628
Gardening,4,0.001628
Stay_,4,0.001628
ccess,4,0.001628
Diligence,4,0.001628
Seventeen,4,0.001628
Class,4,0.001628
Remarks,4,0.001628
Domestics_,4,0.001628
Proverbs,4,0.001628
Instances_,4,0.001628
Protection,4,0.001628
Animals,4,0.001628
Belief,4,0.001628
Instruction_of,4,0.001628
Lashes,4,0.001628
Experiment,4,0.001628
Correction,4,0.001628
Opposites,4,0.001628
Construction_of,4,0.001628
Acquiescence,4,0.001628
Sir_upon,4,0.001628
Lady_absolutely,4,0.001628
Trumpet,4,0.001628
Slumber,4,0.001628
Shoulder,4,0.001628
Utility,4,0.001628
Procession,4,0.001628
Dews,4,0.001628
Throats,4,0.001628
Prejudice,4,0.001628
aster_Blifil,4,0.001628
Sir_Pipe,4,0.001628
Sir_to,4,0.001628
Perseverance,4,0.001628
Height,4,0.001628
Resolutions,4,0.001628
Dress_conquered,4,0.001628
Equals,4,0.001628
Battles,4,0.001628
Bess,4,0.001628
Front,4,0.001628
Spoils,4,0.001628
Mol,4,0.001628
eminine,4,0.001628
Puss,4,0.001628
kiss,4,0.001628
Pangs,4,0.001628
General_must,4,0.001628
Mistress_for,4,0.001628
Trust_,4,0.001628
uch,4,0.001628
Schoolboy,4,0.001628
Bills,4,0.001628
Volumes,4,0.001628
Endowment,4,0.001628
light,4,0.001628
Gra,4,0.001628
animal,4,0.001628
Doctor_with,4,0.001628
Endearments,4,0.001628
Impatience,4,0.001628
Mixture,4,0.001628
Collar,4,0.001628
Threats,4,0.001628
Defiance,4,0.001628
Sportsmen,4,0.001628
Priestess_in,4,0.001628
Virgil,4,0.001628
Celebration,4,0.001628
Solos,4,0.001628
Instrument_,4,0.001628
Temples,4,0.001628
Swoon,4,0.001628
preserver,4,0.001628
SophiaSophia,4,0.001628
Glutton,4,0.001628
Countenance_the,4,0.001628
Small,4,0.001628
Pox,4,0.001628
Sister_more,4,0.001628
Looking,4,0.001628
glass,4,0.001628
question_,4,0.001628
Profuseness,4,0.001628
Taxes,4,0.001628
Bystanders_,4,0.001628
Professions,4,0.001628
Instructive_Lecture,4,0.001628
Thisbe,4,0.001628
Forecast_in,4,0.001628
Farmers,4,0.001628
Wages,4,0.001628
Touchstone_,4,0.001628
Controversies,4,0.001628
Divinity,4,0.001628
Neighboring,4,0.001628
Curates,4,0.001628
Colonel,4,0.001628
Interest_obliged,4,0.001628
Discernment,4,0.001628
Fopmakers,4,0.001628
Strength_rather,4,0.001628
Ploughman,4,0.001628
Lookout,4,0.001628
Glance,4,0.001628
Gesture_,4,0.001628
Affairan,4,0.001628
Wants,4,0.001628
Reconciliation,4,0.001628
Instructions_,4,0.001628
Furya,4,0.001628
Mention,4,0.001628
Barbers,4,0.001628
Rendezvous,4,0.001628
Palm,3,0.001221
Sights,3,0.001221
Lady_utmost,3,0.001221
hunting,3,0.001221
Hurt,3,0.001221
Distance_when,3,0.001221
Timidity,3,0.001221
Encomiums,3,0.001221
Betters,3,0.001221
Duller_and,3,0.001221
Dullest_,3,0.001221
Contrast_,3,0.001221
Visitation,3,0.001221
Intimacy,3,0.001221
Sobriety,3,0.001221
Stairs_with,3,0.001221
glory,3,0.001221
Nobleman,3,0.001221
Circumstances_too,3,0.001221
Machine,3,0.001221
Motion,3,0.001221
Bea,3,0.001221
ties,3,0.001221
rable,3,0.001221
Womankind,3,0.001221
Conclusion,3,0.001221
Profligacy,3,0.001221
thence,3,0.001221
Jaws,3,0.001221
Prosperity,3,0.001221
Residue,3,0.001221
fackins,3,0.001221
Gibberish,3,0.001221
They,3,0.001221
Meney,3,0.001221
Sisterhis_Sister,3,0.001221
Constraint_on,3,0.001221
rest_to,3,0.001221
pall,3,0.001221
Lessons,3,0.001221
Western_to,3,0.001221
Master_own,3,0.001221
self,3,0.001221
charmingest_,3,0.001221
Charges,3,0.001221
Pearls,3,0.001221
Fancy,3,0.001221
Shelter,3,0.001221
Wroth,3,0.001221
abode,3,0.001221
Quotations,3,0.001221
Commonplace,3,0.001221
Story_i,3,0.001221
Greek,3,0.001221
Necessities,3,0.001221
Coffers,3,0.001221
Access,3,0.001221
Scandal,3,0.001221
pity,3,0.001221
Lady_for,3,0.001221
Lady_not,3,0.001221
Moroseness,3,0.001221
Aristotle_himself,3,0.001221
Turbulency,3,0.001221
Proportion,3,0.001221
Soil,3,0.001221
meum,3,0.001221
tuum,3,0.001221
Proverb,3,0.001221
Squires,3,0.001221
Reverend_Mr,3,0.001221
Mode,3,0.001221
Injustice_,3,0.001221
Beggarly,3,0.001221
Companion,3,0.001221
Lashing,3,0.001221
Tuition,3,0.001221
Henceforward,3,0.001221
Glass,3,0.001221
Rocks,3,0.001221
Veneration,3,0.001221
Dimple,3,0.001221
Her,3,0.001221
Beauties,3,0.001221
String_about,3,0.001221
Leg,3,0.001221
Fruit,3,0.001221
Partridg,3,0.001221
Mew,3,0.001221
Partridges,3,0.001221
Destiny_,3,0.001221
Simplicity,3,0.001221
Skull,3,0.001221
Floor,3,0.001221
Stower_Carcass,3,0.001221
Stocking_,3,0.001221
Lion,3,0.001221
being,3,0.001221
Males,3,0.001221
Churchyard,3,0.001221
handsomer,3,0.001221
Soninlaw,3,0.001221
Bruises,3,0.001221
Follies,3,0.001221
Inadvertencies,3,0.001221
Presumption,3,0.001221
Quest_of,3,0.001221
Ladyship_not,3,0.001221
Notions,3,0.001221
Nonsense,3,0.001221
properest_to,3,0.001221
Net,3,0.001221
Lord_has,3,0.001221
enough,3,0.001221
Plebeians,3,0.001221
Liquor,3,0.001221
Resources,3,0.001221
Posture_of,3,0.001221
Fist_of,3,0.001221
Nations,3,0.001221
Master_Back,3,0.001221
Back,3,0.001221
Brat,3,0.001221
Assistance_in,3,0.001221
Sophistry_and,3,0.001221
Delusion,3,0.001221
Understanding_you,3,0.001221
Immortality,3,0.001221
Luck,3,0.001221
King_s,3,0.001221
Post_of,3,0.001221
Lieutenant,3,0.001221
Dragoons_,3,0.001221
Qualification,3,0.001221
Witch,3,0.001221
Endor,3,0.001221
Fathers,3,0.001221
Schoolmaster_in,3,0.001221
Luxuries,3,0.001221
Chair,3,0.001221
Changes,3,0.001221
Moon,3,0.001221
Schoolmaster_and,3,0.001221
Ends,3,0.001221
Antagonist_Fingers,3,0.001221
Reatrn,2,0.000814
Dishes,2,0.000814
voot,2,0.000814
Quandary,2,0.000814
Ladyship_Pardon,2,0.000814
Bastard_all,2,0.000814
hearing,2,0.000814
Distance_in,2,0.000814
Draggle_,2,0.000814
tails,2,0.000814
Divil,2,0.000814
bleeding,2,0.000814
Bleeding,2,0.000814
Delay,2,0.000814
Harangu,2,0.000814
reature,2,0.000814
Ladyship_s,2,0.000814
Ladyshipyour_Ladyship,2,0.000814
Predecessors,2,0.000814
Vein,2,0.000814
Contrivance,2,0.000814
Neglect,2,0.000814
Nostrum_to,2,0.000814
Medicine,2,0.000814
sorrel,2,0.000814
Draught_that,2,0.000814
Constancy_in,2,0.000814
Fragment,2,0.000814
Protestations_,2,0.000814
Lady_you,2,0.000814
back,2,0.000814
ire,2,0.000814
Flood,2,0.000814
Perjury,2,0.000814
Laughter,2,0.000814
Infidelity,2,0.000814
Metaphor,2,0.000814
Agitations,2,0.000814
rest_of,2,0.000814
utmost_,2,0.000814
Army,2,0.000814
Lamentations,2,0.000814
Duration_,2,0.000814
Strength_too,2,0.000814
Cermonial,2,0.000814
Master_has,2,0.000814
Country_Ignorance,2,0.000814
H,2,0.000814
Shift,2,0.000814
themmun,2,0.000814
Assertions,2,0.000814
Western_at,2,0.000814
Thief,2,0.000814
doubt,2,0.000814
Loving,2,0.000814
Extent,2,0.000814
Fainting,2,0.000814
Contamination,2,0.000814
menat,2,0.000814
Groat,2,0.000814
Famine,2,0.000814
Street_,2,0.000814
Drop_of,2,0.000814
Frame,2,0.000814
satisfaction,2,0.000814
confoundedly,2,0.000814
Bastard_to,2,0.000814
will,2,0.000814
Liberality,2,0.000814
Atheism,2,0.000814
Enthusiasm,2,0.000814
Promises,2,0.000814
Commandments,2,0.000814
Industry_on,2,0.000814
fonder,2,0.000814
Captain_any,2,0.000814
con,2,0.000814
Lady_to,2,0.000814
Progress,2,0.000814
Space,2,0.000814
Stage_in,2,0.000814
Preservers,2,0.000814
nati,2,0.000814
Absurdities,2,0.000814
Provocation,2,0.000814
Master_such,2,0.000814
Fib,2,0.000814
Moments,2,0.000814
Duty_of,2,0.000814
Stick_,2,0.000814
Inveteracy,2,0.000814
Sir_Cheeks,2,0.000814
Sacrilege,2,0.000814
Watchfulness,2,0.000814
Basket,2,0.000814
Coronation,2,0.000814
Personages,2,0.000814
Middle,2,0.000814
Finger,2,0.000814
right,2,0.000814
Christian_Motive,2,0.000814
Instructions_have,2,0.000814
Deist_or,2,0.000814
Atheist_,2,0.000814
Judgments,2,0.000814
Tempers,2,0.000814
FellowFellow,2,0.000814
Leaps,2,0.000814
Tune,2,0.000814
Sparks,2,0.000814
TomTom,2,0.000814
Estate_in,2,0.000814
Retreat,2,0.000814
Thigh,2,0.000814
Clout,2,0.000814
Damage,2,0.000814
Petticoat,2,0.000814
Circumstance_which,2,0.000814
Complaints,2,0.000814
Remembrance,2,0.000814
Passage,2,0.000814
Indignation,2,0.000814
Astonishment_at,2,0.000814
Rings,2,0.000814
Sister_this,2,0.000814
Entertainer,2,0.000814
Victuallers,2,0.000814
Token,2,0.000814
Priest_when,2,0.000814
Heath,2,0.000814
Unbeliever,2,0.000814
Docto,2,0.000814
General_Enemy,2,0.000814
snoring,2,0.000814
Doctor_Pulse,2,0.000814
Doctor_Rage,2,0.000814
Millions,2,0.000814
Acres,2,0.000814
Distance_between,2,0.000814
Penknife,2,0.000814
Cleostratus_,2,0.000814
Pittacus,2,0.000814
Dido,2,0.000814
Ejaculation,2,0.000814
Step_Mr,2,0.000814
abstain_,2,0.000814
Huome,2,0.000814
Contusions,2,0.000814
Rise,2,0.000814
Country_of,2,0.000814
Foxes,2,0.000814
Sect,2,0.000814
Flatterer,2,0.000814
Change,2,0.000814
Sister_with,2,0.000814
History_of,2,0.000814
Apoplexy,2,0.000814
Master_standing,2,0.000814
standing_by,2,0.000814
Master_being,2,0.000814
undrest_,2,0.000814
Duty_in,2,0.000814
Sister_Master,2,0.000814
Report,2,0.000814
Master_must,2,0.000814
Mothers,2,0.000814
Humanity,2,0.000814
Violation,2,0.000814
Justice_with,2,0.000814
Road,2,0.000814
Doctor_Bread,2,0.000814
sage,2,0.000814
Probability,2,0.000814
Incapacity,2,0.000814
Qualifications,2,0.000814
Military,2,0.000814
Forty,2,0.000814
thousands,2,0.000814
Innocent,2,0.000814
Taste_of,2,0.000814
sweets,2,0.000814
Substance_,2,0.000814
Rome,2,0.000814
Twenty,2,0.000814
Pledges,2,0.000814
Invetracy,2,0.000814
Travels,2,0.000814
Irascible,1,0.000407
Constitution_to,1,0.000407
X,1,0.000407
Vent,1,0.000407
Sixpence,1,0.000407
Rider,1,0.000407
Joiner,1,0.000407
Bail,1,0.000407
Cousin,1,0.000407
Days,1,0.000407
Electors,1,0.000407
Essentials,1,0.000407
Cast_,1,0.000407
Exhortations,1,0.000407
Request_which,1,0.000407
Justification_,1,0.000407
mind,1,0.000407
trembling,1,0.000407
Troy,1,0.000407
Defect,1,0.000407
Theory,1,0.000407
Oh,1,0.000407
Censure,1,0.000407
Charities,1,0.000407
Verse,1,0.000407
Machiavel,1,0.000407
Garden,1,0.000407
Bedfellow,1,0.000407
Bargains,1,0.000407
Hypocrisy,1,0.000407
There,1,0.000407
Minute,1,0.000407
Veins,1,0.000407
roll,1,0.000407
Windows,1,0.000407
Meditations,1,0.000407
Captain_only,1,0.000407
Sen,1,0.000407
Doctors_Leave,1,0.000407
Corpse,1,0.000407
Lady_so,1,0.000407
Accessory,1,0.000407
sauctuary,1,0.000407
Gun,1,0.000407
Stress_upon,1,0.000407
Memory,1,0.000407
Animosity,1,0.000407
Proposals,1,0.000407
Actors,1,0.000407
Influence,1,0.000407
Precedents,1,0.000407
Dr_Dr,1,0.000407
Bough,1,0.000407
Flight,1,0.000407
rest_with,1,0.000407
Revelation,1,0.000407
Sneer,1,0.000407
Plaintiff,1,0.000407
aught,1,0.000407
understandings_,1,0.000407
offense,1,0.000407
Abatement,1,0.000407
while,1,0.000407
Wall,1,0.000407
Conditions,1,0.000407
Industry_,1,0.000407
Imagination,1,0.000407
Poulterer,1,0.000407
rest_in,1,0.000407
Palates,1,0.000407
Viands,1,0.000407
hash,1,0.000407
Duty_I,1,0.000407
Disciple,1,0.000407
Events,1,0.000407
Miracle,1,0.000407
Discipline,1,0.000407
humor,1,0.000407
Scoundrels,1,0.000407
Attachment,1,0.000407
Leaves,1,0.000407
Master_insulted,1,0.000407
Burden,1,0.000407
Rear,1,0.000407
Iustances_,1,0.000407
Admonition,1,0.000407
Relish,1,0.000407
Culprit,1,0.000407
Intercourse,1,0.000407
Hemp,1,0.000407
Indulgences,1,0.000407
Lady_would,1,0.000407
Declarations,1,0.000407
Consolation,1,0.000407
Grapes,1,0.000407
WifeWife,1,0.000407
Sluts,1,0.000407
Witness,1,0.000407
