Guy,25166,5.780902
it,12971,2.979579
Philip,12344,2.83555
I,10779,2.476053
Amy,10277,2.360738
Mrs_Edmonstone,9241,2.122757
Charles,8926,2.050399
Laura,8442,1.939219
Sir_Guy,7203,1.654607
Mr_Edmonstone,6920,1.589599
Morville,4610,1.058967
Amabel,3799,0.872671
Ross,2876,0.660648
me,2866,0.658351
Markham,2602,0.597707
Edmonstone_,2563,0.588749
Dixon,2464,0.566007
Ashford,2428,0.557738
Charlotte,2411,0.553833
Mary,2273,0.522133
time,2244,0.515471
home,2039,0.46838
letter,1854,0.425884
brother,1764,0.40521
Wellwood,1724,0.396021
father,1689,0.387982
Mr_Ross,1664,0.382239
way,1564,0.359268
Redclyffe,1516,0.348242
hand,1506,0.345944
It,1447,0.332392
Eveleen,1447,0.332392
mother,1410,0.323892
Mr_Wellwood,1401,0.321825
Edmonstone_s,1350,0.31011
youth,1340,0.307812
uncle,1307,0.300232
Mrs_Ashford,1302,0.299083
nothing,1301,0.298854
day,1288,0.295868
husband,1287,0.295638
Hollywell,1281,0.29426
Bach,1274,0.292652
room,1266,0.290814
Sebastian_Bach,1263,0.290125
himself,1253,0.287828
face,1182,0.271518
Mr_Dixon,1106,0.25406
people,1084,0.249007
Mr_Markham,1058,0.243034
head,1052,0.241656
we,1035,0.237751
Edmonstone_was,1015,0.233156
mamma,1010,0.232008
anything,1005,0.230859
one,1001,0.229941
mind,980,0.225117
Captain_Morville,972,0.223279
Henley,961,0.220752
something,948,0.217766
St_Mildred,942,0.216388
Mildred,942,0.216388
fellow,922,0.211793
evening,910,0.209037
eyes,906,0.208118
books,891,0.204672
child,885,0.203294
wife,880,0.202145
Yes,866,0.19893
Mr_Ashford,865,0.1987
Courcy,859,0.197322
daughter,849,0.195024
life,842,0.193416
Mrs_Henley,834,0.191579
children,833,0.191349
person,818,0.187903
We,805,0.184917
You,796,0.18285
boy,790,0.181472
Thorndale,779,0.178945
thing,774,0.177796
nephew,770,0.176877
Lady_Eveleen,761,0.17481
round,759,0.17435
heart,740,0.169986
sense,731,0.167919
love,710,0.163095
cousin,708,0.162635
family,707,0.162406
house,706,0.162176
morning,703,0.161487
Charlie,694,0.159419
death,692,0.15896
moment,686,0.157582
words,657,0.15092
baby,656,0.15069
night,653,0.150001
voice,640,0.147015
name,629,0.144488
pleasure,624,0.14334
us,622,0.14288
manner,619,0.142191
character,618,0.141961
marriage,617,0.141732
word,616,0.141502
papa,614,0.141042
pauper,608,0.139664
Arnaud,600,0.137826
world,586,0.134611
forgiveness,580,0.133232
daughters,575,0.132084
cousins,571,0.131165
lady,560,0.128638
Archdeacon,556,0.127719
Edmonstone_own,552,0.1268
account,551,0.126571
kindness,550,0.126341
friend,548,0.125882
feeling,548,0.125882
Marianne,546,0.125422
De,543,0.124733
Edmonstone_had,541,0.124274
library,538,0.123584
sort,531,0.121976
clergyman,530,0.121747
smile,529,0.121517
power,524,0.120368
book,524,0.120368
hands,519,0.11922
son,516,0.118531
place,515,0.118301
John,496,0.113937
Brownlow,494,0.113477
deal,492,0.113018
spirits,491,0.112788
party,481,0.110491
school,477,0.109572
London,473,0.108653
temper,472,0.108423
Sir_John,470,0.107964
Mandeville,470,0.107964
part,465,0.106816
illness,464,0.106586
officer,464,0.106586
side,463,0.106356
Kilcoran,463,0.106356
sister_,455,0.104518
conversation,447,0.102681
sea,443,0.101762
days,439,0.100843
Margaret,439,0.100843
end,429,0.098546
hope,426,0.097857
things,425,0.097627
carriage,424,0.097397
eye,423,0.097168
doctor,422,0.096938
tone,422,0.096938
Colonel,421,0.096708
thought,417,0.095789
confidence,411,0.094411
Shag,407,0.093492
sight,404,0.092803
return,403,0.092573
hours,402,0.092344
door,402,0.092344
loss,400,0.091884
feelings,399,0.091655
Maurice,398,0.091425
Edmonstone_could,395,0.090736
Mrs_Brownlow,395,0.090736
everything,393,0.090276
idea,393,0.090276
Well,390,0.089587
others,387,0.088898
grief,387,0.088898
air,386,0.088668
subject,385,0.088439
grandfather,384,0.088209
matter,383,0.087979
table,381,0.08752
happiness,375,0.086142
Mr_Morville,371,0.085223
thoughts,369,0.084763
attention,369,0.084763
sofa,366,0.084074
men,365,0.083844
joy,363,0.083385
care,359,0.082466
No,359,0.082466
expression,354,0.081318
letters,353,0.081088
parties,353,0.081088
business,350,0.080399
country,348,0.079939
Hugh,346,0.07948
society,344,0.079021
captain,344,0.079021
pardon,339,0.077872
yourself,339,0.077872
Mrs_Lavers,339,0.077872
Lavers,339,0.077872
Edmonstone_has,338,0.077642
sister_s,337,0.077413
Edmonstone_a,337,0.077413
opinion,335,0.076953
engagement,334,0.076723
visit,334,0.076723
presence,332,0.076264
course,331,0.076034
talk,331,0.076034
niece,328,0.075345
rocks,326,0.074886
lord,324,0.074426
Harewood,322,0.073967
description,321,0.073737
Robinson,320,0.073507
spirit,319,0.073278
fault,318,0.073048
comfort,316,0.072589
Ah,313,0.071899
health,310,0.07121
guardian,309,0.070981
dressingroom,308,0.070751
nature,308,0.070751
offence,308,0.070751
arm,307,0.070521
silence,306,0.070292
hair,304,0.069832
Ashfords,303,0.069602
James,302,0.069373
stairs_,301,0.069143
means,300,0.068913
cause,299,0.068684
attachment,298,0.068454
Edward,298,0.068454
length,297,0.068224
conduct,296,0.067994
harm,294,0.067535
adventures,294,0.067535
chance,292,0.067076
satisfaction,291,0.066846
Little,291,0.066846
pain,290,0.066616
disappointment,290,0.066616
money,290,0.066616
merchants,290,0.066616
dread,287,0.065927
Moorworth,286,0.065697
right,285,0.065468
eh,285,0.065468
look,284,0.065238
Master_Philip,283,0.065008
fire,282,0.064778
dinner,281,0.064549
kind,280,0.064319
Ireland,280,0.064319
window,278,0.06386
Mamma,276,0.0634
meaning,275,0.06317
music,275,0.06317
months,274,0.062941
girl,274,0.062941
relief,273,0.062711
aunt,271,0.062252
ball,271,0.062252
work,270,0.062022
light,270,0.062022
view,269,0.061792
poets,268,0.061562
suffering,266,0.061103
foot,263,0.060414
weeks,261,0.059955
countenance,258,0.059265
arms,256,0.058806
trouble,255,0.058576
wreck,253,0.058117
shame,253,0.058117
nay,253,0.058117
ground,253,0.058117
difference,251,0.057657
Edmonstone_should,250,0.057428
glance,250,0.057428
inquiries,249,0.057198
Edmonstone_to,249,0.057198
week,247,0.056739
year,246,0.056509
Lord_Kilcoran,246,0.056509
affection,245,0.056279
sun,244,0.056049
note,243,0.05582
service,243,0.05582
accounts,243,0.05582
spring,240,0.055131
advice,240,0.055131
confusion,240,0.055131
remembrance,238,0.054671
Deane,238,0.054671
county,236,0.054212
influence,236,0.054212
They,235,0.053982
morrow,234,0.053752
hour,233,0.053523
parish,231,0.053063
Oh,230,0.052833
Josiah,228,0.052374
Miss_Nortons,225,0.051685
Nortons,225,0.051685
sake,223,0.051226
pity,223,0.051226
years,223,0.051226
Lascelles,223,0.051226
desire,221,0.050766
anxiety,220,0.050536
O,220,0.050536
myself,220,0.050536
resemblance,219,0.050307
Mr_Lascelles,219,0.050307
Oxford,218,0.050077
company,217,0.049847
Lord_Thorndale,216,0.049618
dislike,215,0.049388
drawing,214,0.049158
half,213,0.048928
set,212,0.048699
concert,211,0.048469
parents,210,0.048239
gentleman,210,0.048239
wedding,209,0.04801
Anne,208,0.04778
dance,208,0.04778
fine,207,0.04755
fact,207,0.04755
order,205,0.047091
matters,204,0.046861
grave,203,0.046631
hopes,202,0.046402
rock,202,0.046402
reason,201,0.046172
bones,200,0.045942
danger,199,0.045712
opportunity,199,0.045712
Eva,199,0.045712
sailors,199,0.045712
absence,199,0.045712
wish,198,0.045483
feature,198,0.045483
lovers,198,0.045483
curls,197,0.045253
promise,197,0.045253
spite,196,0.045023
property,194,0.044564
boys,194,0.044564
pony,194,0.044564
ease,194,0.044564
residence,194,0.044564
favour,193,0.044334
reading,191,0.043875
winter,190,0.043645
case,190,0.043645
passage,190,0.043645
themselves,190,0.043645
Rock,189,0.043415
Bustle_,189,0.043415
change,187,0.042956
form,187,0.042956
task,187,0.042956
report,186,0.042726
peace,186,0.042726
cliff,185,0.042496
will,184,0.042267
reluctance,184,0.042267
Edmonstone_and,184,0.042267
hearing,183,0.042037
Ben,182,0.041807
trees,181,0.041578
tears,181,0.041578
representation,181,0.041578
feet,179,0.041118
token,176,0.040429
church,176,0.040429
angels,176,0.040429
admiration,176,0.040429
weight,176,0.040429
summer,175,0.040199
notion,175,0.040199
want,175,0.040199
gleam,175,0.040199
importance,174,0.03997
escape,173,0.03974
bed,173,0.03974
degree,173,0.03974
act,173,0.03974
bit,172,0.03951
duty,172,0.03951
pupils,172,0.03951
hint,171,0.039281
passages,171,0.039281
Edmonstone_is,169,0.038821
Park,169,0.038821
Fair,169,0.038821
print,169,0.038821
prejudice,168,0.038591
anyone,168,0.038591
likeness,167,0.038362
flowers,167,0.038362
resolution,167,0.038362
bouquets,166,0.038132
turn,166,0.038132
clock,166,0.038132
use,165,0.037902
surprise,164,0.037673
friends,163,0.037443
rest_of,161,0.036983
garden,161,0.036983
point,160,0.036754
Christmas_sermons,160,0.036754
sermons,160,0.036754
courtesies,160,0.036754
sisters_,159,0.036524
patience,159,0.036524
grandeur,159,0.036524
arrival,157,0.036065
Mr_Thorndale,157,0.036065
patient,157,0.036065
girls,157,0.036065
Don,157,0.036065
doubt,156,0.035835
Mr_Gordon,156,0.035835
Gordon,156,0.035835
story_about,156,0.035835
throne,156,0.035835
station_,155,0.035605
explanation,155,0.035605
story_,154,0.035375
pride,154,0.035375
Child,154,0.035375
Blessed,154,0.035375
Virgin,154,0.035375
august_throne,154,0.035375
dog,153,0.035146
proof,153,0.035146
path,153,0.035146
Mr_and,152,0.034916
style_of,152,0.034916
Deloraine,151,0.034686
figure,151,0.034686
Lady_Kilcoran,151,0.034686
belief,150,0.034457
buttons,150,0.034457
Miss_Wellwood,149,0.034227
chair,149,0.034227
parts,149,0.034227
deportment,149,0.034227
trust_,149,0.034227
card,148,0.033997
Stylehurst_,148,0.033997
corners,148,0.033997
step_,148,0.033997
opposition,148,0.033997
distance_,146,0.033538
height,146,0.033538
delight,146,0.033538
Shene,145,0.033308
fishermen,145,0.033308
thrill,145,0.033308
shop,145,0.033308
glass,144,0.033078
blessing,144,0.033078
rest_for,144,0.033078
advantage,143,0.032849
water,143,0.032849
He,143,0.032849
impression,143,0.032849
sarcasm,143,0.032849
circle,142,0.032619
college,141,0.032389
mountain,140,0.03216
rule,140,0.03216
Edmonstone_nephew,140,0.03216
misunderstanding_between,140,0.03216
rector,140,0.03216
speech,139,0.03193
scene,139,0.03193
partner,139,0.03193
sorrow,138,0.0317
Edmonstone_first,138,0.0317
knocks,138,0.0317
students_in,138,0.0317
spectacles,138,0.0317
snuff,138,0.0317
coats,138,0.0317
element,138,0.0317
effect,137,0.03147
truth,137,0.03147
Edmonstone_eyes,137,0.03147
none,137,0.03147
Edmonstone_Mr,137,0.03147
equanimity,137,0.03147
fury,137,0.03147
possession,136,0.031241
arrangements,136,0.031241
greeting,136,0.031241
weather,135,0.031011
dwelling,135,0.031011
master_,134,0.030781
joke,134,0.030781
Mr_Shene,133,0.030552
rate,133,0.030552
tones,132,0.030322
beauty,132,0.030322
terms,131,0.030092
plans,131,0.030092
attempt,130,0.029862
sympathy,130,0.029862
situation,130,0.029862
bluff,130,0.029862
misery,129,0.029633
neighbourhood,128,0.029403
Edmonstone_as,127,0.029173
journey,126,0.028944
reports,126,0.028944
She,126,0.028944
anybody,126,0.028944
Their,126,0.028944
Edmonstone_that,126,0.028944
fatherGuy,126,0.028944
King_Charles,126,0.028944
Fielder,125,0.028714
evidence,125,0.028714
Dr_Henley,124,0.028484
thankfulness,124,0.028484
Edmonstone_the,124,0.028484
veil,124,0.028484
ghost_,124,0.028484
park,123,0.028254
movement,123,0.028254
bearings,123,0.028254
sum,122,0.028025
discipline,122,0.028025
invitation,122,0.028025
upstart_sprig,122,0.028025
sprig,122,0.028025
Edmonstone_knew,122,0.028025
persons,121,0.027795
meeting,121,0.027795
fear,121,0.027795
horror,121,0.027795
facts,120,0.027565
vacation,120,0.027565
condition,119,0.027336
colouring,119,0.027336
mischief,119,0.027336
prayer,119,0.027336
indignation,119,0.027336
experience,119,0.027336
August_,119,0.027336
blame,118,0.027106
grace,118,0.027106
ward,118,0.027106
landing,117,0.026876
play,117,0.026876
songs,117,0.026876
talent,117,0.026876
grounds,116,0.026646
grandmamma,116,0.026646
Year,116,0.026646
sister_had,115,0.026417
unseasonableness,115,0.026417
difficulty,115,0.026417
opening,115,0.026417
domain,115,0.026417
fever,114,0.026187
pair,114,0.026187
hill,114,0.026187
consent,114,0.026187
hat,114,0.026187
Sintram,113,0.025957
horse,113,0.025957
neck,113,0.025957
energy,112,0.025728
Poor,111,0.025498
suspense,111,0.025498
fatigue,111,0.025498
scheme,111,0.025498
ladies,110,0.025268
proceedings,110,0.025268
translation,110,0.025268
faith,110,0.025268
farewell,109,0.025038
dictation,109,0.025038
Edmonstone_for,109,0.025038
conjunction,109,0.025038
Dr_Mayerne,109,0.025038
Mayerne,109,0.025038
answer,108,0.024809
education,108,0.024809
Alice,108,0.024809
vexation,108,0.024809
content,108,0.024809
angles,108,0.024809
earnest_in,108,0.024809
brow,107,0.024579
sound,107,0.024579
colour,107,0.024579
Fra,107,0.024579
rooms,106,0.024349
acquaintance,106,0.024349
ears,105,0.02412
search,105,0.02412
ante,105,0.02412
afternoon,105,0.02412
Coombe,105,0.02412
Prior,105,0.02412
corner,105,0.02412
state_of,104,0.02389
autumn,104,0.02389
Edmonstone_almost,104,0.02389
William,104,0.02389
pupil,104,0.02389
footing,104,0.02389
hospital,104,0.02389
scholar,104,0.02389
Mr_Philip,104,0.02389
object,103,0.02366
connection,103,0.02366
Edmonstone_might,103,0.02366
Lamsden,103,0.02366
request_that,103,0.02366
pile,102,0.023431
Edmonstone_little,102,0.023431
examination,102,0.023431
food,101,0.023201
sky,101,0.023201
serenity,101,0.023201
hold,101,0.023201
quarter,101,0.023201
reserve,100,0.022971
friendship,100,0.022971
top,100,0.022971
promptitude,100,0.022971
Edmonstone_thought,100,0.022971
warning,100,0.022971
Edmonstone_husband,100,0.022971
drinking,100,0.022971
Edmonstone_never,100,0.022971
sunshine,99,0.022741
minutes,99,0.022741
cap,99,0.022741
brotherinlaw,99,0.022741
purity,99,0.022741
tree,99,0.022741
tea,98,0.022512
Edmonstone_good,98,0.022512
dress,98,0.022512
entrance,98,0.022512
fears,98,0.022512
passions,98,0.022512
sigh,98,0.022512
occasion,98,0.022512
inhabitants,98,0.022512
Susan,98,0.022512
forehead,97,0.022282
Edmonstone_mother,97,0.022282
East_,97,0.022282
tongue,97,0.022282
list_of,96,0.022052
purpose,96,0.022052
history_of,96,0.022052
Potts,96,0.022052
Mrs_Drew,96,0.022052
Elizabeth,96,0.022052
prospects,95,0.021823
interest_,95,0.021823
feud,95,0.021823
aid,95,0.021823
Harry,95,0.021823
respect,95,0.021823
courtesy,95,0.021823
beginning,94,0.021593
Mr_Potts,94,0.021593
rest_,93,0.021363
repentance,93,0.021363
brightness,93,0.021363
verse,93,0.021363
impatience,93,0.021363
Edmonstone_wife,93,0.021363
roots,93,0.021363
curiosity,92,0.021133
amusement,92,0.021133
Edmonstone_son,92,0.021133
knee,92,0.021133
Redford,92,0.021133
times,91,0.020904
information,91,0.020904
amount,91,0.020904
listening_to,91,0.020904
member,90,0.020674
lodging,90,0.020674
maid,90,0.020674
Edmonstone_would,90,0.020674
Grace,90,0.020674
travellers,90,0.020674
tenderness,89,0.020444
revenge,89,0.020444
space,89,0.020444
sign,89,0.020444
Miss_Edmonstone,89,0.020444
pounds,89,0.020444
affairs,89,0.020444
field,89,0.020444
paper,89,0.020444
Lexicon,89,0.020444
nonsense,88,0.020215
radiant,88,0.020215
training,88,0.020215
game,88,0.020215
address,88,0.020215
feast_,88,0.020215
Edmonstone_uncle,88,0.020215
Edmonstone_power,88,0.020215
Strutt_s,88,0.020215
Sports,88,0.020215
Pastimes_,88,0.020215
blossoms,88,0.020215
marking,88,0.020215
charge,87,0.019985
cases,87,0.019985
ways,87,0.019985
branches,87,0.019985
Madonna,87,0.019985
firmness,87,0.019985
Cristoforo_,87,0.019985
consciousness,86,0.019755
appearance,86,0.019755
excuses,86,0.019755
walk,86,0.019755
watch,86,0.019755
drowning,86,0.019755
disclosures,86,0.019755
exertion,85,0.019525
fun,85,0.019525
bent,85,0.019525
San,85,0.019525
Sisto_,85,0.019525
misfortune,84,0.019296
doom,84,0.019296
holly,84,0.019296
Edmonstone_daughter,84,0.019296
animadversion,84,0.019296
sorts,84,0.019296
girlhood,84,0.019296
characteristic_,84,0.019296
intercourse,83,0.019066
news,83,0.019066
heir,83,0.019066
command,83,0.019066
precipice,83,0.019066
volume,83,0.019066
Edmonstone_did,83,0.019066
charges,83,0.019066
Edmonstone_cousin,83,0.019066
force,82,0.018836
doors,82,0.018836
Italians,82,0.018836
Edmonstone_girlhood,82,0.018836
credit,81,0.018607
plan,81,0.018607
age,81,0.018607
solitude,81,0.018607
His,81,0.018607
don,81,0.018607
board,81,0.018607
mourning,81,0.018607
tutor,81,0.018607
memory,81,0.018607
dark,81,0.018607
honour,80,0.018377
boat,80,0.018377
severity,80,0.018377
meantime,80,0.018377
touch,80,0.018377
English,80,0.018377
principle,80,0.018377
mantel,80,0.018377
shelf,80,0.018377
instant_Mrs,80,0.018377
Edmonstone_found,80,0.018377
Recoara,79,0.018147
reply,79,0.018147
observation,79,0.018147
creatures,79,0.018147
helplessness,79,0.018147
burden,79,0.018147
inclination,79,0.018147
Edmonstone_character,79,0.018147
delusion,78,0.017917
taste_,78,0.017917
village,78,0.017917
innocence,78,0.017917
master_s,78,0.017917
present,78,0.017917
justification_,78,0.017917
Edmonstone_relent,78,0.017917
brothers,78,0.017917
agitation,77,0.017688
creature,77,0.017688
disposition,77,0.017688
troubles,77,0.017688
recognition,77,0.017688
anger,77,0.017688
bonnet,77,0.017688
mouth,76,0.017458
building,76,0.017458
proposal,76,0.017458
mountains,76,0.017458
difficulties,76,0.017458
caution,76,0.017458
Edmonstone_ward,76,0.017458
fuss,75,0.017228
folly,75,0.017228
sensation,75,0.017228
calmness,75,0.017228
call,75,0.017228
suspicion,75,0.017228
piano,75,0.017228
quarrel,75,0.017228
earth,74,0.016999
fit,74,0.016999
umbrella,74,0.016999
displeasure,74,0.016999
Broadstone_,74,0.016999
mercy,74,0.016999
October,74,0.016999
sentiments,74,0.016999
denial,74,0.016999
Thousand,74,0.016999
calls,74,0.016999
shopping,74,0.016999
train,73,0.016769
shade,73,0.016769
cloud,73,0.016769
charity,73,0.016769
lessons,73,0.016769
yesterday_,73,0.016769
squire,73,0.016769
idolatry,73,0.016769
flower,73,0.016769
cheque,73,0.016769
debts,73,0.016769
rain,73,0.016769
nod,73,0.016769
abilities,73,0.016769
dream,72,0.016539
effort,72,0.016539
solicitude,72,0.016539
improvements,72,0.016539
help,72,0.016539
sayings,72,0.016539
Edmonstone_long,72,0.016539
mournfulness,72,0.016539
Edmonstone_countenance,72,0.016539
Edmonstone_received,72,0.016539
sister_was,71,0.016309
capital,71,0.016309
sacrifice,71,0.016309
Graham,71,0.016309
mystery_,71,0.016309
fortune,71,0.016309
superiority,71,0.016309
servants,70,0.01608
dreariness,70,0.01608
hunting,70,0.01608
questions_,70,0.01608
inquiry,70,0.01608
lesson,70,0.01608
instance_,70,0.01608
lion,70,0.01608
shake,70,0.01608
exhortation,70,0.01608
Bustle_s,70,0.01608
worm,70,0.01608
evil,69,0.01585
occupation,69,0.01585
confession,69,0.01585
races,69,0.01585
argument,69,0.01585
singing,69,0.01585
speed,69,0.01585
existence_,69,0.01585
talents,68,0.01562
breath,68,0.01562
stranger_,68,0.01562
nose,68,0.01562
prey,68,0.01562
principles,68,0.01562
lecture,68,0.01562
Miss_Brownlow,68,0.01562
attendance,68,0.01562
result,68,0.01562
Edmonstone_connection,68,0.01562
appointment,68,0.01562
repose,67,0.015391
waves,67,0.015391
Sunday,67,0.015391
companion,67,0.015391
Ay,67,0.015391
fancy,67,0.015391
submission,67,0.015391
knowledge,67,0.015391
Young,67,0.015391
mess,67,0.015391
court,67,0.015391
Mabel,67,0.015391
kettle,67,0.015391
holder,67,0.015391
England,66,0.015161
faults,66,0.015161
Mrs_Dixon,66,0.015161
alarm,66,0.015161
carelessness,66,0.015161
materials,66,0.015161
Papa,66,0.015161
dependence,66,0.015161
Joan,66,0.015161
criticisms,66,0.015161
sister_and,65,0.014931
excellence,65,0.014931
teaching,65,0.014931
anticipation,65,0.014931
abuse,65,0.014931
temptation,65,0.014931
fingers,65,0.014931
study_,65,0.014931
nobody,65,0.014931
while,65,0.014931
princess,65,0.014931
recovery,64,0.014701
neighbour,64,0.014701
position,64,0.014701
steward_,64,0.014701
abode,64,0.014701
relations,64,0.014701
lip,64,0.014701
lover,64,0.014701
project,64,0.014701
surgeon,64,0.014701
cross,64,0.014701
Lady_Mabel,64,0.014701
efforts,64,0.014701
whistle_,64,0.014701
consequence,64,0.014701
savage,64,0.014701
sisters_had,64,0.014701
failings,64,0.014701
darling,63,0.014472
demeanour,63,0.014472
faces,63,0.014472
Mr_Fielder,63,0.014472
tricks,63,0.014472
companions,63,0.014472
whole,63,0.014472
views,63,0.014472
poetry,63,0.014472
guard,63,0.014472
arrogance,63,0.014472
bore,63,0.014472
Edmonstone_thinks,63,0.014472
sons,63,0.014472
hills,62,0.014242
indifference,62,0.014242
strength_,62,0.014242
message,62,0.014242
Christmas_,62,0.014242
fore,62,0.014242
ourselves,62,0.014242
wishes,62,0.014242
thanks,62,0.014242
writing,62,0.014242
rank,62,0.014242
Edmonstone_other,62,0.014242
guardians,62,0.014242
usefulness,62,0.014242
George,62,0.014242
Raffaelle,62,0.014242
tamer,62,0.014242
beasts_if,62,0.014242
lines,61,0.014012
communication,61,0.014012
Old,61,0.014012
unwillingness,61,0.014012
diminution,61,0.014012
enemy,61,0.014012
Edmonstone_going,61,0.014012
de,61,0.014012
nursing,60,0.013783
depression,60,0.013783
line,60,0.013783
Edmonstone_went,60,0.013783
Edmonstone_watch,60,0.013783
Edmonstone_least,60,0.013783
demand,60,0.013783
outbreak,60,0.013783
hog,60,0.013783
crime,60,0.013783
relation,60,0.013783
sister_might,60,0.013783
disappointments,60,0.013783
jealousies,60,0.013783
dreading,60,0.013783
prediction,60,0.013783
May,60,0.013783
widower,60,0.013783
recollection,59,0.013553
oneself,59,0.013553
scrape,59,0.013553
Verena,59,0.013553
luncheon,59,0.013553
sinews,59,0.013553
reed,59,0.013553
animal,59,0.013553
shoulders,59,0.013553
bud,59,0.013553
bay,58,0.013323
future,58,0.013323
heaven,58,0.013323
cry,58,0.013323
moon,58,0.013323
class,58,0.013323
dignity,58,0.013323
language,58,0.013323
Edmonstone_heart,58,0.013323
struggle_,58,0.013323
Mrs_Deane,58,0.013323
Edmonstone_with,58,0.013323
terror,58,0.013323
Tom,58,0.013323
station_the,58,0.013323
Edmonstone_particularly,58,0.013323
caresses,58,0.013323
contrast_with,58,0.013323
soul,57,0.013094
communion,57,0.013094
spot,57,0.013094
Edmonstone_face,57,0.013094
laugh,57,0.013094
road,57,0.013094
inn,57,0.013094
rights,57,0.013094
kiss,57,0.013094
fool,57,0.013094
strictness_which,57,0.013094
schemes,57,0.013094
river,57,0.013094
show,57,0.013094
mothers,57,0.013094
honours,56,0.012864
gambling,56,0.012864
piles,56,0.012864
periodicals,56,0.012864
Edmonstone_said,56,0.012864
liking,56,0.012864
Edmonstone_only,56,0.012864
scruple,56,0.012864
treat,56,0.012864
floor,56,0.012864
correspondence,56,0.012864
Edmonstone_about,56,0.012864
schools,56,0.012864
discussion,56,0.012864
jessamine,56,0.012864
redolent,56,0.012864
darkness,55,0.012634
wonder,55,0.012634
improvement,55,0.012634
preparations,55,0.012634
leader,55,0.012634
strain_of,55,0.012634
renewal,55,0.012634
Miss_Amabel,55,0.012634
protege,54,0.012404
club,54,0.012404
characters,54,0.012404
Nothing,54,0.012404
determination,54,0.012404
sandstone_pile,54,0.012404
prosperity,54,0.012404
Nonsense,54,0.012404
Cavaliere,54,0.012404
Guido,54,0.012404
perplexities,54,0.012404
construing_,54,0.012404
Signora_s,54,0.012404
poste_restante,54,0.012404
restante_,54,0.012404
Edmonstone_sitting,54,0.012404
Edmonstone_dog,54,0.012404
Edmonstone_feet,54,0.012404
Thursday,54,0.012404
defiance,54,0.012404
powers,54,0.012404
decay,54,0.012404
foes,54,0.012404
tyrants,54,0.012404
dependants,54,0.012404
transactions,54,0.012404
Edmonstone_settled,54,0.012404
uniformity,54,0.012404
marbles,54,0.012404
Dignity,54,0.012404
Impudence,54,0.012404
Edmonstone_favourite,54,0.012404
Edmonstone_longer,54,0.012404
Corfu,53,0.012175
justice_to,53,0.012175
headache,53,0.012175
physician,53,0.012175
question_about,53,0.012175
bride,53,0.012175
lace,53,0.012175
composition,53,0.012175
goodbye,53,0.012175
midst_of,53,0.012175
authorities,53,0.012175
breakfast_,52,0.011945
tail,52,0.011945
guidance,52,0.011945
Edmonstone_on,52,0.011945
looks,52,0.011945
secret,52,0.011945
roof,52,0.011945
brushwood,52,0.011945
expense,52,0.011945
tremor,52,0.011945
balls,52,0.011945
sensitiveness,52,0.011945
Bishop,52,0.011945
gleams,52,0.011945
Christmas_Eve,52,0.011945
Eve,52,0.011945
childhood,52,0.011945
Mr_Lascelle,52,0.011945
Lascelle,52,0.011945
Edmonstone_learnt,52,0.011945
original,52,0.011945
Edmonstone_there,52,0.011945
assistance_,51,0.011715
paws,51,0.011715
Ledbury,51,0.011715
nobleness,51,0.011715
tact,51,0.011715
malice,51,0.011715
Morvilles,51,0.011715
affair,51,0.011715
Edmonstone_from,51,0.011715
share,51,0.011715
leave,51,0.011715
billiard,51,0.011715
brain,51,0.011715
mistakes_likely,51,0.011715
expressions,51,0.011715
welcome,51,0.011715
laments,51,0.011715
shirt,51,0.011715
sleeves,51,0.011715
contortions,51,0.011715
scissors,51,0.011715
romance,50,0.011486
humour,50,0.011486
plant,50,0.011486
choicest_,50,0.011486
readiness,50,0.011486
boyhood,50,0.011486
scruples,50,0.011486
Edmonstone_without,50,0.011486
start_and,50,0.011486
wood,50,0.011486
fits,50,0.011486
twist_of,50,0.011486
errands,50,0.011486
phaeton,50,0.011486
nerves,49,0.011256
exaggeration,49,0.011256
lock,49,0.011256
opinions,49,0.011256
wrath,49,0.011256
risk,49,0.011256
law,49,0.011256
sheep,49,0.011256
interest_in,49,0.011256
thinking,49,0.011256
enjoyment,49,0.011256
Edmonstone_by,49,0.011256
tear,49,0.011256
verge,49,0.011256
appeal,49,0.011256
ship,48,0.011026
motive,48,0.011026
Fanny,48,0.011026
cares,48,0.011026
good,48,0.011026
valleys,48,0.011026
employment,48,0.011026
lamp,48,0.011026
outrage,48,0.011026
courtship,48,0.011026
How,48,0.011026
visage,48,0.011026
attentions,48,0.011026
chestnut_,48,0.011026
refusal,48,0.011026
cheek,48,0.011026
roll,48,0.011026
ear,48,0.011026
interest_which,48,0.011026
Christmas_treat,48,0.011026
horses,48,0.011026
development,48,0.011026
scrutiny,48,0.011026
forks,48,0.011026
rakes,48,0.011026
pooks,48,0.011026
cocks,48,0.011026
counties,48,0.011026
management,47,0.010796
keeper,47,0.010796
boating,47,0.010796
bone,47,0.010796
moments,47,0.010796
conversations,47,0.010796
longing,47,0.010796
lake,47,0.010796
manners,47,0.010796
temptations,47,0.010796
apartment,47,0.010796
reconciliation,47,0.010796
Saturday,47,0.010796
23rd,47,0.010796
Edmonstone_of,47,0.010796
wreath,47,0.010796
shock,46,0.010567
mine,46,0.010567
Brown,46,0.010567
Ray,46,0.010567
mistake_,46,0.010567
mention,46,0.010567
smiles,46,0.010567
excuse,46,0.010567
tastes_,46,0.010567
fiction,46,0.010567
fright,46,0.010567
conjectures,46,0.010567
intuition,46,0.010567
beam,46,0.010567
rush,46,0.010567
run,46,0.010567
imitation,46,0.010567
pang,45,0.010337
wind,45,0.010337
screen,45,0.010337
university,45,0.010337
summit,45,0.010337
crew,45,0.010337
exclamations,45,0.010337
refuge,45,0.010337
haste_,45,0.010337
Nay,45,0.010337
babe,45,0.010337
grasp,45,0.010337
birthday,45,0.010337
watching,45,0.010337
conferences,45,0.010337
fain,45,0.010337
toilet,45,0.010337
affectation,45,0.010337
penitence,45,0.010337
stay_,45,0.010337
picture,44,0.010107
sleep,44,0.010107
consideration,44,0.010107
knees,44,0.010107
living,44,0.010107
intervals,44,0.010107
concern,44,0.010107
plenty,44,0.010107
coach,44,0.010107
guests_,44,0.010107
might,44,0.010107
connections,44,0.010107
generosity,44,0.010107
candle,44,0.010107
utmost_,44,0.010107
pound,44,0.010107
Mrs_Gresham,44,0.010107
Gresham,44,0.010107
deference,44,0.010107
stories_of,44,0.010107
Edmonstone_usual,44,0.010107
Edmonstone_life,44,0.010107
executors,44,0.010107
believe,44,0.010107
colonel,43,0.009878
objects,43,0.009878
need,43,0.009878
Juno,43,0.009878
composure,43,0.009878
hatred,43,0.009878
widowhood,43,0.009878
GRAY,43,0.009878
What,43,0.009878
permission,43,0.009878
swinging,43,0.009878
expectations,43,0.009878
behaviour,43,0.009878
papers,43,0.009878
fruit,43,0.009878
attack,43,0.009878
tradesmen,43,0.009878
tidings,42,0.009648
doings,42,0.009648
Munich,42,0.009648
scrapes,42,0.009648
regiment,42,0.009648
Posthumus_,42,0.009648
Edmonstone_sank,42,0.009648
master_of,42,0.009648
passion,42,0.009648
circumstances_,42,0.009648
specimen,42,0.009648
pitch,42,0.009648
games,42,0.009648
Edmonstone_answered,42,0.009648
Edmonstone_ventured,42,0.009648
attempts,42,0.009648
Stylehurst_amongst,42,0.009648
omen,42,0.009648
sister_as,42,0.009648
Edmonstones_,42,0.009648
separation,42,0.009648
limit,42,0.009648
history_history,42,0.009648
studs_,42,0.009648
Christian_Year,42,0.009648
rencontre,42,0.009648
floods,42,0.009648
streams_,42,0.009648
lakes,42,0.009648
mounds,42,0.009648
islets,42,0.009648
proportion,42,0.009648
plants,42,0.009648
upwards,41,0.009418
gratitude,41,0.009418
emotion,41,0.009418
shipwreck,41,0.009418
crowd,41,0.009418
Edmonstone_in,41,0.009418
Edmonstone_hands,41,0.009418
bitterness,41,0.009418
reflection,41,0.009418
quotation,41,0.009418
Edmonstone_round,41,0.009418
lodgings,41,0.009418
freedom,41,0.009418
welfare,41,0.009418
detail,41,0.009418
measures,41,0.009418
provocation,41,0.009418
Edmonstone_ears,41,0.009418
requirements,41,0.009418
qualities,40,0.009188
tide,40,0.009188
christening_party,40,0.009188
sadness,40,0.009188
departure,40,0.009188
crag,40,0.009188
growth,40,0.009188
Edmonstone_tongue,40,0.009188
progress,40,0.009188
shoulder,40,0.009188
scale,40,0.009188
Edmonstone_betrayed,40,0.009188
Greek,40,0.009188
chamber,40,0.009188
cigar,40,0.009188
serrer,40,0.009188
Edmonstone_neck,40,0.009188
counsel,39,0.008959
prints,39,0.008959
choice,39,0.008959
coat,39,0.008959
rope,39,0.008959
servant,39,0.008959
history_,39,0.008959
evils,39,0.008959
haste_to,39,0.008959
dieter,39,0.008959
broths,39,0.008959
Charlesfastidious_tastes,39,0.008959
pillows,39,0.008959
forbearance,39,0.008959
current,39,0.008959
distress_to,39,0.008959
habitation,39,0.008959
Locksley,39,0.008959
Hall,39,0.008959
Edmonstone_opinion,38,0.008729
extract,38,0.008729
cabin,38,0.008729
conference,38,0.008729
lap,38,0.008729
coals,38,0.008729
Todd,38,0.008729
bereavement,38,0.008729
Aunt,38,0.008729
Sir_Galahad,38,0.008729
Galahad,38,0.008729
activity,38,0.008729
Edmonstone_will,38,0.008729
discovery,38,0.008729
persecution,38,0.008729
Edmonstone_description,38,0.008729
Edmonstone_companions,38,0.008729
vote,38,0.008729
correspondent,38,0.008729
Lord_de,38,0.008729
archdeacon,38,0.008729
P,38,0.008729
definitions,38,0.008729
conscience,37,0.008499
eagerness,37,0.008499
knight,37,0.008499
apprehension,37,0.008499
Grey,37,0.008499
vice,37,0.008499
youthfulness,37,0.008499
tokens,37,0.008499
commendation,37,0.008499
groups,37,0.008499
lips,37,0.008499
airs,37,0.008499
gold,37,0.008499
dining,37,0.008499
mystery_with,37,0.008499
Edmonstone_here,37,0.008499
cherub,37,0.008499
accoutrements,37,0.008499
weapons,37,0.008499
hints,37,0.008499
violence,37,0.008499
chairs,36,0.00827
surge,36,0.00827
intimacy,36,0.00827
constancy_as,36,0.00827
contents,36,0.00827
rules,36,0.00827
chicken,36,0.00827
Drew_thought,36,0.00827
strength_returned,36,0.00827
Englishman,36,0.00827
Venice,36,0.00827
bell,36,0.00827
intellect,36,0.00827
descendant,36,0.00827
Come,36,0.00827
pageant,36,0.00827
Edmonstone_senses,36,0.00827
farm,36,0.00827
Quixote,36,0.00827
hesitation,36,0.00827
yard,36,0.00827
excitement,36,0.00827
lad,36,0.00827
All,36,0.00827
score,36,0.00827
sisters_was,36,0.00827
Edmonstone_during,36,0.00827
circumstances_of,36,0.00827
estimation_,36,0.00827
crescents,36,0.00827
villas,36,0.00827
elevation,36,0.00827
distress_at,36,0.00827
duration,36,0.00827
confessions,36,0.00827
verses,35,0.00804
wine,35,0.00804
proofs,35,0.00804
Thank,35,0.00804
slope,35,0.00804
peril,35,0.00804
awe,35,0.00804
hearts,35,0.00804
senses,35,0.00804
baronet,35,0.00804
sakes,35,0.00804
whip,35,0.00804
Bellagio,35,0.00804
compliment,35,0.00804
fairness,35,0.00804
rage,35,0.00804
renunciation,35,0.00804
Edmonstone_confessed,35,0.00804
discretion,35,0.00804
treasures,35,0.00804
influences,35,0.00804
spectacle,35,0.00804
suspicions,34,0.00781
impulse,34,0.00781
office,34,0.00781
teasing,34,0.00781
sister_would,34,0.00781
sister_that,34,0.00781
brilliancy,34,0.00781
ones,34,0.00781
Edmonstone_mind,34,0.00781
slave,34,0.00781
Edmonstone_confidence,34,0.00781
question_,34,0.00781
Church,34,0.00781
praise,34,0.00781
outline,34,0.00781
surmise,34,0.00781
rest_would,34,0.00781
motion,34,0.00781
Edmonstone_inability,34,0.00781
inability,34,0.00781
twitchings,34,0.00781
Edmonstone_forehead,34,0.00781
tripping,34,0.00781
inheritance,34,0.00781
talks,34,0.00781
Edmonstone_guests,34,0.00781
refreshment,34,0.00781
Edmonstone_ought,34,0.00781
Edmonstone_grievously,34,0.00781
ebullition,34,0.00781
pussy,34,0.00781
cat,34,0.00781
engraving,34,0.00781
accident,34,0.00781
versifying,34,0.00781
ancestry_,34,0.00781
peculiarities,34,0.00781
works,34,0.00781
objection,33,0.00758
legs,33,0.00758
notice,33,0.00758
shades,33,0.00758
affections,33,0.00758
key,33,0.00758
peaks,33,0.00758
steps_,33,0.00758
value,33,0.00758
Sundays,33,0.00758
twilight,33,0.00758
pains,33,0.00758
saucy,33,0.00758
triumph,33,0.00758
secrecy,33,0.00758
Edmonstone_promise,33,0.00758
Tis,33,0.00758
prospect,33,0.00758
affliction,33,0.00758
judgment,32,0.007351
distress_,32,0.007351
feather,32,0.007351
Frederick,32,0.007351
lawn,32,0.007351
urchins,32,0.007351
dreams,32,0.007351
thee,32,0.007351
Christmas_at,32,0.007351
gaiety,32,0.007351
Edmonstone_at,32,0.007351
tenants,32,0.007351
inch,32,0.007351
offences,32,0.007351
imagination,32,0.007351
parasol,32,0.007351
studies_,32,0.007351
promotion,32,0.007351
hall,32,0.007351
roads,32,0.007351
Latin,32,0.007351
Blacksmith,32,0.007351
restlessness_and,32,0.007351
Edmonstone_tells,32,0.007351
Farmer,32,0.007351
Lord_and,32,0.007351
circumstances_Laura,32,0.007351
comparison,32,0.007351
rejection,32,0.007351
Edmonstone_hand,32,0.007351
Easter_,32,0.007351
orphan,32,0.007351
decorations,32,0.007351
sounds,32,0.007351
regrets,32,0.007351
cost_of,32,0.007351
sheets,32,0.007351
quality,32,0.007351
palm,32,0.007351
despair,31,0.007121
mark,31,0.007121
frame,31,0.007121
birds,31,0.007121
example,31,0.007121
speaking,31,0.007121
disposal,31,0.007121
shell,31,0.007121
sufferings,31,0.007121
proceeding,31,0.007121
hum,31,0.007121
Where,31,0.007121
wealth,31,0.007121
minute,31,0.007121
valley,31,0.007121
match,31,0.007121
finger,31,0.007121
depth,31,0.007121
entertainment,31,0.007121
Easter_moon,31,0.007121
story_of,31,0.007121
lifetime,31,0.007121
analogy,31,0.007121
Holt,31,0.007121
climate,30,0.006891
halt,30,0.006891
interval,30,0.006891
nurse,30,0.006891
post_,30,0.006891
rest_on,30,0.006891
felicity,30,0.006891
Mrs_Bernard,30,0.006891
Bernard,30,0.006891
boats,30,0.006891
Edmonstone_believed,30,0.006891
riches,30,0.006891
grievances,30,0.006891
gift,30,0.006891
habits,30,0.006891
seat,30,0.006891
town,30,0.006891
victim,30,0.006891
limbs,30,0.006891
opponent,30,0.006891
playing,30,0.006891
Helen,30,0.006891
making,30,0.006891
fete,30,0.006891
protestations_that,30,0.006891
Edmonstone_entangle,30,0.006891
Edmonstone_poor,30,0.006891
points,30,0.006891
household,30,0.006891
September,30,0.006891
tendency,30,0.006891
adversity,30,0.006891
aids,30,0.006891
guesses,30,0.006891
softening,30,0.006891
spaniel,30,0.006891
Edmonstone_waited,30,0.006891
sister_all,30,0.006891
marker,30,0.006891
executioner,30,0.006891
offer,29,0.006662
heat,29,0.006662
alteration,29,0.006662
Broadstone_neighbourhood,29,0.006662
piece,29,0.006662
restoration_of,29,0.006662
Heaven,29,0.006662
grunt,29,0.006662
strength_every,29,0.006662
infant,29,0.006662
snow,29,0.006662
foible,29,0.006662
rubbish,29,0.006662
women,29,0.006662
handkerchief,29,0.006662
gate,29,0.006662
subjection,29,0.006662
saints,29,0.006662
standing_by,29,0.006662
break,29,0.006662
foe,29,0.006662
deficiencies,29,0.006662
prize,29,0.006662
instant_the,29,0.006662
traditions,29,0.006662
Brighton,29,0.006662
ends,29,0.006662
myrtle,29,0.006662
creed,29,0.006662
traces,28,0.006432
telescope,28,0.006432
cottage,28,0.006432
services,28,0.006432
Desert,28,0.006432
Alp,28,0.006432
enmity,28,0.006432
cheeks,28,0.006432
Edmonstone_lively,28,0.006432
Jenny,28,0.006432
Drew_had,28,0.006432
tour,28,0.006432
propensity,28,0.006432
level,28,0.006432
succession,28,0.006432
dancing,28,0.006432
perplexity,28,0.006432
Weep,28,0.006432
bemoan,28,0.006432
sore,28,0.006432
victory,28,0.006432
Friday,28,0.006432
haunts,28,0.006432
Edmonstone_shocked,28,0.006432
Edmonstone_morning,28,0.006432
Edmonstone_they,28,0.006432
Edmonstone_consent,28,0.006432
Edmonstone_departed,28,0.006432
addition,28,0.006432
Edmonstone_one,28,0.006432
Edmonstone_time,28,0.006432
contrast_in,28,0.006432
musician,28,0.006432
follower,28,0.006432
wardSt_,28,0.006432
record,28,0.006432
struggles_of,28,0.006432
encouragement,28,0.006432
tenantry,28,0.006432
measles,28,0.006432
misfortunes,28,0.006432
Miss_Alston,28,0.006432
Edmonstone_overbearing,28,0.006432
Edmonstone_disappointment,28,0.006432
There,28,0.006432
Edmonstone_stopped,28,0.006432
Edmonstone_it,28,0.006432
Edmonstone_duty,28,0.006432
pause,28,0.006432
gentleness,28,0.006432
sister_alone,28,0.006432
goodness,27,0.006202
duties,27,0.006202
blow,27,0.006202
gravity,27,0.006202
drum,27,0.006202
weakness,27,0.006202
three,27,0.006202
DEAR,27,0.006202
complaint,27,0.006202
Grunt,27,0.006202
bottom,27,0.006202
luxury,27,0.006202
glory,27,0.006202
orders,27,0.006202
extent,27,0.006202
windows,27,0.006202
ornament,27,0.006202
Dombey,27,0.006202
Edmonstone_into,27,0.006202
Captain_made,27,0.006202
caress,27,0.006202
waste_of,27,0.006202
tempter,27,0.006202
ingratitude,27,0.006202
guardianship,27,0.006202
Edmonstone_out,27,0.006202
sharpness,27,0.006202
soldier,27,0.006202
features,27,0.006202
lane,27,0.006202
allusion,27,0.006202
daylight,27,0.006202
rest_crept,27,0.006202
upstairs_to,27,0.006202
consultation,26,0.005972
contempt,26,0.005972
effects,26,0.005972
pulse,26,0.005972
dozen,26,0.005972
overhead,26,0.005972
storms_,26,0.005972
Jem,26,0.005972
coldness,26,0.005972
automaton,26,0.005972
civilities,26,0.005972
aspect,26,0.005972
finery,26,0.005972
trials,26,0.005972
scores,26,0.005972
forms,26,0.005972
Vicenza,26,0.005972
Hush,26,0.005972
Tuesday,26,0.005972
remainder,26,0.005972
Edmonstone_neither,26,0.005972
Edmonstone_underwent,26,0.005972
open,26,0.005972
panting,26,0.005972
whispers,26,0.005972
conclusions,26,0.005972
coxcomb,26,0.005972
Sam,26,0.005972
gateway,26,0.005972
amusements,26,0.005972
poet,26,0.005972
ay,26,0.005972
memorandum,26,0.005972
falsity,26,0.005972
Mr_Brownlow,26,0.005972
waist_was,26,0.005972
step_and,26,0.005972
reverence,26,0.005972
relapse,25,0.005743
fellowship,25,0.005743
particulars,25,0.005743
clue,25,0.005743
Mrs_Morville,25,0.005743
Felix,25,0.005743
Italy,25,0.005743
anxieties,25,0.005743
destiny_of,25,0.005743
generations,25,0.005743
cordiality,25,0.005743
breeze,25,0.005743
gloom,25,0.005743
wren,25,0.005743
race,25,0.005743
Mr_Grey,25,0.005743
gossip,25,0.005743
Yet,25,0.005743
workmanship,25,0.005743
Milan,25,0.005743
success,25,0.005743
amazement,25,0.005743
glances,25,0.005743
restraint_,25,0.005743
studies_here,25,0.005743
eyelids,25,0.005743
estate_,25,0.005743
rejoicings,25,0.005743
mar,25,0.005743
buying,25,0.005743
towns,25,0.005743
simplicity,25,0.005743
hunter,25,0.005743
catch,25,0.005743
Edmonstone_girls,25,0.005743
ecstasy_,25,0.005743
thoughtlessness,25,0.005743
stuff_I,25,0.005743
sister_to,24,0.005513
Stylehurst_and,24,0.005513
stairs_harder,24,0.005513
battle,24,0.005513
herself,24,0.005513
authority,24,0.005513
distraction_,24,0.005513
Judge,24,0.005513
state_when,24,0.005513
discourse,24,0.005513
imprudence,24,0.005513
consolation,24,0.005513
radiance,24,0.005513
bridesmaid,24,0.005513
decision,24,0.005513
terrace,24,0.005513
advantages,24,0.005513
widow,24,0.005513
semblance,24,0.005513
Edmonstone_understood,24,0.005513
intelligence,24,0.005513
guest_and,24,0.005513
pressure,24,0.005513
sinew,24,0.005513
reproofs,24,0.005513
scraps,24,0.005513
curate,24,0.005513
neglect,24,0.005513
substitutes_for,24,0.005513
conveniences,24,0.005513
commissions,24,0.005513
labour,24,0.005513
vigour,24,0.005513
tutorship,24,0.005513
lieu,24,0.005513
blossom,24,0.005513
Edmonstone_drove,24,0.005513
Edmonstone_parting,24,0.005513
seven,24,0.005513
Muller,24,0.005513
St_John,24,0.005513
heros,24,0.005513
cast_of,24,0.005513
Edmonstone_estate,24,0.005513
envying,24,0.005513
armour,24,0.005513
oppression,23,0.005283
comforts,23,0.005283
stairs_with,23,0.005283
dogs,23,0.005283
gladness,23,0.005283
chant,23,0.005283
leather,23,0.005283
compassion,23,0.005283
events,23,0.005283
consequences,23,0.005283
christening_,23,0.005283
uncharitableness,23,0.005283
spar,23,0.005283
confidant,23,0.005283
Edmonstone_continued,23,0.005283
tip,23,0.005283
toe,23,0.005283
Edmonstone_disadvantage,23,0.005283
disadvantage,23,0.005283
chimney,23,0.005283
Switzerland,23,0.005283
details,23,0.005283
propriety,23,0.005283
interview,23,0.005283
blessings,23,0.005283
Father,23,0.005283
outburst_of,23,0.005283
trick,23,0.005283
fair,23,0.005283
Edmonstone_so,23,0.005283
remonstrance_,23,0.005283
designs,23,0.005283
funeral,23,0.005283
castle_,23,0.005283
forwardness,23,0.005283
fulfilment,23,0.005283
temperament,23,0.005283
follies,23,0.005283
Bustle_entrance,23,0.005283
morsel,23,0.005283
visitors,22,0.005054
chief,22,0.005054
steadiness_,22,0.005054
harshness,22,0.005054
grumbling,22,0.005054
master_Philip,22,0.005054
sister_aunt,22,0.005054
brooch,22,0.005054
Edmonstone_home,22,0.005054
loving,22,0.005054
Edmonstone_sister,22,0.005054
sin,22,0.005054
confidants,22,0.005054
Edmonstone_must,22,0.005054
incompatibility,22,0.005054
Edmonstone_reluctance,22,0.005054
noise,22,0.005054
warfare,22,0.005054
blush,22,0.005054
pageantry,22,0.005054
justice_,22,0.005054
branch,22,0.005054
Ballagio,22,0.005054
assistance_Sir,22,0.005054
fortnight,22,0.005054
magnanimity,22,0.005054
Edmonstone_two,22,0.005054
Edmonstone_guard,22,0.005054
Edmonstone_faults,22,0.005054
dreamless,22,0.005054
Christmas_ox,22,0.005054
ox,22,0.005054
Law,22,0.005054
Edmonstone_ready,22,0.005054
rest_had,22,0.005054
drives,22,0.005054
taste_had,22,0.005054
similarities,22,0.005054
ardour,22,0.005054
reproach,22,0.005054
worlds,22,0.005054
Edmonstone_whether,22,0.005054
Edmonstone_sweet,22,0.005054
G,22,0.005054
Holy,22,0.005054
Week,22,0.005054
lamentation,22,0.005054
trust_in,22,0.005054
Edmonstone_room,22,0.005054
ghost_story,22,0.005054
estate_adjoining,22,0.005054
extremity,22,0.005054
messenger,22,0.005054
laughing,22,0.005054
playfellows,22,0.005054
conclusion,21,0.004824
envelope,21,0.004824
prejudices,21,0.004824
introduction,21,0.004824
sunlight,21,0.004824
toy,21,0.004824
winds,21,0.004824
storm_in,21,0.004824
wanderings,21,0.004824
quantity,21,0.004824
griefs,21,0.004824
musings,21,0.004824
lawyer,21,0.004824
vow,21,0.004824
shadow,21,0.004824
injustice_,21,0.004824
partiality,21,0.004824
sketch,21,0.004824
dove,21,0.004824
warmth,21,0.004824
mistress_,21,0.004824
narration,21,0.004824
sister_tell,21,0.004824
sister_visions,21,0.004824
visions,21,0.004824
allegiance,21,0.004824
Harmonious,21,0.004824
operation,21,0.004824
sparkle,21,0.004824
footstool_,21,0.004824
compunction,21,0.004824
desert,21,0.004824
track,21,0.004824
version,21,0.004824
chatelaine,21,0.004824
Harpers,21,0.004824
ghost_stories,21,0.004824
root,21,0.004824
aims,21,0.004824
cowman,21,0.004824
hoards,21,0.004824
roadsides,21,0.004824
standing_specimen,21,0.004824
edges,20,0.004594
certainty,20,0.004594
sisterhood_Miss,20,0.004594
notes,20,0.004594
rail,20,0.004594
reliance,20,0.004594
Edmonstone_part,20,0.004594
flood,20,0.004594
ideas,20,0.004594
hexagon,20,0.004594
crutches,20,0.004594
intonation,20,0.004594
resistance_,20,0.004594
CharlesCharles,20,0.004594
step_of,20,0.004594
champion,20,0.004594
BURNS,20,0.004594
Edmonstones_gave,20,0.004594
conflict,20,0.004594
contemplation,20,0.004594
puzzles,20,0.004594
experiment,20,0.004594
injustice_and,20,0.004594
distrust_,20,0.004594
lot,20,0.004594
helpfulness,20,0.004594
Edmonstone_paused,20,0.004594
story_out,20,0.004594
Cristoforo_carelessly,20,0.004594
Abbondio,20,0.004594
humours,20,0.004594
acacia,20,0.004594
slander,20,0.004594
self,20,0.004594
Edmonstone_disliked,20,0.004594
earnest_when,20,0.004594
siren,20,0.004594
Edmonstone_meant,20,0.004594
Edmonstone_looking,20,0.004594
imputation,20,0.004594
animosity,20,0.004594
Edmonstone_guessed,20,0.004594
forbore,20,0.004594
Da,20,0.004594
dunce,20,0.004594
unkindness,20,0.004594
ducks,20,0.004594
drakes,20,0.004594
Edmonstone_notion,20,0.004594
conviction,20,0.004594
style_had,20,0.004594
Edmonstone_resolved,20,0.004594
Edmonstone_family,20,0.004594
toleration,20,0.004594
Edmonstone_stood,20,0.004594
tint,20,0.004594
display,20,0.004594
shudder,20,0.004594
audience,20,0.004594
Edmonstone_took,20,0.004594
blight,20,0.004594
sister_spirit,20,0.004594
quietness,20,0.004594
sister_purified,20,0.004594
Edmonstone_revel,20,0.004594
owner,20,0.004594
Jeffries,20,0.004594
expenditure,20,0.004594
fag,20,0.004594
glow,20,0.004594
cinders,20,0.004594
struggle_to,20,0.004594
whiteness,20,0.004594
Ha,20,0.004594
Edmonstone_dressingroom,20,0.004594
paw,20,0.004594
luck,20,0.004594
ash,20,0.004594
Johnson,20,0.004594
assistance_to,20,0.004594
signs,20,0.004594
anguish,19,0.004365
vinegar,19,0.004365
astonishment_,19,0.004365
bird,19,0.004365
surface,19,0.004365
fate,19,0.004365
trembling,19,0.004365
reasons,19,0.004365
pentagon,19,0.004365
Round,19,0.004365
Table,19,0.004365
superstitions_,19,0.004365
indisposition,19,0.004365
drag,19,0.004365
ruin,19,0.004365
chapel,19,0.004365
allowance,19,0.004365
candour,19,0.004365
strength_and,19,0.004365
interest_and,19,0.004365
Varenna,19,0.004365
tete,19,0.004365
instinct_made,19,0.004365
muslin,19,0.004365
ribbons,19,0.004365
bracelet,19,0.004365
Paul,19,0.004365
execution,19,0.004365
visitor,19,0.004365
ill,19,0.004365
rabbits,19,0.004365
nettle,19,0.004365
sunbeam,19,0.004365
Edmonstone_expressions,19,0.004365
murderer,19,0.004365
maxims,19,0.004365
number,19,0.004365
spires,19,0.004365
martyr,19,0.004365
trifle,19,0.004365
stranger_has,19,0.004365
saw,19,0.004365
Edmonstone_how,19,0.004365
Bustle_was,19,0.004365
beast_,19,0.004365
transition,19,0.004365
distress_of,19,0.004365
strings_,19,0.004365
caricatures,18,0.004135
gown,18,0.004135
gesture_of,18,0.004135
camphor,18,0.004135
ring,18,0.004135
league,18,0.004135
stars_twinkling,18,0.004135
wicket,18,0.004135
prop,18,0.004135
accordance,18,0.004135
Edmonstone_visit,18,0.004135
term,18,0.004135
Edmonstone_spirits,18,0.004135
Edmonstone_shrink,18,0.004135
Edmonstone_musings,18,0.004135
salt,18,0.004135
fevers,18,0.004135
laughter,18,0.004135
Saint,18,0.004135
Greal,18,0.004135
Sondrio,18,0.004135
Types,18,0.004135
resting_day,18,0.004135
gesture_,18,0.004135
concealment,18,0.004135
poverty,18,0.004135
skin,18,0.004135
waistcoat_open,18,0.004135
beatings,18,0.004135
stroke_of,18,0.004135
disgrace,18,0.004135
Coventry,18,0.004135
Edmonstone_warning,18,0.004135
Edmonstone_immediately,18,0.004135
adventure,18,0.004135
embarrassment,18,0.004135
intimacies,18,0.004135
kinds,18,0.004135
steps_for,18,0.004135
Edmonstone_do,18,0.004135
animation,18,0.004135
caps,18,0.004135
bonnets,18,0.004135
resources,18,0.004135
misunderstandings_,18,0.004135
failure,18,0.004135
distrust_of,18,0.004135
malignity,18,0.004135
stupidity_of,18,0.004135
Edmonstone_tears,18,0.004135
affront,18,0.004135
engagements,18,0.004135
Iricisms,18,0.004135
hairs,18,0.004135
individual,18,0.004135
disapproval,18,0.004135
Easter_Tuesday,18,0.004135
Edmonstone_bears,18,0.004135
ascendant,18,0.004135
contact,18,0.004135
regulations,18,0.004135
insignificance,18,0.004135
charities,18,0.004135
creditors,18,0.004135
humanity,18,0.004135
South,18,0.004135
Moor,18,0.004135
Farm,18,0.004135
on,18,0.004135
teacher,18,0.004135
Commercial,18,0.004135
Academy,18,0.004135
silk,17,0.003905
itself,17,0.003905
cup,17,0.003905
breast_,17,0.003905
snugness,17,0.003905
date,17,0.003905
shelves,17,0.003905
grate,17,0.003905
independence,17,0.003905
pocket,17,0.003905
appearances,17,0.003905
Jane,17,0.003905
invitations,17,0.003905
borough,17,0.003905
veneration,17,0.003905
irksome,17,0.003905
desolation,17,0.003905
puss,17,0.003905
outside,17,0.003905
accuser,17,0.003905
land,17,0.003905
indulgence,17,0.003905
glees,17,0.003905
bugle,17,0.003905
store_of,17,0.003905
Mr_Mr,17,0.003905
ripple,17,0.003905
injustice_of,17,0.003905
airing,17,0.003905
support,17,0.003905
S,17,0.003905
B,17,0.003905
spitefulness,17,0.003905
drop,17,0.003905
locks,17,0.003905
germs,17,0.003905
downwards,17,0.003905
darkening,17,0.003905
handsomer,17,0.003905
sister_than,17,0.003905
simple,17,0.003905
heritage,17,0.003905
benefits,17,0.003905
questions_with,17,0.003905
regard,17,0.003905
Alston_partner,17,0.003905
plea,17,0.003905
sincerity,17,0.003905
testimony_that,17,0.003905
tinsel,17,0.003905
agony,16,0.003675
constabulary_force,16,0.003675
quiet,16,0.003675
clothes,16,0.003675
gentlemen,16,0.003675
hero,16,0.003675
summons,16,0.003675
exultation,16,0.003675
faithfulness,16,0.003675
devotion,16,0.003675
sting_,16,0.003675
profession,16,0.003675
sports,16,0.003675
fondness,16,0.003675
dinginess,16,0.003675
greatness,16,0.003675
satire,16,0.003675
gestures_of,16,0.003675
censure,16,0.003675
influx,16,0.003675
waste_affecting,16,0.003675
somebody,16,0.003675
nieces,16,0.003675
arch,16,0.003675
cue,16,0.003675
Edmonstone_rushed,16,0.003675
promontory,16,0.003675
fields,16,0.003675
loveliness,16,0.003675
judge,16,0.003675
constitution_is,16,0.003675
malady,16,0.003675
month,16,0.003675
Vicar,16,0.003675
Wakefield,16,0.003675
host_of,16,0.003675
elbow,16,0.003675
fainting,16,0.003675
pet,16,0.003675
prison,16,0.003675
sister_father,16,0.003675
Edmonstone_spoke,16,0.003675
shyness,16,0.003675
reality,16,0.003675
harmony,16,0.003675
sins,16,0.003675
balance,16,0.003675
April,16,0.003675
Miss_Ross,16,0.003675
donkey,16,0.003675
Edmonstone_extreme,16,0.003675
ignorance,16,0.003675
Edmonstone_cool,16,0.003675
disrespect,16,0.003675
Drew_delighted,16,0.003675
elopement,16,0.003675
inmates,16,0.003675
crust_covers,16,0.003675
burning,16,0.003675
lava,16,0.003675
Edmonstone_greatly,16,0.003675
misgivings,16,0.003675
furniture,16,0.003675
lining,16,0.003675
blinds,16,0.003675
curtains,16,0.003675
associations,16,0.003675
sisters_were,16,0.003675
January,16,0.003675
cigars,16,0.003675
announcement,16,0.003675
story_did,16,0.003675
testimony_of,16,0.003675
disparagement,16,0.003675
valour,16,0.003675
hardness,16,0.003675
crotchety,16,0.003675
pale,16,0.003675
playfellow,16,0.003675
stone_,16,0.003675
Edmonstone_called,16,0.003675
sister_prospects,16,0.003675
Marywhat,16,0.003675
baggage,15,0.003446
pillow,15,0.003446
remarks,15,0.003446
infection,15,0.003446
measure,15,0.003446
army,15,0.003446
rescue,15,0.003446
helm,15,0.003446
steward_walked,15,0.003446
Bible,15,0.003446
parent,15,0.003446
dear,15,0.003446
bashaw,15,0.003446
Goodbye,15,0.003446
coachman,15,0.003446
schoolmistresses_mistresses,15,0.003446
mistresses_at,15,0.003446
se,15,0.003446
strangers_,15,0.003446
inspection,15,0.003446
descriptions,15,0.003446
minds,15,0.003446
goods,15,0.003446
rival,15,0.003446
hare,15,0.003446
clog,15,0.003446
Edmonstone_away,15,0.003446
gaming,15,0.003446
planks,15,0.003446
worn,15,0.003446
state_with,15,0.003446
quizzing,15,0.003446
Edmonstone_run,15,0.003446
contradiction,15,0.003446
Dearest_,15,0.003446
today,15,0.003446
post_might,15,0.003446
Now,15,0.003446
godson,15,0.003446
shawl,15,0.003446
parcels,15,0.003446
crossexamination,15,0.003446
droller,15,0.003446
blotting,15,0.003446
assertions,15,0.003446
geraniums,15,0.003446
Edmonstone_through,15,0.003446
Edmonstone_urged,15,0.003446
Edmonstone_asked,15,0.003446
Tomfool,15,0.003446
outset,15,0.003446
impassibility,15,0.003446
deterioration,14,0.003216
guest_were,14,0.003216
glee,14,0.003216
guest_,14,0.003216
committee,14,0.003216
fellows,14,0.003216
vicar,14,0.003216
expedition,14,0.003216
doubts,14,0.003216
fallacy,14,0.003216
salve,14,0.003216
rejoicing,14,0.003216
cock,14,0.003216
deserts,14,0.003216
motherPhilip,14,0.003216
forbear,14,0.003216
houses,14,0.003216
protest_that,14,0.003216
greetings,14,0.003216
charm,14,0.003216
miles,14,0.003216
cloak,14,0.003216
application,14,0.003216
rest_or,14,0.003216
treasury,14,0.003216
slip,14,0.003216
stone_walls,14,0.003216
walls,14,0.003216
mastery_might,14,0.003216
period,14,0.003216
Providence,14,0.003216
Irishman,14,0.003216
holiday,14,0.003216
vein,14,0.003216
constitution_,14,0.003216
newspaper,14,0.003216
premeditation,14,0.003216
merits,14,0.003216
understanding_with,14,0.003216
meditation,14,0.003216
flush,14,0.003216
worry,14,0.003216
Edmonstone_last,14,0.003216
Edmonstone_composure,14,0.003216
penance,14,0.003216
habit,14,0.003216
trial,14,0.003216
substance_as,14,0.003216
coherence,14,0.003216
selfrestraint_,14,0.003216
roses,14,0.003216
stairs_was,14,0.003216
shot,14,0.003216
couple,14,0.003216
plate,14,0.003216
circumstances_which,14,0.003216
protest_,14,0.003216
buds,14,0.003216
Edmonstone_under,14,0.003216
chill,14,0.003216
question_which,14,0.003216
sister_presence,14,0.003216
tyrant,14,0.003216
admission,14,0.003216
paining,14,0.003216
anniversaries,14,0.003216
Harris,14,0.003216
Germany,14,0.003216
reasoning,14,0.003216
Edmonstone_nor,14,0.003216
tower,14,0.003216
moors,14,0.003216
gaze,14,0.003216
strength_since,14,0.003216
Lady_of,14,0.003216
mystery_appears,14,0.003216
nail,14,0.003216
strangers_deemed,14,0.003216
Edmonstone_standing,14,0.003216
impress,14,0.003216
immortality,14,0.003216
bewilderment,14,0.003216
Edmonstone_profile,14,0.003216
profile,14,0.003216
control,14,0.003216
Edmonstone_submitted,14,0.003216
precaution,14,0.003216
stones_,14,0.003216
packets,14,0.003216
delights,14,0.003216
ram,14,0.003216
Tutors,14,0.003216
shoals,14,0.003216
bargain,14,0.003216
waters,13,0.002986
leaves,13,0.002986
dismay,13,0.002986
apologies,13,0.002986
places,13,0.002986
mould,13,0.002986
Scientific,13,0.002986
patent,13,0.002986
revolver,13,0.002986
outpouring,13,0.002986
association,13,0.002986
prisoner,13,0.002986
purple,13,0.002986
gambler,13,0.002986
victims,13,0.002986
Can,13,0.002986
Shakspeare,13,0.002986
writings,13,0.002986
mirth,13,0.002986
crumbs,13,0.002986
exterior,13,0.002986
costume_,13,0.002986
cookery,13,0.002986
hawk,13,0.002986
horizon,13,0.002986
partners,13,0.002986
fishing,13,0.002986
rationalities,13,0.002986
Love,13,0.002986
capabilities,13,0.002986
jokes,13,0.002986
decency,13,0.002986
draft,13,0.002986
blitheness,13,0.002986
taste_to,13,0.002986
musicians,13,0.002986
Anything,13,0.002986
walking,13,0.002986
instrument_,13,0.002986
prayers,13,0.002986
councils,13,0.002986
centre,13,0.002986
playmate,13,0.002986
rou,13,0.002986
taste_changes,13,0.002986
changes,13,0.002986
broth,13,0.002986
Edmonstone_gave,13,0.002986
Mr_Thompson,13,0.002986
Thompson,13,0.002986
Edmonstone_came,13,0.002986
acuteness,13,0.002986
opium,13,0.002986
struggle_with,13,0.002986
School,13,0.002986
expostulations_of,13,0.002986
Becket,13,0.002986
interest_with,13,0.002986
ice,13,0.002986
contrast_between,13,0.002986
damage,13,0.002986
Corcyran,12,0.002757
Ulysses,12,0.002757
Albania,12,0.002757
Broadstone_post,12,0.002757
murder,12,0.002757
directions,12,0.002757
instant_s,12,0.002757
frank,12,0.002757
weariness,12,0.002757
gall,12,0.002757
wormwood,12,0.002757
sister_brother,12,0.002757
sister_thought,12,0.002757
Edmonstone_wedding,12,0.002757
followers,12,0.002757
figures,12,0.002757
oars,12,0.002757
encampment,12,0.002757
vision,12,0.002757
unhappiness,12,0.002757
turkey,12,0.002757
hole,12,0.002757
Posthumus_does,12,0.002757
meddling,12,0.002757
bye,12,0.002757
gain,12,0.002757
Edmonstone_present,12,0.002757
juster_appreciation,12,0.002757
appreciation,12,0.002757
erudition,12,0.002757
mistress_privileged,12,0.002757
smoke,12,0.002757
Drew_would,12,0.002757
bough,12,0.002757
Edmonstone_hastily,12,0.002757
perspective,12,0.002757
preface,12,0.002757
request_corroborates,12,0.002757
arrangement,12,0.002757
Childe,12,0.002757
Harold,12,0.002757
painter,12,0.002757
pleasanter,12,0.002757
Edmonstone_better,12,0.002757
bugbear,12,0.002757
thinness,12,0.002757
assertion,12,0.002757
taper,12,0.002757
lanes,12,0.002757
Grandison,12,0.002757
groom,12,0.002757
Will,12,0.002757
state_They,12,0.002757
Edmonstone_finger,12,0.002757
stairs_to,12,0.002757
denunciations,12,0.002757
medium,12,0.002757
secrets,12,0.002757
black,12,0.002757
question_was,12,0.002757
maiden,12,0.002757
whim,12,0.002757
undoing,12,0.002757
Edmonstone_new,12,0.002757
sums,12,0.002757
vehemence,12,0.002757
cart,12,0.002757
shoes,12,0.002757
lead,12,0.002757
parsonage,12,0.002757
utmost_to,12,0.002757
gasping,12,0.002757
crisis,12,0.002757
paragon,12,0.002757
necessity,12,0.002757
Brownlows,12,0.002757
pursuits,12,0.002757
hedge,12,0.002757
accusation,12,0.002757
Edmonstone_extremely,12,0.002757
representations,12,0.002757
drive,12,0.002757
Bradshaw,12,0.002757
Reality,12,0.002757
appetite,12,0.002757
portrait,12,0.002757
streets_,12,0.002757
Bank,12,0.002757
rudeness,12,0.002757
Edmonstone_laugh,12,0.002757
Edmonstone_commands,12,0.002757
sculls,12,0.002757
tenure,12,0.002757
shirts,12,0.002757
trust_you,12,0.002757
art,12,0.002757
Mrs_Mrs,12,0.002757
revengeful,12,0.002757
fascination,12,0.002757
hounds,12,0.002757
bundles,12,0.002757
recklessness,12,0.002757
reaction,12,0.002757
definition,12,0.002757
discoveries,12,0.002757
dominion,12,0.002757
arbour,12,0.002757
histories_of,12,0.002757
construction_,12,0.002757
conservatory,12,0.002757
Edmonstone_arm,12,0.002757
spectators,12,0.002757
Andrea,12,0.002757
Doria,12,0.002757
stud_,12,0.002757
gentianella,12,0.002757
privilege,12,0.002757
sexton,12,0.002757
auditor,12,0.002757
Miss_Fanny,12,0.002757
system_and,12,0.002757
Edmonstone_chair,12,0.002757
baronetcy,12,0.002757
heroism,12,0.002757
sister_sake,12,0.002757
Stylehurst_as,12,0.002757
perception,11,0.002527
volumes,11,0.002527
resignation,11,0.002527
pets,11,0.002527
Edmonstone_coming,11,0.002527
throbbing,11,0.002527
Miss_Morville,11,0.002527
observations,11,0.002527
error,11,0.002527
thrills,11,0.002527
distinction_,11,0.002527
stories_,11,0.002527
commotion,11,0.002527
leap,11,0.002527
Edmonstone_lap,11,0.002527
Posthumus_to,11,0.002527
Posthumus_at,11,0.002527
extravagance,11,0.002527
stones_of,11,0.002527
partition,11,0.002527
sister_Laura,11,0.002527
degradation,11,0.002527
embarrassments,11,0.002527
statement_of,11,0.002527
evenings,11,0.002527
Whichever,11,0.002527
knapsack,11,0.002527
perversions,11,0.002527
scenery,11,0.002527
mistakes_,11,0.002527
Edmonstone_think,11,0.002527
demonstration_of,11,0.002527
range,11,0.002527
warnings,11,0.002527
PaulPaul,11,0.002527
Sponsi,11,0.002527
Mr_Radford,11,0.002527
Radford,11,0.002527
annoyance,11,0.002527
Rose,11,0.002527
Catherine,11,0.002527
Seyton,11,0.002527
wars,11,0.002527
dissipation,11,0.002527
sister_meant,11,0.002527
convulsions,11,0.002527
sister_with,11,0.002527
spine,11,0.002527
Scotland,11,0.002527
Mr_Harrison,11,0.002527
Harrison,11,0.002527
Island,11,0.002527
approval,11,0.002527
consultations,11,0.002527
neighbours,11,0.002527
grass,11,0.002527
championship,11,0.002527
moderation,11,0.002527
production,11,0.002527
epithet,11,0.002527
retorts,11,0.002527
misconduct,11,0.002527
hunt,11,0.002527
suit,11,0.002527
hermit,11,0.002527
cell,11,0.002527
fancies,11,0.002527
intentions,11,0.002527
remedy,11,0.002527
credulity,11,0.002527
DIXON,11,0.002527
DixonSebastian_Bach,11,0.002527
portmanteau,11,0.002527
souls,11,0.002527
Edmonstone_brought,11,0.002527
abatement,11,0.002527
utmost_in,11,0.002527
Captain_wished,11,0.002527
Edmonstone_liked,11,0.002527
Prince_Rupert,11,0.002527
Rupert,11,0.002527
troopers,11,0.002527
whisper,11,0.002527
highmindedness,11,0.002527
eagle,11,0.002527
expansion,11,0.002527
gamester_,11,0.002527
advances,11,0.002527
Alston_went,11,0.002527
stick_,11,0.002527
Bustle_made,11,0.002527
tittering,11,0.002527
saving,11,0.002527
Mr_Toots,11,0.002527
Toots,11,0.002527
ruler,11,0.002527
glace,10,0.002297
request_for,10,0.002297
alleviation,10,0.002297
coverings,10,0.002297
treasure,10,0.002297
interchange,10,0.002297
cottages,10,0.002297
excess,10,0.002297
stock_,10,0.002297
intention,10,0.002297
weeds,10,0.002297
glare,10,0.002297
lightning,10,0.002297
steward_eyes,10,0.002297
Master_Ray,10,0.002297
graves,10,0.002297
Frances,10,0.002297
wretchedness,10,0.002297
burthen,10,0.002297
exception,10,0.002297
Edmonstone_know,10,0.002297
Posthumus_having,10,0.002297
UNCLE,10,0.002297
Edmonstone_true,10,0.002297
glimpse,10,0.002297
presentation,10,0.002297
liberty,10,0.002297
group,10,0.002297
Edmonstone_shrewd,10,0.002297
fatality,10,0.002297
streams_ascending,10,0.002297
farthing,10,0.002297
load,10,0.002297
gap,10,0.002297
Jung,10,0.002297
Frau,10,0.002297
moves,10,0.002297
mammon,10,0.002297
worship,10,0.002297
patronizing,10,0.002297
chances,10,0.002297
pen,10,0.002297
capacity,10,0.002297
novels,10,0.002297
downs,10,0.002297
dazzle,10,0.002297
ArnaudDid,10,0.002297
politics,10,0.002297
pioneer,10,0.002297
Edmonstone_mistress,10,0.002297
stairs_in,10,0.002297
street_,10,0.002297
Captain_,10,0.002297
allowances,10,0.002297
suggestions_,10,0.002297
homage,10,0.002297
tribute,10,0.002297
smote,10,0.002297
destroyer_of,10,0.002297
cushions,10,0.002297
interest_as,10,0.002297
Edmonstone_absence,10,0.002297
sister_came,10,0.002297
image,10,0.002297
Edmonstone_used,10,0.002297
moonlight,10,0.002297
Edmonstone_doubly,10,0.002297
liberties,10,0.002297
shilling,10,0.002297
Master_Morville,10,0.002297
stripling_,10,0.002297
foxglove,10,0.002297
Edmonstone_can,10,0.002297
question_is,10,0.002297
accusations,10,0.002297
Edmonstone_premises,10,0.002297
premises,10,0.002297
chestnut_neck,10,0.002297
glossy,10,0.002297
Jenkins,10,0.002297
dishonesty_,10,0.002297
ogres,10,0.002297
compliments,10,0.002297
rise,10,0.002297
Light,10,0.002297
civility,10,0.002297
sanction,10,0.002297
dash,10,0.002297
Edmonstones_about,10,0.002297
stillness_,10,0.002297
A,10,0.002297
eyelash,10,0.002297
thirst_and,10,0.002297
understanding_Mrs,10,0.002297
voyage,10,0.002297
Miss_Harpers,10,0.002297
Jonas,10,0.002297
ancestor_s,10,0.002297
ghosts_,10,0.002297
reference,10,0.002297
tale,10,0.002297
Allonby,10,0.002297
Thalaba,10,0.002297
Edmonstone_whip,10,0.002297
storm_such,10,0.002297
doll,10,0.002297
lorn,10,0.002297
Edmonstone_very,10,0.002297
Edmonstone_father,10,0.002297
Edmonstone_sake,10,0.002297
Edmonstone_remaining,10,0.002297
Edmonstone_account,10,0.002297
Scott,10,0.002297
28th,10,0.002297
March,10,0.002297
debt,10,0.002297
Sebastian_broke,10,0.002297
Sebastian_thought,10,0.002297
Mr_EdmonstonePhilip,10,0.002297
EdmonstonePhilip_s,10,0.002297
supervision,10,0.002297
profanity,10,0.002297
readings,10,0.002297
sponsor,10,0.002297
Dr_Johnson,10,0.002297
schoolfellow,10,0.002297
Feud,10,0.002297
Monday,10,0.002297
legacy,9,0.002067
soreness,9,0.002067
hastiness_in,9,0.002067
step_in,9,0.002067
foam,9,0.002067
distinctions_,9,0.002067
heads,9,0.002067
model,9,0.002067
Bay,9,0.002067
possessor,9,0.002067
breast_as,9,0.002067
skirts,9,0.002067
perils,9,0.002067
angel,9,0.002067
paths,9,0.002067
leg,9,0.002067
Londoner,9,0.002067
sisters_when,9,0.002067
lands,9,0.002067
whiskers,9,0.002067
yeoman,9,0.002067
jewel,9,0.002067
back,9,0.002067
box,9,0.002067
recurrence,9,0.002067
season,9,0.002067
nightingale,9,0.002067
disaster_on,9,0.002067
queen,9,0.002067
faculty,9,0.002067
sweetness,9,0.002067
toothache,9,0.002067
frankness,9,0.002067
pomp,9,0.002067
clouds,9,0.002067
sweep,9,0.002067
Captain_himself,9,0.002067
Depend,9,0.002067
history_and,9,0.002067
virtue,9,0.002067
writers,9,0.002067
Arthur,9,0.002067
sighing,9,0.002067
Edmonstone_Mrs,9,0.002067
whirlwind,9,0.002067
vividness,9,0.002067
forsooth,9,0.002067
Quixotism,9,0.002067
avowal,9,0.002067
farmhouse,9,0.002067
Stylehurst_parish,9,0.002067
Wells,9,0.002067
moor,9,0.002067
reprobate,9,0.002067
farmer,9,0.002067
Camellia,9,0.002067
Edmonstone_grandmamma,9,0.002067
threshold,9,0.002067
cheerless,9,0.002067
paleness,9,0.002067
staff_might,9,0.002067
recourse,9,0.002067
Whitsuntide,9,0.002067
stupidity_,9,0.002067
couch,9,0.002067
spray,9,0.002067
responsibility,9,0.002067
minister_,9,0.002067
wall,9,0.002067
expectation,9,0.002067
thorns,9,0.002067
compliance,9,0.002067
boatings,9,0.002067
foreboding,9,0.002067
accomplishment,9,0.002067
issue,9,0.002067
perverseness,9,0.002067
detection,9,0.002067
guests_had,9,0.002067
families,9,0.002067
envelopes,9,0.002067
flock,9,0.002067
scales,9,0.002067
Prayer,9,0.002067
iron,9,0.002067
calumnies,9,0.002067
C,9,0.002067
Triton,9,0.002067
Newfoundland,9,0.002067
disturbance_I,9,0.002067
Edmonstone_added,9,0.002067
system_had,8,0.001838
system_would,8,0.001838
headaches,8,0.001838
exaltation,8,0.001838
move,8,0.001838
amendment,8,0.001838
homes,8,0.001838
start_which,8,0.001838
eyebrows,8,0.001838
kindnesses,8,0.001838
dejection,8,0.001838
boatman,8,0.001838
Stone_,8,0.001838
progeny,8,0.001838
storm_breath,8,0.001838
thunder,8,0.001838
burst_which,8,0.001838
seconds,8,0.001838
Cove,8,0.001838
kitchen,8,0.001838
font,8,0.001838
Posthumus_gone,8,0.001838
malaria,8,0.001838
pictures,8,0.001838
Edmonstone_charge,8,0.001838
prudence,8,0.001838
distress_this,8,0.001838
insincerity,8,0.001838
chloride,8,0.001838
lime,8,0.001838
peep,8,0.001838
utmost_for,8,0.001838
cathedrals,8,0.001838
exactions,8,0.001838
quiver,8,0.001838
inside,8,0.001838
arguments,8,0.001838
bush,8,0.001838
blue,8,0.001838
Valtelline,8,0.001838
surveillance,8,0.001838
heed,8,0.001838
Stylehurst_on,8,0.001838
Stylehurst_guard,8,0.001838
advance,8,0.001838
maze,8,0.001838
marvels,8,0.001838
monsieur,8,0.001838
phrase,8,0.001838
Gleams,8,0.001838
Edmonstone_guest,8,0.001838
sisters_are,8,0.001838
Edmonstone_stirred,8,0.001838
state_that,8,0.001838
Obedient,8,0.001838
maids,8,0.001838
quest_of,8,0.001838
insulting,8,0.001838
demon,8,0.001838
oblivion,8,0.001838
Edmonstone_Guy,8,0.001838
Edmonstone_more,8,0.001838
melodies,8,0.001838
coquetting,8,0.001838
Irishmen,8,0.001838
demonstration_towards,8,0.001838
bosom,8,0.001838
review,8,0.001838
Edmonstone_rather,8,0.001838
guide,8,0.001838
lattice,8,0.001838
unearthliness,8,0.001838
Bashaw,8,0.001838
Prince_of,8,0.001838
Black,8,0.001838
Isles,8,0.001838
locomotive,8,0.001838
Edmonstone_pleased,8,0.001838
heroine,8,0.001838
novel,8,0.001838
walkers,8,0.001838
II,8,0.001838
Duke_of,8,0.001838
Alva,8,0.001838
alguazils,8,0.001838
corregidors,8,0.001838
executioners,8,0.001838
Edmonstone_championship,8,0.001838
womanhood,8,0.001838
Edmonstone_glass,8,0.001838
exaggerations,8,0.001838
Edmonstone_up,8,0.001838
surmises,8,0.001838
tools,8,0.001838
seeds,8,0.001838
cottagers,8,0.001838
Edmonstone_submit,8,0.001838
Edmonstone_Charles,8,0.001838
unfairness,8,0.001838
irregularities,8,0.001838
stillness_that,8,0.001838
accord,8,0.001838
yesterday_was,8,0.001838
enough,8,0.001838
comment,8,0.001838
traitor,8,0.001838
condolences,8,0.001838
agreeability,8,0.001838
infancy,8,0.001838
programme,8,0.001838
Solo,8,0.001838
violin,8,0.001838
MR,8,0.001838
tenor,8,0.001838
amateur,8,0.001838
betrayal,8,0.001838
Right,8,0.001838
dealings,8,0.001838
green,8,0.001838
affronts,8,0.001838
colours,8,0.001838
master_ever,8,0.001838
Saints,8,0.001838
deeds,8,0.001838
ballads,8,0.001838
Cork,8,0.001838
restraint_at,8,0.001838
department,8,0.001838
protection,8,0.001838
leaders,8,0.001838
reining,8,0.001838
stories_to,8,0.001838
entreaty,8,0.001838
ordination,8,0.001838
thou,8,0.001838
wilt,8,0.001838
heels,8,0.001838
absenteeism,8,0.001838
Edmonstone_being,8,0.001838
lyre,8,0.001838
manuscript,8,0.001838
glasses,8,0.001838
rest_you,8,0.001838
quivering,8,0.001838
sobs,8,0.001838
pshaw,8,0.001838
master_from,8,0.001838
state_for,8,0.001838
dryness,8,0.001838
torture,8,0.001838
Hecuba,8,0.001838
Lake,8,0.001838
vexatious,8,0.001838
direction,8,0.001838
rebuke,8,0.001838
street_and,8,0.001838
kinder,8,0.001838
rod,8,0.001838
island,8,0.001838
mass,8,0.001838
creation,8,0.001838
compasses,8,0.001838
billiards,8,0.001838
Edmonstone_letter,8,0.001838
grammar,8,0.001838
remonstrance_leave,8,0.001838
TEMPEST,8,0.001838
Everything,7,0.001608
seal,7,0.001608
AMABEL,7,0.001608
F,7,0.001608
MORVILLE,7,0.001608
wan,7,0.001608
tremulous,7,0.001608
intensity,7,0.001608
cost_a,7,0.001608
brunt,7,0.001608
notions,7,0.001608
trustees_,7,0.001608
strangeness_and,7,0.001608
spots,7,0.001608
tender,7,0.001608
tress,7,0.001608
sister_can,7,0.001608
coil,7,0.001608
quay,7,0.001608
tossing,7,0.001608
reef,7,0.001608
star_on,7,0.001608
Paradiso,7,0.001608
Flaxman,7,0.001608
steps_from,7,0.001608
consternation_at,7,0.001608
Posthumus_too,7,0.001608
delirium,7,0.001608
god,7,0.001608
Hadn,7,0.001608
tis,7,0.001608
rainbow,7,0.001608
shape,7,0.001608
saxifrage,7,0.001608
Trower,7,0.001608
mood,7,0.001608
Byron,7,0.001608
heroes,7,0.001608
reproof,7,0.001608
tomorrow,7,0.001608
interrogation,7,0.001608
Nature,7,0.001608
Edmonstone_where,7,0.001608
wings,7,0.001608
ancestors_,7,0.001608
interference,7,0.001608
pique,7,0.001608
guess,7,0.001608
sister_friends,7,0.001608
enemies,7,0.001608
obedience,7,0.001608
lea,7,0.001608
orange,7,0.001608
perfumes,7,0.001608
bower,7,0.001608
Joyce,7,0.001608
Dialogues,7,0.001608
nights,7,0.001608
disadvantages,7,0.001608
consternation_of,7,0.001608
plash,7,0.001608
passport,7,0.001608
coffee,7,0.001608
stupor_,7,0.001608
misdoings,7,0.001608
flaw,7,0.001608
cordial,7,0.001608
instant_as,7,0.001608
AmyAmy,7,0.001608
merit,7,0.001608
juncture,7,0.001608
shag,7,0.001608
Isn,7,0.001608
ghost_at,7,0.001608
sides,7,0.001608
Edmonstone_some,7,0.001608
variety,7,0.001608
Edmonstone_happiness,7,0.001608
draw,7,0.001608
guests_of,7,0.001608
request_,7,0.001608
Bart,7,0.001608
scrap,7,0.001608
epic,7,0.001608
King_Arthur,7,0.001608
storm_at,7,0.001608
Tintagel,7,0.001608
Edmonstone_altogether,7,0.001608
band,7,0.001608
hay,7,0.001608
recreation,7,0.001608
Edmonstone_wished,7,0.001608
atlas,7,0.001608
investigations_on,7,0.001608
Khan,7,0.001608
Kipchack,7,0.001608
ages,7,0.001608
distinction_at,7,0.001608
hunch,7,0.001608
bread,7,0.001608
milk,7,0.001608
robins,7,0.001608
lumps,7,0.001608
medal,7,0.001608
Humane,7,0.001608
Society,7,0.001608
Edmonstone_slight,7,0.001608
Edmonstone_pleases,7,0.001608
disaster_that,7,0.001608
twelvemonth,7,0.001608
puff,7,0.001608
sister_has,6,0.001378
sister_measured,6,0.001378
breakfast_before,6,0.001378
answering,6,0.001378
tremble,6,0.001378
cost_Amy,6,0.001378
waste_,6,0.001378
gardens,6,0.001378
racket,6,0.001378
pig,6,0.001378
trough,6,0.001378
wives,6,0.001378
cauld,6,0.001378
Ladies,6,0.001378
Literary,6,0.001378
Association,6,0.001378
scenes,6,0.001378
contrary,6,0.001378
ride,6,0.001378
street_of,6,0.001378
railing,6,0.001378
Martin,6,0.001378
Charity,6,0.001378
stranger_s,6,0.001378
exculpated,6,0.001378
leaf,6,0.001378
christening_cake,6,0.001378
cake,6,0.001378
decree,6,0.001378
Man,6,0.001378
woe,6,0.001378
er,6,0.001378
benches,6,0.001378
Christianity_,6,0.001378
destination_,6,0.001378
obstacles_in,6,0.001378
Posthumus_with,6,0.001378
Edmonstone_prudence,6,0.001378
sentence,6,0.001378
guests_Mrs,6,0.001378
nephews,6,0.001378
Continent,6,0.001378
builder,6,0.001378
devolve,6,0.001378
sisters_the,6,0.001378
altar,6,0.001378
drops,6,0.001378
Edmonstone_held,6,0.001378
coolness,6,0.001378
stairs_the,6,0.001378
tuft,6,0.001378
bushes,6,0.001378
chalet,6,0.001378
material,6,0.001378
glories,6,0.001378
epidemic,6,0.001378
peasantry,6,0.001378
beat,6,0.001378
inclinations,6,0.001378
Dame,6,0.001378
hollows,6,0.001378
greyhound,6,0.001378
complexion,6,0.001378
sport,6,0.001378
Edmonstone_weakness,6,0.001378
fierceness,6,0.001378
sway,6,0.001378
remnant,6,0.001378
Edmonstone_looked,6,0.001378
names,6,0.001378
craving,6,0.001378
mistakes_on,6,0.001378
Patience,6,0.001378
tufts,6,0.001378
lavender,6,0.001378
strangers_choosing,6,0.001378
Edmonstone_young,6,0.001378
algebra,6,0.001378
fairy,6,0.001378
peacock,6,0.001378
bidding,6,0.001378
keys,6,0.001378
persuasion,6,0.001378
remark,6,0.001378
Edmonstone_clear,6,0.001378
circumstances_were,6,0.001378
Edmonstone_company,6,0.001378
stories_Philip,6,0.001378
Edmonstone_instead,6,0.001378
Edmonstone_chiefly,6,0.001378
beamy,6,0.001378
Bustle_racing,6,0.001378
racing,6,0.001378
cleverness,6,0.001378
stranger_to,6,0.001378
Captain_s,6,0.001378
remorse,6,0.001378
carols,6,0.001378
essentials,6,0.001378
repining,6,0.001378
harmonics,6,0.001378
Lady_Thorndale,6,0.001378
zest_from,6,0.001378
din,6,0.001378
question_on,6,0.001378
Edmonstone_colour,6,0.001378
Edmonstone_waiting,6,0.001378
state_state,6,0.001378
melancholy,6,0.001378
mystery_was,6,0.001378
grandchild,6,0.001378
pinky,6,0.001378
taste_and,6,0.001378
chastisement_,6,0.001378
excitability,6,0.001378
nerve,6,0.001378
tenderest_care,6,0.001378
intent,6,0.001378
hospitality,6,0.001378
discredit,6,0.001378
ridicule,6,0.001378
manors,6,0.001378
desperation,6,0.001378
step_fatal,6,0.001378
stuff_,6,0.001378
hoard,6,0.001378
clumps,6,0.001378
samphire,6,0.001378
whining,6,0.001378
Edmonstone_fall,6,0.001378
Edmonstone_avoiding,6,0.001378
Irreverence,6,0.001378
strength_of,6,0.001378
Puss,6,0.001378
Edmonstone_neighbours,6,0.001378
drollery,6,0.001378
relish,6,0.001378
grandson,6,0.001378
wear,6,0.001378
exactness,6,0.001378
taste_for,6,0.001378
precision,6,0.001378
supply,6,0.001378
reflections,6,0.001378
esteem_was,6,0.001378
answers,6,0.001378
questions_what,6,0.001378
pace,6,0.001378
injunction,6,0.001378
haze,6,0.001378
declaration,6,0.001378
deception,6,0.001378
haven,6,0.001378
merriest_of,6,0.001378
beings,6,0.001378
Petrarch,6,0.001378
dancer,6,0.001378
feast_of,6,0.001378
St_Michael,6,0.001378
Michael,6,0.001378
tranquillity,6,0.001378
Edmonstone_anxieties,6,0.001378
Edmonstone_displeasure,6,0.001378
Edmonstone_talk,6,0.001378
boots,6,0.001378
corridor,6,0.001378
Edmonstone_parents,6,0.001378
Guyshort,6,0.001378
uncertainty,6,0.001378
Edmonstone_getting,6,0.001378
taking,6,0.001378
Thenceforward,6,0.001378
tune,6,0.001378
Giaour,6,0.001378
continuance,6,0.001378
exclusiveness,6,0.001378
distance_from,6,0.001378
maintenance,6,0.001378
nettles,6,0.001378
Edmonstone_door,6,0.001378
rigidity,6,0.001378
sisterinlaw_,6,0.001378
loftiness,6,0.001378
stateliness_,6,0.001378
openheart,6,0.001378
politeness,6,0.001378
Edmonstone_letters,6,0.001378
formalities,6,0.001378
endurance,6,0.001378
fall,5,0.001149
bag,5,0.001149
Self,5,0.001149
bear,5,0.001149
sister_for,5,0.001149
magistrates_he,5,0.001149
assurance,5,0.001149
penalty,5,0.001149
congratulation,5,0.001149
ticket,5,0.001149
barriers,5,0.001149
gun,5,0.001149
lives,5,0.001149
calm,5,0.001149
sister_except,5,0.001149
sternness_,5,0.001149
distrust_which,5,0.001149
transaction,5,0.001149
restlessness_of,5,0.001149
exhaustion_of,5,0.001149
sleeplessness,5,0.001149
humiliation,5,0.001149
Posthumus_wants,5,0.001149
Posthumus_ever,5,0.001149
commands,5,0.001149
traveller,5,0.001149
construing_with,5,0.001149
crown,5,0.001149
start_,5,0.001149
station_in,5,0.001149
fulfilments,5,0.001149
desires,5,0.001149
punishments,5,0.001149
shoe,5,0.001149
turf,5,0.001149
obligations,5,0.001149
Gladiator,5,0.001149
messages,5,0.001149
aught,5,0.001149
genius,5,0.001149
haste_no,5,0.001149
sickroom,5,0.001149
bliss,5,0.001149
venture,5,0.001149
spice,5,0.001149
steadiness_of,5,0.001149
Something,5,0.001149
Butler,5,0.001149
Analogy,5,0.001149
monument,5,0.001149
waggon,5,0.001149
uneasiness,5,0.001149
enthusiasm,5,0.001149
disregard,5,0.001149
strength_for,5,0.001149
zest_and,5,0.001149
Edmonstone_shoulders,5,0.001149
Edmonstone_not,5,0.001149
natural,5,0.001149
rest_with,5,0.001149
pathos,5,0.001149
auditors,5,0.001149
Land,5,0.001149
Leal,5,0.001149
Edmonstones_too,5,0.001149
subjects,5,0.001149
uproar,5,0.001149
swiftness,5,0.001149
temerity,5,0.001149
Her,5,0.001149
sickness,5,0.001149
collusion,5,0.001149
probation,5,0.001149
gatherings,5,0.001149
tetes,5,0.001149
plot,5,0.001149
pattern,5,0.001149
concerns,5,0.001149
Edmonstone_if,5,0.001149
Morning,5,0.001149
cripple,5,0.001149
tome,5,0.001149
impudence,5,0.001149
statistics_for,5,0.001149
spy,5,0.001149
similarity,5,0.001149
utmost_was,5,0.001149
culprits,5,0.001149
Edmonstone_which,5,0.001149
garments,5,0.001149
interest_for,5,0.001149
shroud,5,0.001149
toil,5,0.001149
jest_from,5,0.001149
earnest_another,5,0.001149
earnest_,5,0.001149
stories_inexplicable,5,0.001149
ghost_could,5,0.001149
intercessor,5,0.001149
modulations,5,0.001149
meanings,5,0.001149
sisters_listened,5,0.001149
Captain_Wellwood,5,0.001149
accession,5,0.001149
blots,5,0.001149
sailing,5,0.001149
vessels,5,0.001149
pier,5,0.001149
Schiller,5,0.001149
exigencies,5,0.001149
gardener,5,0.001149
outfit,5,0.001149
quicksilver,5,0.001149
ridings,5,0.001149
Edmonstone_Dr,5,0.001149
freshness,5,0.001149
indiscretion,5,0.001149
shutters,5,0.001149
estate_to,5,0.001149
impropriety,5,0.001149
dawn,5,0.001149
guests_entered,5,0.001149
hound,5,0.001149
Edmonstone_needed,5,0.001149
farce,5,0.001149
PhilipSir_Guy,5,0.001149
overdose,5,0.001149
betrothal,5,0.001149
congratulations,5,0.001149
That,4,0.000919
sagacity,4,0.000919
persuasions,4,0.000919
cost_Guy,4,0.000919
landlord,4,0.000919
occasions,4,0.000919
discord,4,0.000919
history_Guy,4,0.000919
commission,4,0.000919
weddings,4,0.000919
Robin,4,0.000919
complaints,4,0.000919
God,4,0.000919
lark,4,0.000919
steadying_of,4,0.000919
shower,4,0.000919
watchers,4,0.000919
tract,4,0.000919
crests_of,4,0.000919
rescuers,4,0.000919
volunteer,4,0.000919
storm_a,4,0.000919
unpretending,4,0.000919
staple_of,4,0.000919
Thou,4,0.000919
Thy,4,0.000919
yearning,4,0.000919
tumult,4,0.000919
madness,4,0.000919
theory,4,0.000919
youths,4,0.000919
reveries,4,0.000919
walks,4,0.000919
design,4,0.000919
confirmation,4,0.000919
CYMBELINE,4,0.000919
ladyship,4,0.000919
mistress_stable,4,0.000919
stable_,4,0.000919
Grown,4,0.000919
Michaelmas,4,0.000919
Edmonstone_arms,4,0.000919
flirtation,4,0.000919
first_,4,0.000919
turmoil,4,0.000919
livelihood,4,0.000919
Edmonstone_dumb,4,0.000919
flesh,4,0.000919
tires,4,0.000919
check,4,0.000919
Altdorf,4,0.000919
destruction_,4,0.000919
cling,4,0.000919
feel,4,0.000919
drawback,4,0.000919
hotel,4,0.000919
journal,4,0.000919
stanzas_about,4,0.000919
mists_in,4,0.000919
Bridge,4,0.000919
Sighs,4,0.000919
mistress_Miss,4,0.000919
Signor,4,0.000919
Capitano,4,0.000919
interpreter,4,0.000919
Miss_Parabola,4,0.000919
Parabola,4,0.000919
Colico,4,0.000919
struggles_,4,0.000919
pleading,4,0.000919
state_,4,0.000919
stage_in,4,0.000919
strength_to,4,0.000919
infliction,4,0.000919
Lord_people,4,0.000919
crags,4,0.000919
hues,4,0.000919
Hem,4,0.000919
pruning,4,0.000919
disk,4,0.000919
yesterday_s,4,0.000919
stones_for,4,0.000919
understanding_,4,0.000919
Mine,4,0.000919
Southey,4,0.000919
trust_to,4,0.000919
Hm,4,0.000919
morocco,4,0.000919
Arc,4,0.000919
graces,4,0.000919
spell,4,0.000919
Edmonstone_Philip,4,0.000919
Edmonstone_next,4,0.000919
contrast_of,4,0.000919
realization,4,0.000919
glove,4,0.000919
posture_,4,0.000919
pack,4,0.000919
stories_against,4,0.000919
Les,4,0.000919
tort,4,0.000919
Mr_Sebastian,4,0.000919
Sebastian_Dixon,4,0.000919
crimson,4,0.000919
penny,4,0.000919
whispering,4,0.000919
exclamation,4,0.000919
silliness,4,0.000919
pacing,4,0.000919
responses,4,0.000919
barn,4,0.000919
jealousy,4,0.000919
outcast_at,4,0.000919
loneliness,4,0.000919
delicacy,4,0.000919
incumbent,4,0.000919
housewifery,4,0.000919
summits,4,0.000919
thanksgivings,4,0.000919
Pray,4,0.000919
Confidence,4,0.000919
puppets,4,0.000919
malevolence,4,0.000919
Gratitude,4,0.000919
sensations,4,0.000919
Edmonstone_now,4,0.000919
past_three,4,0.000919
copse,4,0.000919
Knife,4,0.000919
dullness,4,0.000919
idol,4,0.000919
Drew_into,4,0.000919
Edmonstone_entirely,4,0.000919
gardening,4,0.000919
Edmonstone_embrace,4,0.000919
egg,4,0.000919
feebleness,4,0.000919
Edmonstone_capable,4,0.000919
Edmonstone_imagined,4,0.000919
crutch,4,0.000919
farrago,4,0.000919
bearing,4,0.000919
fulness,4,0.000919
jump,4,0.000919
caprice,4,0.000919
yesterday_Charles,4,0.000919
oak,4,0.000919
exercise,4,0.000919
wandering,4,0.000919
eyelashes,4,0.000919
Lucy,4,0.000919
growe,4,0.000919
Sir_Philip,4,0.000919
violinist_cheek,4,0.000919
violinist_appeared,4,0.000919
Broadstone_the,4,0.000919
Sebastian_being,4,0.000919
puzzle,4,0.000919
scamp,4,0.000919
bores,4,0.000919
sail,4,0.000919
Edmonstone_additional,4,0.000919
lords,4,0.000919
flummery,4,0.000919
counsellor,4,0.000919
Christmas_party,4,0.000919
evergreens,4,0.000919
geography,4,0.000919
Edmonstone_since,4,0.000919
marks,4,0.000919
CharlieCharlie,4,0.000919
zeal,4,0.000919
quadrangle,4,0.000919
probability,4,0.000919
wondering,4,0.000919
Havannah,4,0.000919
pother,4,0.000919
question_little,4,0.000919
story_again,4,0.000919
action,4,0.000919
wells,4,0.000919
disapprobation,4,0.000919
nurses,4,0.000919
jest_,4,0.000919
enclosure,4,0.000919
Burns,4,0.000919
questions_about,4,0.000919
haymakers,4,0.000919
estimation_in,4,0.000919
hammer,4,0.000919
enchantment,4,0.000919
Lady_Helen,4,0.000919
Miss_Alstons,4,0.000919
dissatisfaction,4,0.000919
rest_respecting,4,0.000919
weep,4,0.000919
loathing,4,0.000919
fret,4,0.000919
drink,4,0.000919
comforter,4,0.000919
hunters,4,0.000919
knife,4,0.000919
shootings,4,0.000919
practice,4,0.000919
story_book,4,0.000919
establishment_,4,0.000919
emergency,4,0.000919
propensities,4,0.000919
waistcoat_pocket,4,0.000919
article,4,0.000919
interest_of,4,0.000919
upstairs_,4,0.000919
trophy,4,0.000919
ambition,4,0.000919
selfsufficiency,4,0.000919
valet,4,0.000919
Knight,4,0.000919
Golden,4,0.000919
Fleece,4,0.000919
People,4,0.000919
assumption,4,0.000919
traits,4,0.000919
esteem_and,4,0.000919
condor,4,0.000919
discomposure,4,0.000919
jointure,3,0.000689
stoicism_of,3,0.000689
pages,3,0.000689
magistrates_Philip,3,0.000689
assent,3,0.000689
sentences,3,0.000689
cows,3,0.000689
donkeys,3,0.000689
Mr_Morris,3,0.000689
Morris,3,0.000689
left,3,0.000689
dressing,3,0.000689
gowns,3,0.000689
foundation,3,0.000689
aphorism,3,0.000689
Edmonstone_fit,3,0.000689
ghost_Thorndale,3,0.000689
provision,3,0.000689
sister_off,3,0.000689
silver,3,0.000689
shouts,3,0.000689
station_worry,3,0.000689
manger,3,0.000689
antics,3,0.000689
noises,3,0.000689
safety,3,0.000689
reefs,3,0.000689
sponsorship,3,0.000689
consciences,3,0.000689
sister_could,3,0.000689
cheerfulness,3,0.000689
Posthumus_sufferings,3,0.000689
Edmonstone_kindness,3,0.000689
Edmonstone_ideas,3,0.000689
Edmonstone_gravity,3,0.000689
Edmonstone_be,3,0.000689
foul,3,0.000689
mistress_arms,3,0.000689
Whiteface,3,0.000689
cove,3,0.000689
guilt,3,0.000689
gloves,3,0.000689
ours,3,0.000689
touches,3,0.000689
forget,3,0.000689
absurdity,3,0.000689
magnitude,3,0.000689
flame,3,0.000689
standard_of,3,0.000689
St_Gothard,3,0.000689
Gothard,3,0.000689
heights,3,0.000689
Joy,3,0.000689
wrist_,3,0.000689
relationship,3,0.000689
Scripture,3,0.000689
passports,3,0.000689
gallery,3,0.000689
fashion,3,0.000689
dissipations,3,0.000689
substance_beneath,3,0.000689
opportunities,3,0.000689
bulletins,3,0.000689
system_of,3,0.000689
Haven,3,0.000689
stiffness_from,3,0.000689
dangers,3,0.000689
autumnal,3,0.000689
dew,3,0.000689
Edmonstone_an,3,0.000689
rote,3,0.000689
rook,3,0.000689
parliament,3,0.000689
earnestness_that,3,0.000689
public,3,0.000689
Stylehurst_while,3,0.000689
Edmonstone_repent,3,0.000689
teeth,3,0.000689
ire,3,0.000689
injuries,3,0.000689
injustice_to,3,0.000689
frenzy,3,0.000689
nest_,3,0.000689
swamp,3,0.000689
typhus,3,0.000689
dictionary,3,0.000689
comments,3,0.000689
bail,3,0.000689
blushes,3,0.000689
sameness,3,0.000689
pray,3,0.000689
stability_to,3,0.000689
sing,3,0.000689
devoid,3,0.000689
estate_has,3,0.000689
circumstances_such,3,0.000689
awkwardness,3,0.000689
possessions,3,0.000689
utterance,3,0.000689
plates,3,0.000689
Encyclopaedia,3,0.000689
quadrille,3,0.000689
Edmonstone_together,3,0.000689
cab,3,0.000689
payment,3,0.000689
mystery_of,3,0.000689
Edmonstone_finished,3,0.000689
capability,3,0.000689
redness,3,0.000689
Eh,3,0.000689
villagers,3,0.000689
cattle,3,0.000689
repairs,3,0.000689
stairs_I,3,0.000689
shutter,3,0.000689
singers,3,0.000689
demonstrations_of,3,0.000689
Robert,3,0.000689
express,3,0.000689
Consul,3,0.000689
crevice,3,0.000689
roofs,3,0.000689
doze,3,0.000689
sister_fault,3,0.000689
bulletin,3,0.000689
tread,3,0.000689
presumption,3,0.000689
flattery,3,0.000689
step_towards,3,0.000689
step_back,3,0.000689
union,3,0.000689
ascendancy,3,0.000689
kitten,3,0.000689
dexterity,3,0.000689
slit,3,0.000689
bark,3,0.000689
feast_and,3,0.000689
bloom,3,0.000689
Edmonstone_cling,3,0.000689
nest_orchises,3,0.000689
orchises,3,0.000689
subterfuge,3,0.000689
figment,3,0.000689
advocacy,3,0.000689
camellia,3,0.000689
performance,3,0.000689
recollections,3,0.000689
railroad,3,0.000689
agreeableness,3,0.000689
history_My,3,0.000689
Dearest_Amy,3,0.000689
state_from,3,0.000689
Edmonstone_longed,3,0.000689
Cambridge,3,0.000689
sisters_in,3,0.000689
America,3,0.000689
breach,3,0.000689
dictate,3,0.000689
motherCharles,3,0.000689
reception,3,0.000689
proximity,3,0.000689
fabrication,3,0.000689
jeopardy,3,0.000689
distance_as,3,0.000689
converse,3,0.000689
pieces,3,0.000689
comers,3,0.000689
painting,3,0.000689
hurt,3,0.000689
sentiment,3,0.000689
commune,3,0.000689
hawks,3,0.000689
Archbishop,3,0.000689
majority,3,0.000689
strike_in,3,0.000689
increase,3,0.000689
executor,3,0.000689
Edmonstones_looked,3,0.000689
Edmonstones_arrived,3,0.000689
master_and,3,0.000689
Dr_Dr,3,0.000689
researches,3,0.000689
truths,3,0.000689
repartee,3,0.000689
distress_and,3,0.000689
honourables,3,0.000689
stories_Mrs,3,0.000689
wrongs,3,0.000689
Montrose,3,0.000689
interfere,3,0.000689
misconstructions_,3,0.000689
acceptance,3,0.000689
wills,3,0.000689
regret,3,0.000689
Miss_Wellwoods,3,0.000689
Wellwoods,3,0.000689
protector,3,0.000689
repetition,3,0.000689
camp,3,0.000689
stool_,3,0.000689
stump_of,3,0.000689
olive,3,0.000689
haymaking,3,0.000689
frolic,3,0.000689
ladder,3,0.000689
goose,3,0.000689
poems,3,0.000689
sprays,3,0.000689
lamps,3,0.000689
forefathers,3,0.000689
council,3,0.000689
Venetians,3,0.000689
landlords,3,0.000689
existence_by,3,0.000689
hearers,3,0.000689
expletive,3,0.000689
assistance_when,3,0.000689
region,3,0.000689
orphans,3,0.000689
assistance_from,3,0.000689
spectre,3,0.000689
Brocken,3,0.000689
Children,3,0.000689
haughtiest_and,3,0.000689
proprietor,3,0.000689
haste_yesterday,3,0.000689
down,3,0.000689
firm,3,0.000689
perfection,3,0.000689
Tea,3,0.000689
ducking,3,0.000689
wool,3,0.000689
peasant,3,0.000689
circles,3,0.000689
novelty,3,0.000689
drudgery,3,0.000689
steps_towards,3,0.000689
arts,3,0.000689
ornaments,3,0.000689
familiarity,3,0.000689
sister_must,3,0.000689
platform,2,0.000459
Disappointment,2,0.000459
heirs,2,0.000459
entail,2,0.000459
sister_surmise,2,0.000459
breakfast_was,2,0.000459
chills,2,0.000459
Eau,2,0.000459
Cologne,2,0.000459
moods,2,0.000459
psalm,2,0.000459
stimulants_to,2,0.000459
start_of,2,0.000459
desk,2,0.000459
pay,2,0.000459
no,2,0.000459
nursery,2,0.000459
sister_extreme,2,0.000459
extreme,2,0.000459
sister_from,2,0.000459
locality,2,0.000459
chorus,2,0.000459
sighs,2,0.000459
awfulness,2,0.000459
fisherman,2,0.000459
enterprise,2,0.000459
steps_before,2,0.000459
gull,2,0.000459
sunrise,2,0.000459
sophistries_,2,0.000459
sophistries_gave,2,0.000459
sister_kindness,2,0.000459
sister_drive,2,0.000459
preference,2,0.000459
whistle_from,2,0.000459
master_to,2,0.000459
occupations,2,0.000459
question_more,2,0.000459
storm_,2,0.000459
daughterPhilip,2,0.000459
Edmonstone_warmly,2,0.000459
imprecation,2,0.000459
Posthumus_has,2,0.000459
theirs,2,0.000459
misdeeds,2,0.000459
dilapidation,2,0.000459
mistress_when,2,0.000459
standing_,2,0.000459
Halroyd,2,0.000459
innovation,2,0.000459
bridesmaids,2,0.000459
obligation,2,0.000459
Bustle_up,2,0.000459
impersonation,2,0.000459
SOUTH,2,0.000459
MOOR,2,0.000459
1OOO,2,0.000459
blood,2,0.000459
boil,2,0.000459
pledges,2,0.000459
adoption,2,0.000459
Broadstone_behind,2,0.000459
sketching,2,0.000459
preservation,2,0.000459
playfulness,2,0.000459
cadence,2,0.000459
clover,2,0.000459
stiffness_of,2,0.000459
properties,2,0.000459
champ,2,0.000459
dinners,2,0.000459
Lucia,2,0.000459
debate,2,0.000459
rebuff,2,0.000459
impertinence,2,0.000459
Certain,2,0.000459
setting,2,0.000459
hillocks,2,0.000459
shadows,2,0.000459
tie,2,0.000459
cloaks,2,0.000459
chess,2,0.000459
whelp,2,0.000459
tool,2,0.000459
holes,2,0.000459
deed,2,0.000459
falsehoods,2,0.000459
combat,2,0.000459
challenge,2,0.000459
clearness,2,0.000459
slanders,2,0.000459
culprit,2,0.000459
Edmonstone_enjoys,2,0.000459
Morte,2,0.000459
devising,2,0.000459
manager,2,0.000459
downstairs_,2,0.000459
gainer,2,0.000459
trace,2,0.000459
rest_before,2,0.000459
pimpernels,2,0.000459
instant_you,2,0.000459
swallows,2,0.000459
sunsets,2,0.000459
Edmonstone_silly,2,0.000459
sister_a,2,0.000459
squeeze,2,0.000459
situations,2,0.000459
fry,2,0.000459
shelterless,2,0.000459
mile,2,0.000459
Ellen,2,0.000459
impulses,2,0.000459
step_to,2,0.000459
compensation,2,0.000459
sisters_arms,2,0.000459
manifestation_of,2,0.000459
Thereupon,2,0.000459
Barton,2,0.000459
infants,2,0.000459
Captain_Morvilles,2,0.000459
sisters_to,2,0.000459
stipend_for,2,0.000459
ecstasy_of,2,0.000459
watering,2,0.000459
atmosphere,2,0.000459
mutterings,2,0.000459
Lord_Paramount,2,0.000459
Paramount,2,0.000459
unheeding,2,0.000459
oil,2,0.000459
epreuve,2,0.000459
safeguard,2,0.000459
diligence,2,0.000459
grogram,2,0.000459
elders,2,0.000459
trepidation,2,0.000459
scarf,2,0.000459
bolt,2,0.000459
mysteries_,2,0.000459
won,2,0.000459
elm,2,0.000459
apoplexy,2,0.000459
Edmonstone_all,2,0.000459
statue_,2,0.000459
motherinlaw,2,0.000459
Broadstone_to,2,0.000459
meal,2,0.000459
crests_and,2,0.000459
breaking,2,0.000459
vehicle,2,0.000459
attacks,2,0.000459
abundance,2,0.000459
impunity,2,0.000459
dictum,2,0.000459
webbe,2,0.000459
sowe,2,0.000459
sister_by,2,0.000459
boundaries,2,0.000459
Broadstone_in,2,0.000459
Sebastian_went,2,0.000459
impetuosity,2,0.000459
hastiness_,2,0.000459
resentment,2,0.000459
achievement,2,0.000459
conquest_,2,0.000459
paraphernalia,2,0.000459
history_over,2,0.000459
alarms,2,0.000459
wheels,2,0.000459
handwriting,2,0.000459
These,2,0.000459
perusal,2,0.000459
causes,2,0.000459
shrinking,2,0.000459
tiger,2,0.000459
hip,2,0.000459
edge,2,0.000459
Beware,2,0.000459
trifling,2,0.000459
collisions,2,0.000459
wisteria_which,2,0.000459
tomb,2,0.000459
approach,2,0.000459
defence,2,0.000459
pebbles,2,0.000459
riders,2,0.000459
Hollo,2,0.000459
purchase,2,0.000459
trust_William,2,0.000459
reform,2,0.000459
Thorndales,2,0.000459
replies,2,0.000459
betting,2,0.000459
pledge,2,0.000459
sever,2,0.000459
rhyme,2,0.000459
prose,2,0.000459
star_of,2,0.000459
impressions,2,0.000459
butterfly,2,0.000459
stranger_so,2,0.000459
dolce,2,0.000459
store_for,2,0.000459
bow,2,0.000459
protests_to,2,0.000459
fork,2,0.000459
uniform,2,0.000459
Edmonstone_flock,2,0.000459
Edmonstone_ever,2,0.000459
Alstons_slightly,2,0.000459
Alstons_away,2,0.000459
laziness,2,0.000459
damsel,2,0.000459
tunes,2,0.000459
steps_in,2,0.000459
Edmonstone_exclaimed,2,0.000459
interest_all,2,0.000459
methods,2,0.000459
farming,2,0.000459
Jupiter,2,0.000459
rapture,2,0.000459
mornings,2,0.000459
Euripides,2,0.000459
beef,2,0.000459
manor,2,0.000459
misunderstandings_would,2,0.000459
swelling,2,0.000459
port,2,0.000459
irritation,2,0.000459
request_Mr,2,0.000459
statement_,2,0.000459
expenses,2,0.000459
instant_,2,0.000459
breezes,2,0.000459
haggard,2,0.000459
state_on,2,0.000459
godfather,2,0.000459
turns,2,0.000459
Sister_,2,0.000459
Bustle_of,2,0.000459
Miss_Harper,2,0.000459
Harper,2,0.000459
legend,2,0.000459
stream_,2,0.000459
spinning,2,0.000459
Edmonstone_off,2,0.000459
elder,2,0.000459
attainments,2,0.000459
mantelshelf,2,0.000459
disturbance_enough,2,0.000459
justice_but,2,0.000459
sister_of,2,0.000459
twentyseven,2,0.000459
motions,2,0.000459
guards,2,0.000459
waste_it,2,0.000459
feint,2,0.000459
coup,2,0.000459
theatre,2,0.000459
brewing,2,0.000459
East_Hill,2,0.000459
Hill,2,0.000459
Bustle_to,2,0.000459
supposition,2,0.000459
Edmonstones_could,1,0.00023
exculpation,1,0.00023
exhibition,1,0.00023
sister_avoid,1,0.00023
languor,1,0.00023
coteries,1,0.00023
speaker,1,0.00023
sister_before,1,0.00023
faintness,1,0.00023
hobbetyhoy,1,0.00023
gestures_and,1,0.00023
em,1,0.00023
shout,1,0.00023
Posthumus_as,1,0.00023
wilfulness,1,0.00023
solace,1,0.00023
abandonment,1,0.00023
story_to,1,0.00023
step_nearer,1,0.00023
churchyard,1,0.00023
hurry,1,0.00023
screw,1,0.00023
Sarah,1,0.00023
deer,1,0.00023
proverb,1,0.00023
potatoes,1,0.00023
petticoat,1,0.00023
survey,1,0.00023
Ogre,1,0.00023
banns,1,0.00023
frock,1,0.00023
step_once,1,0.00023
promises,1,0.00023
staff_,1,0.00023
staff_always,1,0.00023
surname,1,0.00023
poem,1,0.00023
Spenser,1,0.00023
our,1,0.00023
breakfast_the,1,0.00023
bank,1,0.00023
struggles_that,1,0.00023
amiability,1,0.00023
melody,1,0.00023
pretension,1,0.00023
restraints_restored,1,0.00023
losses,1,0.00023
horseback,1,0.00023
simile,1,0.00023
riddle,1,0.00023
pun,1,0.00023
title,1,0.00023
toto,1,0.00023
Doctor_as,1,0.00023
spears,1,0.00023
epergne,1,0.00023
jargon,1,0.00023
nurslings,1,0.00023
distance_to,1,0.00023
go,1,0.00023
sister_some,1,0.00023
foolishness,1,0.00023
candles,1,0.00023
story_in,1,0.00023
tenderer,1,0.00023
decorum,1,0.00023
cricket,1,0.00023
yards,1,0.00023
Louisa,1,0.00023
differences,1,0.00023
sister_till,1,0.00023
offers,1,0.00023
repartees,1,0.00023
individuality,1,0.00023
contrast_,1,0.00023
despondency,1,0.00023
mathematics,1,0.00023
hostess_,1,0.00023
custom_,1,0.00023
humility,1,0.00023
lights,1,0.00023
accessories,1,0.00023
stocks_in,1,0.00023
violets,1,0.00023
recommendation,1,0.00023
lull,1,0.00023
enlightenment,1,0.00023
botany,1,0.00023
brambles,1,0.00023
indignities,1,0.00023
womankind,1,0.00023
barrier,1,0.00023
dispute,1,0.00023
taste_despise,1,0.00023
alterations,1,0.00023
gazelle,1,0.00023
lengths,1,0.00023
reformation,1,0.00023
rustling_,1,0.00023
Over,1,0.00023
mantle,1,0.00023
leeches,1,0.00023
breakfast_on,1,0.00023
history_as,1,0.00023
L,1,0.00023
theories,1,0.00023
provocations,1,0.00023
Sir_,1,0.00023
furtive,1,0.00023
Sebastian_had,1,0.00023
salary,1,0.00023
Men,1,0.00023
articles,1,0.00023
Edmonstones_till,1,0.00023
wherewithal,1,0.00023
rest_by,1,0.00023
insect,1,0.00023
Peace,1,0.00023
knell,1,0.00023
jar,1,0.00023
opiates,1,0.00023
soliloquy,1,0.00023
auguries,1,0.00023
lectures,1,0.00023
yawns,1,0.00023
experiments,1,0.00023
Strafford_,1,0.00023
delay,1,0.00023
custom_of,1,0.00023
negotiation,1,0.00023
story_I,1,0.00023
rabbit,1,0.00023
Our,1,0.00023
duels,1,0.00023
start_or,1,0.00023
disclosure,1,0.00023
bruises,1,0.00023
recesses,1,0.00023
clearance,1,0.00023
memories,1,0.00023
mastery_,1,0.00023
interest_to,1,0.00023
leisure,1,0.00023
stile_,1,0.00023
mushrooms,1,0.00023
sultriness,1,0.00023
parade,1,0.00023
vanities,1,0.00023
injustice_by,1,0.00023
curtsey,1,0.00023
wreaths,1,0.00023
gesture_with,1,0.00023
cover,1,0.00023
rest_was,1,0.00023
graveyard,1,0.00023
burdens,1,0.00023
haste_and,1,0.00023
existence_till,1,0.00023
sisters_more,1,0.00023
meetings,1,0.00023
necessaries,1,0.00023
trumpery,1,0.00023
sentimentality,1,0.00023
strength_now,1,0.00023
being,1,0.00023
contrition,1,0.00023
Yours,1,0.00023
resolve,1,0.00023
sister_up,1,0.00023
Doctor_,1,0.00023
crow,1,0.00023
