Richard,27450,14.679772
I,21620,11.561992
Adela,15298,8.181099
Hubert,8348,4.464362
You,4441,2.374968
Alice,3932,2.102764
Waltham,3065,1.639108
Rodman,3020,1.615042
Daniel,2583,1.381343
friends,2581,1.380273
Kate,2362,1.263156
it,2153,1.151386
Arry,1971,1.054056
Keene,1908,1.020365
Wyvern,1717,0.918221
Mr_Wyvern,1679,0.897899
Alfred,1637,0.875439
widow,1538,0.822495
Dabbs,1535,0.820891
Mr_Keene,1507,0.805917
mother,1493,0.79843
Mrs_Waltham,1438,0.769017
Emma,1351,0.722491
we,1295,0.692543
Willis,1104,0.5904
Letty,1101,0.588795
husband,1068,0.571147
solicitude,1018,0.544408
Mr_Willis,1003,0.536387
Mrs_Eldon,971,0.519274
Wanley,965,0.516065
It,918,0.49093
King_Mutimer,914,0.488791
He,887,0.474352
vicar,718,0.383974
wife,707,0.378091
We,705,0.377021
brother,690,0.369
son,647,0.346004
one,644,0.3444
fellow,620,0.331565
pamphlet,617,0.329961
life,590,0.315522
They,587,0.313917
Maud,575,0.3075
calumnies,558,0.298408
mind,557,0.297874
business,535,0.286108
me,530,0.283435
Mr_Westlake,527,0.28183
Darnford,506,0.2706
New,497,0.265787
servant,482,0.257765
M,481,0.25723
Mutimers,460,0.246
necessity,433,0.231561
Lecture,432,0.231026
Hall,432,0.231026
Comrade,417,0.223004
poet,410,0.219261
men,406,0.217122
Mr_Waltham,395,0.211239
Belwick,389,0.20803
return,363,0.194126
Poor,362,0.193591
Jane,360,0.192522
Radicalism,355,0.189848
Roodhouse,343,0.18343
Nicholas,342,0.182896
children,325,0.173804
disillusionment,324,0.173269
regard,324,0.173269
modesty_,324,0.173269
name,321,0.171665
copy,311,0.166317
Clay,305,0.163109
Mrs_Clay,303,0.162039
Mewling,293,0.156691
Manor,292,0.156156
Mr_Rodman,288,0.154017
friend,281,0.150274
himself,277,0.148135
Mrs_Mewling,276,0.1476
Mr_Kitshaw,269,0.143856
Kitshaw,269,0.143856
water,266,0.142252
world,265,0.141717
London,262,0.140113
romancers,256,0.136904
Mr_Dabbs,255,0.136369
girl,254,0.135835
people,253,0.1353
house,252,0.134765
She,238,0.127278
lady,234,0.125139
nature,225,0.120326
Clara,218,0.116583
eye,216,0.115513
wouldn,213,0.113909
us,210,0.112304
Stella,201,0.107491
someone,198,0.105887
Religion,196,0.104817
idea,195,0.104283
Hilary,188,0.100539
Williamson,185,0.098935
voice,185,0.098935
aborigines,185,0.098935
Yottle,178,0.095191
vigour,173,0.092517
herself,171,0.091448
organ,169,0.090378
civilisation,169,0.090378
Westlake_leaned,169,0.090378
account,168,0.089843
Mr_Williamson,167,0.089309
family,165,0.088239
People,165,0.088239
Boscobel,164,0.087704
words,163,0.08717
whereon,161,0.0861
Don,159,0.08503
public,158,0.084496
side,157,0.083961
part,152,0.081287
lad,151,0.080752
Westlake_had,149,0.079683
haven,146,0.078078
Quarterly,146,0.078078
eightpence,146,0.078078
postage_,146,0.078078
observation,145,0.077543
youth,144,0.077009
process,144,0.077009
square,144,0.077009
child,143,0.076474
week,142,0.075939
capital,142,0.075939
audience,142,0.075939
don,141,0.075404
duty,134,0.071661
Mr_Hilary,133,0.071126
nothing,132,0.070591
Cowes,132,0.070591
Vine,131,0.070056
ideal,131,0.070056
sister_had,129,0.068987
word,126,0.067383
gentleman,126,0.067383
Dare,125,0.066848
look,125,0.066848
Punctuality,125,0.066848
time,124,0.066313
paper,122,0.065243
stories_had,122,0.065243
devil,122,0.065243
women,121,0.064709
bodyguard,121,0.064709
moon,121,0.064709
county,121,0.064709
history_tells,121,0.064709
admissions,121,0.064709
address,119,0.063639
work,118,0.063104
door,115,0.0615
others,114,0.060965
observer,114,0.060965
Mrs_Adela,114,0.060965
committee,113,0.06043
soul,112,0.059896
room,111,0.059361
Mr_Boscobel,111,0.059361
property,110,0.058826
Agworth,108,0.057756
Tew,108,0.057756
purpose,106,0.056687
death,106,0.056687
Tory,106,0.056687
Stella_was,105,0.056152
hours,104,0.055617
labour,103,0.055083
loveliness,103,0.055083
character,102,0.054548
kindness,102,0.054548
sons,101,0.054013
letter,100,0.053478
trustee_to,100,0.053478
Stella_Stella,100,0.053478
value,100,0.053478
Heaven,100,0.053478
airs,100,0.053478
insolence,100,0.053478
Socialist_,100,0.053478
sleep,100,0.053478
course,99,0.052943
captive,99,0.052943
Mr_Cowes,99,0.052943
curse,98,0.052409
ease,95,0.050804
way,94,0.05027
something,94,0.05027
fellows,94,0.05027
half,92,0.0492
end,90,0.04813
Jack,89,0.047596
profits,89,0.047596
anything,89,0.047596
eyes,89,0.047596
case,89,0.047596
Mr_Yottle,87,0.046526
speaker,87,0.046526
Miss_Mutimer,86,0.045991
tumult,85,0.045456
face,84,0.044922
girls,84,0.044922
policeman,83,0.044387
dignity,82,0.043852
change,82,0.043852
order,82,0.043852
nay,82,0.043852
air,82,0.043852
Mrs_Lake,81,0.043317
Lake,81,0.043317
wretches,81,0.043317
autumn,81,0.043317
club,81,0.043317
minister_in,81,0.043317
offices,81,0.043317
Oh,80,0.042783
trees,79,0.042248
Redgrave,78,0.041713
pounds,78,0.041713
maidenhood,78,0.041713
thought,77,0.041178
housewife,76,0.040643
hands,74,0.039574
events,74,0.039574
journalist_sent,74,0.039574
class,73,0.039039
zeal,73,0.039039
Might,73,0.039039
bearing,73,0.039039
article,70,0.037435
intelligence,70,0.037435
Someone,70,0.037435
hurry,70,0.037435
papers,69,0.0369
letters,67,0.03583
father,67,0.03583
meeting,66,0.035296
Westlake_has,66,0.035296
board,66,0.035296
morrow,65,0.034761
Westlake_very,65,0.034761
style_has,64,0.034226
glass,64,0.034226
Miss_Alfred,64,0.034226
Princess_and,64,0.034226
intimates,64,0.034226
circumstances_of,64,0.034226
workman,64,0.034226
estate_means,64,0.034226
revolutionist_though,64,0.034226
career,64,0.034226
force,62,0.033156
position,62,0.033156
Hoxton,62,0.033156
Socialists_mean,61,0.032622
Joseph,61,0.032622
clergyman,60,0.032087
kind,60,0.032087
ladies,59,0.031552
Westlake_to,59,0.031552
Sunday,59,0.031552
everybody,59,0.031552
features,59,0.031552
path,58,0.031017
employers,58,0.031017
Cullen,58,0.031017
refinement,58,0.031017
Jessie,58,0.031017
appearance,57,0.030483
lawyer,57,0.030483
Mrs_Westlake,57,0.030483
spirit,57,0.030483
spirits,56,0.029948
F,55,0.029413
hour,54,0.028878
mood,54,0.028878
head,54,0.028878
use,53,0.028343
Mike,53,0.028343
humour,53,0.028343
desolation,53,0.028343
ud,52,0.027809
comrade,52,0.027809
scruple,52,0.027809
abbey,52,0.027809
representative,51,0.027274
book,51,0.027274
extent,51,0.027274
lips,50,0.026739
impulse,50,0.026739
images,50,0.026739
aweer,50,0.026739
correspondence,50,0.026739
difficulty,50,0.026739
chill,50,0.026739
story_,50,0.026739
Union,50,0.026739
revolutionist_workman,50,0.026739
evening,49,0.026204
sister_have,49,0.026204
tender,49,0.026204
guide,49,0.026204
Stella_said,49,0.026204
exasperation,49,0.026204
taste_and,49,0.026204
handiness,49,0.026204
needle,49,0.026204
college,49,0.026204
Whensoever,49,0.026204
hatred,49,0.026204
horsey,49,0.026204
Stella_derived,49,0.026204
Westlake_wore,49,0.026204
books,48,0.02567
cruelty,47,0.025135
heart,46,0.0246
loss,46,0.0246
money,46,0.0246
decency,46,0.0246
impatience,45,0.024065
futilities,45,0.024065
insincerities,45,0.024065
Westlake_was,44,0.02353
hearing,44,0.02353
fortune,43,0.022996
anyone,43,0.022996
editor,43,0.022996
behaviour,42,0.022461
Stella_saw,42,0.022461
maid,42,0.022461
fire,42,0.022461
administrators_were,42,0.022461
mob,41,0.021926
creatures,41,0.021926
sister_and,41,0.021926
valley,41,0.021926
joy,41,0.021926
caprice,41,0.021926
efforts,40,0.021391
daughter,40,0.021391
vale,40,0.021391
manner,39,0.020857
Irish,39,0.020857
Dairy,39,0.020857
Company,39,0.020857
journalist_had,39,0.020857
gentlemen,38,0.020322
doctor,38,0.020322
persons,38,0.020322
servants,38,0.020322
party,38,0.020322
pride,38,0.020322
writing,38,0.020322
will,37,0.019787
length,37,0.019787
results,37,0.019787
undertaking,37,0.019787
chairman,37,0.019787
telegram,36,0.019252
crowd,36,0.019252
experience,36,0.019252
Meantime,36,0.019252
Stella_doubted,36,0.019252
Socialists_to,36,0.019252
acquaintance,36,0.019252
bedtime,36,0.019252
refreshment,36,0.019252
Hollo,36,0.019252
Westlake_discerned,36,0.019252
settlement,36,0.019252
Mrs_and,36,0.019252
system_had,36,0.019252
profession,36,0.019252
D,36,0.019252
listeners_stood,36,0.019252
item,36,0.019252
aristocrats_find,36,0.019252
study_were,36,0.019252
constraint_might,36,0.019252
politics,36,0.019252
mobility,36,0.019252
Socialist_and,36,0.019252
liveliness,36,0.019252
remark,36,0.019252
corner,36,0.019252
minutes,35,0.018717
news,35,0.018717
window,35,0.018717
company,35,0.018717
parents,35,0.018717
houses,34,0.018183
lot,34,0.018183
ll,34,0.018183
seriousness,34,0.018183
workmen,34,0.018183
themselves,33,0.017648
prejudice,33,0.017648
furnaces,33,0.017648
uproar,32,0.017113
station_,32,0.017113
impulses,32,0.017113
myself,32,0.017113
morning,32,0.017113
line,32,0.017113
reading,31,0.016578
capitalists_,31,0.016578
boy,31,0.016578
Shelley,31,0.016578
clock,30,0.016043
Messrs,30,0.016043
Friends,30,0.016043
none,29,0.015509
Mr_Cullen,29,0.015509
Mrs_W,29,0.015509
W,29,0.015509
laugh,29,0.015509
King_Polycrates,29,0.015509
Polycrates,29,0.015509
Pride,29,0.015509
day,28,0.014974
sight,28,0.014974
Godfrey,28,0.014974
knowledge,28,0.014974
leaguers,28,0.014974
control,28,0.014974
smile,28,0.014974
habits,27,0.014439
movement,27,0.014439
visit,27,0.014439
Dan,27,0.014439
material,27,0.014439
Mrs_Rodman,27,0.014439
combativeness,27,0.014439
spectacle,26,0.013904
grief,26,0.013904
constable_promised,26,0.013904
garden,26,0.013904
misery,26,0.013904
intention,26,0.013904
health,26,0.013904
Stella_s,26,0.013904
Stella_and,26,0.013904
tremor,26,0.013904
sister_Jessie,26,0.013904
wages,26,0.013904
machine,26,0.013904
Westlake_asked,26,0.013904
Midnight,25,0.01337
Delancey,25,0.01337
history_shows,25,0.01337
listening_Mutimer,25,0.01337
riot,25,0.01337
grandfatherhad,25,0.01337
gesture_expressing,25,0.01337
testator_devised,25,0.01337
chance,25,0.01337
street_crossing,25,0.01337
sister_s,25,0.01337
Bertie,25,0.01337
prospectus,25,0.01337
Chartist_movement,25,0.01337
Queen_s,25,0.01337
daughters,25,0.01337
Roodhousethe,25,0.01337
journalist_name,25,0.01337
Mrs_Alfred,25,0.01337
adn,25,0.01337
latter,25,0.01337
upshot,25,0.01337
turn,25,0.01337
interests_claimed,25,0.01337
horror,25,0.01337
Gross,25,0.01337
guests_from,25,0.01337
journalist_brought,25,0.01337
journalist_remembered,25,0.01337
beard,25,0.01337
colour,25,0.01337
jet,25,0.01337
result,25,0.01337
rest_which,25,0.01337
St_Stephen,25,0.01337
Stephen_s,25,0.01337
Stella_looks,25,0.01337
kiss,25,0.01337
Agitation,25,0.01337
monsters_,25,0.01337
grossness,25,0.01337
obstinacy_which,25,0.01337
cups,25,0.01337
capitalist_won,25,0.01337
past_revealed,25,0.01337
lamp,25,0.01337
Mr_Keenell,25,0.01337
Keenell,25,0.01337
units,25,0.01337
throng,25,0.01337
vision,25,0.01337
hypocrite,25,0.01337
egoistic_,25,0.01337
upbringing,25,0.01337
hansom,24,0.012835
hall,24,0.012835
hair,23,0.0123
light,23,0.0123
conversation,23,0.0123
Everyone,23,0.0123
excitement,22,0.011765
state_of,22,0.011765
King_son,22,0.011765
agitation,21,0.01123
feet,21,0.01123
yourself,21,0.01123
sympathy,21,0.01123
elder,21,0.01123
journalist_,21,0.01123
suffering,21,0.01123
Dr_Manns,20,0.010696
Manns,20,0.010696
effort,20,0.010696
guards,20,0.010696
oil,20,0.010696
merchant,20,0.010696
Mr_Henry,20,0.010696
views,20,0.010696
stories_which,20,0.010696
pews,20,0.010696
Puritanism,20,0.010696
training,20,0.010696
ideas,20,0.010696
reason,20,0.010696
Westlake_replied,20,0.010696
tone,19,0.010161
Westlake_mixing,19,0.010161
feeling,19,0.010161
Albion,19,0.010161
rumour,18,0.009626
cab,18,0.009626
countenance,18,0.009626
opportunities,18,0.009626
years,18,0.009626
Disappearance,18,0.009626
Secretary,18,0.009626
object,18,0.009626
Movements,18,0.009626
Haven,18,0.009626
works,18,0.009626
Something,18,0.009626
Westlake_found,18,0.009626
applause,18,0.009626
HeHe,18,0.009626
Westlake_husband,18,0.009626
worthies,18,0.009626
Park,18,0.009626
Cemetery,18,0.009626
strain_which,18,0.009626
police,17,0.009091
shoulders,17,0.009091
thing,17,0.009091
nephew,17,0.009091
moment,17,0.009091
difficulties,17,0.009091
reaction,17,0.009091
Road,17,0.009091
Mrs_Williamson,17,0.009091
associations,17,0.009091
things,17,0.009091
shrewder,17,0.009091
railway,17,0.009091
Women,17,0.009091
cupboard,17,0.009091
perchance,17,0.009091
languor,17,0.009091
Fellow,17,0.009091
blast_,17,0.009091
holiday,17,0.009091
Rendal,17,0.009091
mention,17,0.009091
hotel,17,0.009091
town,17,0.009091
Stella_kissed,17,0.009091
distance_from,16,0.008557
certainty,16,0.008557
persuasion,16,0.008557
inconsistency_Emma,16,0.008557
Stella_added,16,0.008557
flowers,16,0.008557
individuals,16,0.008557
Socialists_pursued,16,0.008557
Westlake_,16,0.008557
bulk,16,0.008557
being,16,0.008557
humanity,16,0.008557
understanding_would,16,0.008557
sister_were,16,0.008557
office,16,0.008557
Goswell,16,0.008557
Butter,16,0.008557
cheese,16,0.008557
eggs,16,0.008557
genuineness,16,0.008557
England,16,0.008557
prices,16,0.008557
struggle_would,16,0.008557
error,16,0.008557
oration,16,0.008557
printer,16,0.008557
Near,16,0.008557
Westlake_abandon,16,0.008557
monitor,16,0.008557
contractor,16,0.008557
information,16,0.008557
custom_nourished,16,0.008557
style_which,16,0.008557
wretchedness,16,0.008557
accent,16,0.008557
spots,16,0.008557
experiences,16,0.008557
usages,16,0.008557
satisfaction,16,0.008557
intimacy,16,0.008557
Westlakes_and,16,0.008557
ambition,16,0.008557
amends,16,0.008557
em,16,0.008557
concession,16,0.008557
reconciliation,16,0.008557
Westlake_thinks,16,0.008557
Westlake_addressing,16,0.008557
listeners_gave,16,0.008557
venom,16,0.008557
walk,16,0.008557
buildings,16,0.008557
stranger_would,16,0.008557
Family,16,0.008557
meal,16,0.008557
injunction,16,0.008557
blood,16,0.008557
flow,16,0.008557
usefulness,16,0.008557
tact,16,0.008557
folly,16,0.008557
Westlake_shortly,16,0.008557
Socialists_made,16,0.008557
Westlake_saw,16,0.008557
employment,16,0.008557
H,16,0.008557
warmth,16,0.008557
fume,16,0.008557
excess,16,0.008557
group,16,0.008557
shopkeeper,16,0.008557
tears,16,0.008557
cemeteries,16,0.008557
uttermost_,16,0.008557
search,16,0.008557
capacity,16,0.008557
strait_bonds,16,0.008557
bonds,16,0.008557
taste_of,16,0.008557
descendant,16,0.008557
motherRichard,16,0.008557
Stella_found,16,0.008557
need,16,0.008557
truth,15,0.008022
days,15,0.008022
imagination,15,0.008022
silence,15,0.008022
Enders,14,0.007487
expression,14,0.007487
Stella_to,14,0.007487
dress,14,0.007487
disappointment,14,0.007487
scheme,14,0.007487
newspaper,14,0.007487
conscience,14,0.007487
prospects,14,0.007487
feelings,14,0.007487
ringing,13,0.006952
East_End,13,0.006952
End,13,0.006952
space,13,0.006952
point,13,0.006952
Stella_asked,13,0.006952
mechanic,13,0.006952
times,13,0.006952
Men,13,0.006952
possibility,13,0.006952
None,13,0.006952
placard,13,0.006952
circumstances_had,13,0.006952
Westlake_said,13,0.006952
absence,13,0.006952
footfall,13,0.006952
Miss_Tew,13,0.006952
undreamt,13,0.006952
revolution,13,0.006952
summer,13,0.006952
village,13,0.006952
Stella_could,13,0.006952
table,13,0.006952
act,13,0.006952
hand,12,0.006417
Westlake_who,12,0.006417
gaze,12,0.006417
Socialism,12,0.006417
visitor,12,0.006417
society,12,0.006417
sincerity,12,0.006417
sister_would,12,0.006417
wood,12,0.006417
collar,12,0.006417
scene,11,0.005883
troubles,11,0.005883
country,11,0.005883
sun,11,0.005883
sound,11,0.005883
love,11,0.005883
tendencies,11,0.005883
relations,11,0.005883
sister_was,11,0.005883
while,11,0.005883
grin,10,0.005348
members,10,0.005348
innocence,10,0.005348
victualler,10,0.005348
weakness,10,0.005348
abbots,10,0.005348
refusal,10,0.005348
command,10,0.005348
growth,10,0.005348
cheeks,10,0.005348
lines,10,0.005348
dinner,10,0.005348
Mr_Delancey,10,0.005348
Mr_Robert,10,0.005348
Robert,10,0.005348
uncle,10,0.005348
gentility,10,0.005348
consequence,10,0.005348
majority,10,0.005348
pistol_bullet,10,0.005348
bullet,10,0.005348
workin,10,0.005348
state_allowed,10,0.005348
lecture,10,0.005348
lamb,10,0.005348
dresses,10,0.005348
boys,10,0.005348
bent,10,0.005348
sensation,10,0.005348
home,10,0.005348
Westlake_played,10,0.005348
Wilkinson,10,0.005348
independence,10,0.005348
gravity,10,0.005348
nobody,10,0.005348
churchyard,10,0.005348
families,10,0.005348
coppers,9,0.004813
assistance_could,9,0.004813
Mr_ve,9,0.004813
secretary,9,0.004813
Clerkenwell,9,0.004813
parts,9,0.004813
follies,9,0.004813
beginning,9,0.004813
briefly,9,0.004813
officer,9,0.004813
rabble,9,0.004813
beauty,9,0.004813
edge,9,0.004813
mystery_of,9,0.004813
delay,9,0.004813
tastes_which,9,0.004813
sternness_which,9,0.004813
natural,9,0.004813
fits,9,0.004813
cause,9,0.004813
meaning,9,0.004813
principles,9,0.004813
brow,9,0.004813
diffidence,9,0.004813
No,9,0.004813
thanks,9,0.004813
driver,9,0.004813
Westlake_told,9,0.004813
Stella_had,9,0.004813
pit,9,0.004813
age,9,0.004813
Socialists_hold,9,0.004813
Socialists_employ,9,0.004813
mansion,9,0.004813
sisterinlaw_contrasted,9,0.004813
sonnets,9,0.004813
sale,9,0.004813
beverages,9,0.004813
ome,9,0.004813
novel,9,0.004813
sister_remembered,9,0.004813
names,9,0.004813
pair,9,0.004813
tumults,9,0.004813
two,9,0.004813
first_born,9,0.004813
five,9,0.004813
revolutionists_,9,0.004813
reporter,9,0.004813
obstinacy_to,9,0.004813
obstinacy_ll,9,0.004813
savageness,9,0.004813
system_condemns,9,0.004813
indignation,9,0.004813
term,9,0.004813
fruit,9,0.004813
sides,9,0.004813
fields,9,0.004813
degrees,9,0.004813
building,9,0.004813
pocket,9,0.004813
Thank,9,0.004813
Socialist_of,9,0.004813
affairs,9,0.004813
MUTIMER,9,0.004813
night,9,0.004813
speech,9,0.004813
arrival,9,0.004813
Wheatsheaf,9,0.004813
deception,9,0.004813
figure,9,0.004813
wit,9,0.004813
City,9,0.004813
showroom,9,0.004813
chapter,9,0.004813
talk,9,0.004813
Hearing,9,0.004813
sister_Emmy,9,0.004813
Emmy,9,0.004813
undergrowths,9,0.004813
Whether,9,0.004813
study_of,9,0.004813
idealism,9,0.004813
shadow,9,0.004813
excuse,9,0.004813
announcement,9,0.004813
timidity,9,0.004813
mater,9,0.004813
circumstances_to,9,0.004813
passion,9,0.004813
instinct_that,9,0.004813
state_has,9,0.004813
fact,9,0.004813
smell,9,0.004813
linen,9,0.004813
arithmetic,9,0.004813
Punishment,9,0.004813
listeners_wonted,9,0.004813
benefactor,9,0.004813
journalist_said,9,0.004813
message,9,0.004813
Honour,9,0.004813
obedience,9,0.004813
extraction,9,0.004813
theatre,9,0.004813
safety,9,0.004813
meteor,9,0.004813
hell,9,0.004813
mourning,9,0.004813
wealth,9,0.004813
statesman_had,9,0.004813
proximity,9,0.004813
practice,9,0.004813
Monday,9,0.004813
recreation,9,0.004813
King_brought,9,0.004813
pathway,9,0.004813
gossips,9,0.004813
sister_felt,9,0.004813
enthusiasm,9,0.004813
Christmas_must,9,0.004813
occasion,9,0.004813
Dear,9,0.004813
Stella_spoke,9,0.004813
miseries,9,0.004813
suspicions,9,0.004813
disgust_made,9,0.004813
art,9,0.004813
Terror,9,0.004813
disposition,9,0.004813
Experience,9,0.004813
blind,9,0.004813
story_of,9,0.004813
Westlake_think,9,0.004813
sister_said,9,0.004813
lover,9,0.004813
stairs_Adela,9,0.004813
wonder,9,0.004813
impunity,9,0.004813
instant_struck,9,0.004813
pace,9,0.004813
priests_,9,0.004813
sister_serving,9,0.004813
aids,9,0.004813
stress_on,9,0.004813
development,9,0.004813
apology,9,0.004813
influences,9,0.004813
type,9,0.004813
suggestion_that,9,0.004813
circumstance_of,9,0.004813
sentiment,9,0.004813
preferences,9,0.004813
power,9,0.004813
century,9,0.004813
silver,9,0.004813
counsel,9,0.004813
Boys,9,0.004813
trail,9,0.004813
auctioneers,9,0.004813
matron,9,0.004813
Sadness,9,0.004813
Westlake_friends,9,0.004813
Westlake_shook,9,0.004813
Westlake_walked,9,0.004813
Westlake_neck,9,0.004813
neck,9,0.004813
climax,9,0.004813
echoes,9,0.004813
mirth,9,0.004813
hems,9,0.004813
egoism,9,0.004813
measure,9,0.004813
dialogue,9,0.004813
affection,9,0.004813
Richardsuperior,9,0.004813
sisters_alone,9,0.004813
cold,9,0.004813
methods,9,0.004813
revenge,9,0.004813
cupboards,9,0.004813
chairs,9,0.004813
Tain,9,0.004813
workshop,9,0.004813
latch,9,0.004813
key,9,0.004813
rest_had,9,0.004813
Westlake_only,9,0.004813
Westlake_goodbye,9,0.004813
Stella_letter,9,0.004813
skies,9,0.004813
brute,9,0.004813
Enery,8,0.004278
voices,8,0.004278
criminal,8,0.004278
bell,8,0.004278
jealousy,8,0.004278
Mother,8,0.004278
Socialists_exalt,8,0.004278
peace,8,0.004278
Chronicle,8,0.004278
emancipation,8,0.004278
purity,8,0.004278
bells,8,0.004278
roof,8,0.004278
page,8,0.004278
tongue,8,0.004278
Westlake_carried,8,0.004278
solicitor,8,0.004278
journalist_perused,8,0.004278
breeze,8,0.004278
northwest_chased,8,0.004278
baby,8,0.004278
lunch,8,0.004278
Dessert,8,0.004278
gleam,8,0.004278
Life,8,0.004278
dissimulation,8,0.004278
fate,7,0.003743
influence,7,0.003743
somebody,7,0.003743
fingers,7,0.003743
calumny,6,0.003209
crowds,6,0.003209
landlady,6,0.003209
Eldons,6,0.003209
memory,6,0.003209
weather,6,0.003209
Islington,6,0.003209
Stella_seemed,6,0.003209
discovery,6,0.003209
fault,6,0.003209
hope,6,0.003209
grace,6,0.003209
barmaid,6,0.003209
everyone,6,0.003209
windows,6,0.003209
birth,6,0.003209
visitors,6,0.003209
sense,6,0.003209
darling,6,0.003209
interrogation,6,0.003209
fear,5,0.002674
pain,5,0.002674
gathering,5,0.002674
East_,5,0.002674
pursuers,5,0.002674
sister_constantly,5,0.002674
thoughts,5,0.002674
considerations,5,0.002674
circumstances_would,5,0.002674
sake,5,0.002674
muteness,5,0.002674
childhood,5,0.002674
comparison,5,0.002674
reserve,5,0.002674
blow,5,0.002674
presence,5,0.002674
hat,5,0.002674
pallor,5,0.002674
Westlake_made,5,0.002674
fever,5,0.002674
Westlake_English,5,0.002674
English,5,0.002674
education,5,0.002674
laws,5,0.002674
sister_,5,0.002674
brothers,5,0.002674
months,5,0.002674
anger,5,0.002674
thoroughfares,5,0.002674
Westlake_rose,5,0.002674
detail,5,0.002674
Walthams,5,0.002674
event,5,0.002674
signs,5,0.002674
hasn,5,0.002674
Yes,5,0.002674
front,5,0.002674
honour,5,0.002674
means,5,0.002674
interview,5,0.002674
glimpse,5,0.002674
pay,5,0.002674
spring,5,0.002674
afternoon,5,0.002674
luncheon,5,0.002674
gods,5,0.002674
hint,5,0.002674
bidden,5,0.002674
artisan,5,0.002674
Porters,5,0.002674
fame,5,0.002674
mortals,5,0.002674
Stella_made,5,0.002674
spy,5,0.002674
May,5,0.002674
invitations,5,0.002674
tea,5,0.002674
trap,5,0.002674
Mr_Alfred,5,0.002674
hearers,5,0.002674
innkeeper,5,0.002674
notoriety,5,0.002674
Stella_put,5,0.002674
arm,5,0.002674
occupants,5,0.002674
fist_,5,0.002674
high,5,0.002674
pickle,5,0.002674
association,4,0.002139
butter,4,0.002139
train,4,0.002139
decamping,4,0.002139
scoundrel,4,0.002139
exercise,4,0.002139
Green,4,0.002139
Strand_,4,0.002139
concern,4,0.002139
lawsuit,4,0.002139
lots,4,0.002139
feature,4,0.002139
cry,4,0.002139
justice_demanded,4,0.002139
Mrs_Eldons,4,0.002139
wishes,4,0.002139
faith,4,0.002139
Mr_Mr,4,0.002139
communication,4,0.002139
question_was,4,0.002139
attempt,4,0.002139
loathing,4,0.002139
dread,4,0.002139
possessions,4,0.002139
Egoism,4,0.002139
frankness,4,0.002139
His,4,0.002139
instinct_forbade,4,0.002139
ways,4,0.002139
brain,4,0.002139
Time,4,0.002139
lightness,4,0.002139
Stella_believed,4,0.002139
Captain_talked,4,0.002139
Stella_waited,4,0.002139
arrangement,4,0.002139
Socialist_friends,4,0.002139
shouts,4,0.002139
attendant,4,0.002139
Westlake_knows,4,0.002139
Socialists_influence,4,0.002139
Socialists_grow,4,0.002139
pillar,4,0.002139
cloud,4,0.002139
reforms,4,0.002139
library,4,0.002139
decanter,4,0.002139
cognac,4,0.002139
question_from,4,0.002139
quietness,4,0.002139
revelation,4,0.002139
geniality,4,0.002139
stomach_,4,0.002139
engineering,4,0.002139
ere,4,0.002139
bit,4,0.002139
policy,4,0.002139
help,4,0.002139
spontaneity,4,0.002139
brightness,4,0.002139
bedstead_,4,0.002139
uns,4,0.002139
bed,4,0.002139
firmness,4,0.002139
tobacco,4,0.002139
canal,4,0.002139
foulness,4,0.002139
coal,4,0.002139
wharfs,4,0.002139
builders,4,0.002139
yards,4,0.002139
explorer,4,0.002139
Newspapers,4,0.002139
offer,4,0.002139
zealots,4,0.002139
success,4,0.002139
step_above,4,0.002139
relatives,4,0.002139
propaganda,4,0.002139
insistence_upon,4,0.002139
Christianity_in,4,0.002139
state_,4,0.002139
advocacy,4,0.002139
test_did,4,0.002139
Socialists_the,4,0.002139
firm,4,0.002139
Mrs_Chattaway,4,0.002139
Chattaway,4,0.002139
grandchild,4,0.002139
obstinacy_s,4,0.002139
agreement,4,0.002139
convictions,4,0.002139
gospel,4,0.002139
Their,4,0.002139
flesh,4,0.002139
heresiarch,4,0.002139
individooals,4,0.002139
Englishmen,4,0.002139
number,4,0.002139
Socialists_surrounded,4,0.002139
hearer,4,0.002139
cunning,4,0.002139
Pray,4,0.002139
doings,4,0.002139
increase,4,0.002139
distance_in,4,0.002139
allowance,4,0.002139
statesman_,4,0.002139
places,4,0.002139
temptations,4,0.002139
suggestions_which,4,0.002139
Princess_s,4,0.002139
forthwith,4,0.002139
stamp_finds,4,0.002139
fool,4,0.002139
lugubriousness,4,0.002139
visage,4,0.002139
judgment,4,0.002139
question_voiced,4,0.002139
Perhaps,4,0.002139
princess,4,0.002139
step_made,4,0.002139
trust_Mutimer,4,0.002139
differences,4,0.002139
contradictions,4,0.002139
study_,4,0.002139
note,4,0.002139
piety,4,0.002139
Offence,4,0.002139
grounds,4,0.002139
insult,4,0.002139
warm,4,0.002139
safeguard,4,0.002139
approach,4,0.002139
portion,4,0.002139
manuscript,4,0.002139
publication,4,0.002139
rent,4,0.002139
vanity,4,0.002139
immunity,4,0.002139
momentum,4,0.002139
community,4,0.002139
living,4,0.002139
pursuits,4,0.002139
state_ensures,4,0.002139
lodging,4,0.002139
capitalists_with,4,0.002139
capitalists_ll,4,0.002139
couch,4,0.002139
luck,4,0.002139
assembly,4,0.002139
perverseness,4,0.002139
heritage,4,0.002139
reputation,4,0.002139
support,4,0.002139
suspense,4,0.002139
style_affected,4,0.002139
column,4,0.002139
hypocrisy,4,0.002139
rumours,4,0.002139
yesterday_s,4,0.002139
mustn_t,4,0.002139
circumstances_were,4,0.002139
misunderstanding_take,4,0.002139
attacks,4,0.002139
journalist_consciously,4,0.002139
costume_devisable,4,0.002139
devisable,4,0.002139
journalist_feelings,4,0.002139
Easter_,4,0.002139
wind,4,0.002139
gold,4,0.002139
chain,4,0.002139
view,4,0.002139
attire,4,0.002139
invitation,4,0.002139
illustration_one,4,0.002139
aristocrats_begin,4,0.002139
aristocrats_can,4,0.002139
canopy,4,0.002139
disapproval,4,0.002139
deal,4,0.002139
Propaganda,4,0.002139
sister_practised,4,0.002139
Fears,4,0.002139
torments,4,0.002139
admission,4,0.002139
torture,4,0.002139
defence,4,0.002139
indignities,4,0.002139
chattel,4,0.002139
reply,4,0.002139
sarcasm,4,0.002139
estate_exclaimed,4,0.002139
negation,4,0.002139
breast_lulled,4,0.002139
originality,4,0.002139
Devon,4,0.002139
coast_received,4,0.002139
activity,4,0.002139
quality,4,0.002139
stories_they,4,0.002139
twilight,4,0.002139
surprise,4,0.002139
Westlake_might,4,0.002139
Stella_took,4,0.002139
legs,4,0.002139
Stella_assured,4,0.002139
Gladness,4,0.002139
Westlake_could,4,0.002139
Westlake_did,4,0.002139
Westlake_meet,4,0.002139
directors,4,0.002139
carrier,4,0.002139
tread,4,0.002139
study_had,4,0.002139
breakfast_appetite,4,0.002139
appetite,4,0.002139
impressiveness,4,0.002139
manDick,4,0.002139
undertone,4,0.002139
conflict,4,0.002139
deeds,4,0.002139
characteristics_had,4,0.002139
purposes,4,0.002139
earnest_,4,0.002139
question_or,4,0.002139
expulsion,4,0.002139
phrase,4,0.002139
dizziness,4,0.002139
wedding,4,0.002139
inkling,4,0.002139
strength_and,4,0.002139
inquiry,4,0.002139
Socialists_repudiated,4,0.002139
charity,4,0.002139
fork,4,0.002139
author,4,0.002139
passage,4,0.002139
Youth,4,0.002139
Iron,4,0.002139
Works,4,0.002139
estrangement_between,4,0.002139
Thence,4,0.002139
west_was,4,0.002139
Bolton,4,0.002139
station_caused,4,0.002139
collapse,4,0.002139
anguish,4,0.002139
boudoir,4,0.002139
incidents,4,0.002139
Westlake_wife,4,0.002139
well,4,0.002139
mining,4,0.002139
engineer,4,0.002139
branches,4,0.002139
Our,4,0.002139
working,4,0.002139
rivers,4,0.002139
thatHe,4,0.002139
Unionists_,4,0.002139
clamour,4,0.002139
mightn,4,0.002139
Instinct_told,4,0.002139
instant_Jane,4,0.002139
naivete,4,0.002139
toil,4,0.002139
aid,4,0.002139
sister_know,4,0.002139
opportunity,4,0.002139
brains,4,0.002139
comeliness,4,0.002139
Abuse,4,0.002139
clatter,4,0.002139
knives,4,0.002139
forks,4,0.002139
Duke_s,4,0.002139
Arms,4,0.002139
rank,4,0.002139
odour,4,0.002139
er,4,0.002139
shape,4,0.002139
hue,4,0.002139
resentment,4,0.002139
amount,4,0.002139
lives,3,0.001604
Demos,3,0.001604
form,3,0.001604
everything,3,0.001604
doubt,3,0.001604
Her,3,0.001604
pity,3,0.001604
volley,3,0.001604
Radical,3,0.001604
workroom,3,0.001604
present,3,0.001604
interest_,3,0.001604
Mary,3,0.001604
body,2,0.00107
ve,2,0.00107
sister_loved,2,0.00107
sister_stopped,2,0.00107
enemies,2,0.00107
occupant,2,0.00107
cabman,2,0.00107
shame,2,0.00107
bank,2,0.00107
grass,2,0.00107
tales,2,0.00107
Anyone,2,0.00107
sickness,2,0.00107
vehicles,2,0.00107
dozen,2,0.00107
pavement,2,0.00107
illness,2,0.00107
Westlake_Hubert,2,0.00107
Stella_fixed,2,0.00107
prettiness,2,0.00107
affair,2,0.00107
Westlake_should,2,0.00107
Westlake_writing,2,0.00107
Nihilist_,2,0.00107
moments,2,0.00107
repose,2,0.00107
Princess_had,2,0.00107
Princess_getting,2,0.00107
Isn,2,0.00107
branch,2,0.00107
authority,2,0.00107
knock,2,0.00107
anybody,2,0.00107
mankind,2,0.00107
Didn,2,0.00107
circumstances_which,2,0.00107
wish,2,0.00107
eh,2,0.00107
pedestrians_pushed,2,0.00107
picture,2,0.00107
Ah,2,0.00107
play,2,0.00107
sister_began,2,0.00107
Girls,2,0.00107
Stella_did,2,0.00107
circumstances_,2,0.00107
Rodmans,2,0.00107
year,2,0.00107
writer,2,0.00107
carelessness,2,0.00107
productions,2,0.00107
school,2,0.00107
lightning,2,0.00107
intellect,2,0.00107
call,2,0.00107
whole,2,0.00107
Stella_tried,2,0.00107
Stella_never,2,0.00107
queries,2,0.00107
contradiction,2,0.00107
mine,2,0.00107
box,2,0.00107
proportions,2,0.00107
Sh,1,0.000535
usband,1,0.000535
kisses,1,0.000535
stranger_in,1,0.000535
rags,1,0.000535
Big,1,0.000535
Ben,1,0.000535
sounds,1,0.000535
crown,1,0.000535
assistance_that,1,0.000535
state_encourage,1,0.000535
ook,1,0.000535
height,1,0.000535
cluster_of,1,0.000535
followers,1,0.000535
enemy,1,0.000535
current,1,0.000535
refuge,1,0.000535
awe,1,0.000535
multitude,1,0.000535
sensations,1,0.000535
Somebody,1,0.000535
yells,1,0.000535
sister_heard,1,0.000535
policemen,1,0.000535
emotion,1,0.000535
quarter,1,0.000535
mile,1,0.000535
cottages,1,0.000535
brows,1,0.000535
subjects,1,0.000535
action,1,0.000535
Nothing,1,0.000535
rejoinder,1,0.000535
tenor,1,0.000535
interval,1,0.000535
waiting,1,0.000535
falsehood,1,0.000535
future,1,0.000535
doorway,1,0.000535
madness,1,0.000535
understanding_of,1,0.000535
tracks,1,0.000535
hazel,1,0.000535
eyebrows,1,0.000535
rock,1,0.000535
sister_mean,1,0.000535
sister_reserve,1,0.000535
sister_cold,1,0.000535
motive,1,0.000535
characteristics_that,1,0.000535
prepossessions,1,0.000535
matter,1,0.000535
fiction,1,0.000535
shock,1,0.000535
acquirements,1,0.000535
Trust_me,1,0.000535
gutter,1,0.000535
nerves,1,0.000535
streets_of,1,0.000535
check,1,0.000535
straightway_walked,1,0.000535
misfortune,1,0.000535
Stella_now,1,0.000535
Stella_glanced,1,0.000535
Stella_would,1,0.000535
Stella_stood,1,0.000535
Westlake_supplied,1,0.000535
Stella_replied,1,0.000535
low,1,0.000535
Captain_spoke,1,0.000535
Captain_considered,1,0.000535
Stella_cheek,1,0.000535
Horror,1,0.000535
brotherhood,1,0.000535
messenger,1,0.000535
sufferer,1,0.000535
scrutiny,1,0.000535
Cross,1,0.000535
Tocsin,1,0.000535
Westlake_idealises,1,0.000535
Westlake_books,1,0.000535
Westlake_fallen,1,0.000535
Westlake_is,1,0.000535
Westlake_been,1,0.000535
Westlake_sincerity,1,0.000535
Siberia,1,0.000535
tyranny,1,0.000535
surface,1,0.000535
enjoyment,1,0.000535
sects,1,0.000535
distress_touches,1,0.000535
mass,1,0.000535
antipodes,1,0.000535
mania,1,0.000535
needs,1,0.000535
existence_blighting,1,0.000535
Carlyle,1,0.000535
Socialists_cry,1,0.000535
Westlake_says,1,0.000535
feel,1,0.000535
Socialists_do,1,0.000535
Socialists_cannot,1,0.000535
popularity,1,0.000535
Hadn,1,0.000535
question_seemed,1,0.000535
spruce,1,0.000535
elasticity_that,1,0.000535
monosyllable,1,0.000535
cuffs,1,0.000535
souls,1,0.000535
customer_lacked,1,0.000535
Bill,1,0.000535
stick_to,1,0.000535
isn,1,0.000535
stories_from,1,0.000535
stories_desire,1,0.000535
models,1,0.000535
tale,1,0.000535
Janey,1,0.000535
step_approaching,1,0.000535
wax,1,0.000535
doll,1,0.000535
mistress_,1,0.000535
Out,1,0.000535
shouldn,1,0.000535
mixture,1,0.000535
curiosity,1,0.000535
facts,1,0.000535
small,1,0.000535
farmers,1,0.000535
desperation,1,0.000535
intersection,1,0.000535
North,1,0.000535
Regent,1,0.000535
Canal,1,0.000535
kitchen,1,0.000535
ascent,1,0.000535
steps_,1,0.000535
holes,1,0.000535
uniformity,1,0.000535
squalor,1,0.000535
relative,1,0.000535
coldness,1,0.000535
advances,1,0.000535
capitalist_,1,0.000535
Westlake_represented,1,0.000535
capitalists_fear,1,0.000535
brethren,1,0.000535
Socialists_at,1,0.000535
weeks,1,0.000535
ambitions,1,0.000535
proposal,1,0.000535
orator,1,0.000535
Aspirates,1,0.000535
dooty,1,0.000535
neighbourhood,1,0.000535
Envy,1,0.000535
avoidance,1,0.000535
contact,1,0.000535
neighbours,1,0.000535
care,1,0.000535
epistle_which,1,0.000535
Highbury,1,0.000535
council,1,0.000535
palace,1,0.000535
manservant,1,0.000535
livery,1,0.000535
bachelor,1,0.000535
importance,1,0.000535
fortunes,1,0.000535
qualities,1,0.000535
literature,1,0.000535
choice,1,0.000535
acquaintances,1,0.000535
faults,1,0.000535
misty_influence,1,0.000535
pen,1,0.000535
storm_would,1,0.000535
endearment,1,0.000535
Princess_alone,1,0.000535
dwellings,1,0.000535
sleeves,1,0.000535
compliance,1,0.000535
project,1,0.000535
gen,1,0.000535
leman,1,0.000535
Westlake_edits,1,0.000535
customers_occupied,1,0.000535
Mr_Nicholas,1,0.000535
landlord,1,0.000535
Wouldn,1,0.000535
towel,1,0.000535
Y,1,0.000535
Mrs_Robinson,1,0.000535
Robinson,1,0.000535
level,1,0.000535
difference,1,0.000535
delicacy,1,0.000535
secret,1,0.000535
poverty,1,0.000535
yoke,1,0.000535
isolation,1,0.000535
endeavours,1,0.000535
attachments,1,0.000535
existence_had,1,0.000535
Stanbury_Hill,1,0.000535
Hill,1,0.000535
friendship,1,0.000535
materI,1,0.000535
queen,1,0.000535
toto,1,0.000535
story_no,1,0.000535
sternness_moulded,1,0.000535
slips,1,0.000535
bedroom,1,0.000535
accident,1,0.000535
progress,1,0.000535
suppression,1,0.000535
ill,1,0.000535
submission,1,0.000535
disgrace,1,0.000535
Socialist_might,1,0.000535
ring,1,0.000535
shelf,1,0.000535
back,1,0.000535
ourselves,1,0.000535
Gladstone_talked,1,0.000535
suit,1,0.000535
Everybody,1,0.000535
folk,1,0.000535
capitalists_found,1,0.000535
plan,1,0.000535
Christmas_Adela,1,0.000535
gain,1,0.000535
temperance,1,0.000535
Beacon,1,0.000535
Hackney,1,0.000535
Poplar,1,0.000535
Westlake_enjoys,1,0.000535
percentage,1,0.000535
compound,1,0.000535
decease,1,0.000535
annuity,1,0.000535
administrators_friend,1,0.000535
place,1,0.000535
mask,1,0.000535
carriage,1,0.000535
potations,1,0.000535
prominence,1,0.000535
merit,1,0.000535
paragraph,1,0.000535
direction,1,0.000535
passenger,1,0.000535
rush,1,0.000535
Tattle,1,0.000535
lies,1,0.000535
conventionality,1,0.000535
foolishness,1,0.000535
dwelling,1,0.000535
questions_,1,0.000535
lightsomeness,1,0.000535
mystery_shadowing,1,0.000535
sins,1,0.000535
Eden,1,0.000535
deuce,1,0.000535
correspondent,1,0.000535
sister_ll,1,0.000535
generosity,1,0.000535
proceedings,1,0.000535
malice,1,0.000535
Socialists_in,1,0.000535
aims,1,0.000535
noise,1,0.000535
vehicle,1,0.000535
thoroughfare,1,0.000535
nothin,1,0.000535
fall,1,0.000535
structure_new,1,0.000535
owner,1,0.000535
youngster_,1,0.000535
usage,1,0.000535
actualities,1,0.000535
halfanhour,1,0.000535
drawing,1,0.000535
pretence,1,0.000535
Gentleman,1,0.000535
sort,1,0.000535
verisimilitude,1,0.000535
Will,1,0.000535
Mrs_Yottle,1,0.000535
changes,1,0.000535
curtains,1,0.000535
sister_hasn,1,0.000535
sister_spent,1,0.000535
connection,1,0.000535
newspapers,1,0.000535
Goodbye,1,0.000535
Princess_,1,0.000535
luxury,1,0.000535
mouths,1,0.000535
resource,1,0.000535
Stella_best,1,0.000535
storm_which,1,0.000535
happiness,1,0.000535
luxuries,1,0.000535
question_affected,1,0.000535
dom,1,0.000535
judgments,1,0.000535
charge,1,0.000535
passions,1,0.000535
bond,1,0.000535
revolt,1,0.000535
suspicion,1,0.000535
confession,1,0.000535
postman_s,1,0.000535
mirror,1,0.000535
mantelpiece,1,0.000535
loaf,1,0.000535
bread,1,0.000535
superiority,1,0.000535
birthday,1,0.000535
fatigue,1,0.000535
dog,1,0.000535
clutch,1,0.000535
Mind,1,0.000535
numbers,1,0.000535
reasons,1,0.000535
interest_might,1,0.000535
motherinlaw,1,0.000535
monologues,1,0.000535
Mr_and,1,0.000535
selfishness,1,0.000535
doctors,1,0.000535
interest_in,1,0.000535
Money,1,0.000535
millions,1,0.000535
earth,1,0.000535
reader,1,0.000535
interloper,1,0.000535
annoyance,1,0.000535
horse,1,0.000535
irritableness,1,0.000535
boldness,1,0.000535
Westlake_would,1,0.000535
Westlake_thought,1,0.000535
Stella_talked,1,0.000535
characters,1,0.000535
Stella_affect,1,0.000535
Stella_has,1,0.000535
knee,1,0.000535
ground,1,0.000535
goddess,1,0.000535
Westlake_mentioned,1,0.000535
Westlake_merely,1,0.000535
Stella_knew,1,0.000535
begetting,1,0.000535
person,1,0.000535
poetry,1,0.000535
mountebank,1,0.000535
land,1,0.000535
sharing,1,0.000535
Total,1,0.000535
Stop_,1,0.000535
Them,1,0.000535
slander,1,0.000535
Henceforth,1,0.000535
flash,1,0.000535
prosperity,1,0.000535
capitalists_and,1,0.000535
profitmongers,1,0.000535
handful,1,0.000535
mechanics,1,0.000535
sister_shook,1,0.000535
ours,1,0.000535
furniture,1,0.000535
union,1,0.000535
glance,1,0.000535
faculties,1,0.000535
Lest_Mrs,1,0.000535
postman_had,1,0.000535
Mr_or,1,0.000535
recklessness,1,0.000535
danger,1,0.000535
question_interrupted,1,0.000535
Brother,1,0.000535
sister_exchanged,1,0.000535
excerpts,1,0.000535
columns,1,0.000535
Esquire,1,0.000535
condemnatory,1,0.000535
significance,1,0.000535
interest_formerly,1,0.000535
story_circulated,1,0.000535
sisters_,1,0.000535
hedgeway,1,0.000535
curve,1,0.000535
glances,1,0.000535
classes,1,0.000535
capitalists_that,1,0.000535
eyelids,1,0.000535
Mrs_tell,1,0.000535
Hogg,1,0.000535
lineaments,1,0.000535
repugnance,1,0.000535
temperament,1,0.000535
sentiments,1,0.000535
contempt,1,0.000535
condescension,1,0.000535
greeting,1,0.000535
limbs,1,0.000535
Olivier,1,0.000535
footsteps_made,1,0.000535
floor,1,0.000535
meals,1,0.000535
chemical,1,0.000535
processes,1,0.000535
mossy,1,0.000535
gate,1,0.000535
gulf,1,0.000535
tendril,1,0.000535
sentence,1,0.000535
thrush,1,0.000535
issues,1,0.000535
vehemence,1,0.000535
pastor_when,1,0.000535
trouble,1,0.000535
necessities,1,0.000535
disclosure,1,0.000535
goodness,1,0.000535
comments,1,0.000535
Stella_enjoyed,1,0.000535
Stella_deemed,1,0.000535
conductor,1,0.000535
hum,1,0.000535
sewing,1,0.000535
Stella_sat,1,0.000535
artist_,1,0.000535
sum,1,0.000535
reasoning,1,0.000535
Westlake_face,1,0.000535
plunder,1,0.000535
manufacturers,1,0.000535
estate_seems,1,0.000535
discretion,1,0.000535
readers,1,0.000535
revolutionists_fairly,1,0.000535
pose,1,0.000535
Pig,1,0.000535
lecturer,1,0.000535
round,1,0.000535
Resonance,1,0.000535
Drink_,1,0.000535
instance_,1,0.000535
cryin,1,0.000535
folks,1,0.000535
injuries,1,0.000535
code,1,0.000535
selfrestraint_proved,1,0.000535
sob,1,0.000535
sister_left,1,0.000535
surrender,1,0.000535
household,1,0.000535
tenements,1,0.000535
collection,1,0.000535
sham,1,0.000535
mortuary,1,0.000535
horses,1,0.000535
marriage,1,0.000535
smoulder,1,0.000535
Dicklost_Dick,1,0.000535
guvnors,1,0.000535
whoso,1,0.000535
vacuity,1,0.000535
accuracy,1,0.000535
razor,1,0.000535
nails,1,0.000535
price,1,0.000535
sister_paid,1,0.000535
comer,1,0.000535
meat,1,0.000535
pronunciation,1,0.000535
journals,1,0.000535
opinions,1,0.000535
schoolboy,1,0.000535
inspirations,1,0.000535
Westlake_eyes,1,0.000535
Westlake_see,1,0.000535
law,1,0.000535
ancestors_could,1,0.000535
blackleading,1,0.000535
grate,1,0.000535
stuff_they,1,0.000535
