I,38117,10.779085
Lucretia,22780,6.441943
Miles,22594,6.389344
Ardworth,10688,3.022453
Olivier,10442,2.952887
Varney,9083,2.568576
Helen,8396,2.3743
John,7570,2.140716
we,5678,1.605678
Walter,5615,1.587863
You,5502,1.555907
Percival,4710,1.331938
Mr_Walter,4568,1.291782
Gabriel,4553,1.28754
Vernon,4207,1.189695
mother,3483,0.984956
Charles,3475,0.982693
William,3358,0.949607
son,2903,0.820938
St_John,2834,0.801425
Susan,2543,0.719134
it,2373,0.671059
Mivers,2365,0.668797
Vincent,2308,0.652678
Fielden,1969,0.556812
father,1835,0.518919
Madame_Dalibard,1801,0.509304
himself,1785,0.504779
We,1738,0.491488
kinsman,1730,0.489226
Braddell,1681,0.475369
Mr_Varney,1565,0.442565
felon,1564,0.442283
Young,1558,0.440586
courtesy,1541,0.435779
Yes,1534,0.433799
appeal,1534,0.433799
world,1531,0.432951
application,1522,0.430406
host_and,1521,0.430123
Clavering,1427,0.403541
Mr_Fielden,1421,0.401844
children,1353,0.382614
She,1353,0.382614
peasant,1331,0.376393
Dr_Mivers,1307,0.369606
baronet,1275,0.360557
eye,1243,0.351507
persons,1175,0.332278
school,1172,0.331429
Mrs_Braddell,1170,0.330864
board,1157,0.327187
fragments,1156,0.326905
bottles,1156,0.326905
riot,1156,0.326905
dawn,1156,0.326905
frankness,1156,0.326905
disposition,1156,0.326905
associates,1096,0.309937
decorous,1089,0.307958
scholar,1075,0.303999
me,1067,0.301736
They,1037,0.293253
conversation,941,0.266105
Mary,938,0.265256
lady,933,0.263843
Mrs_Mivers,929,0.262711
He,925,0.26158
Grabman,922,0.260732
hazard,891,0.251965
priest_who,890,0.251683
Catholic,887,0.250834
Mr_Tomkins,837,0.236695
Tomkins,837,0.236695
boy,825,0.233301
Lady_Mary,821,0.23217
person,806,0.227928
shopman,802,0.226797
child,795,0.224818
style_belonging,784,0.221707
men,748,0.211526
career,743,0.210113
letter,733,0.207285
eyes,716,0.202477
wife,710,0.20078
art,652,0.184379
fire,603,0.170522
apprehension,577,0.16317
crime,571,0.161473
servants,570,0.16119
infant,533,0.150727
husband,524,0.148182
practice,520,0.147051
deathbed,516,0.145919
physician,498,0.140829
matron,493,0.139415
patrons,476,0.134608
acquaintances,445,0.125841
interview,442,0.124993
landlord,442,0.124993
Bill,438,0.123862
Joplin,434,0.122731
London,431,0.121882
thousands,421,0.119054
successor,420,0.118772
millions,417,0.117923
trumpet,417,0.117923
banner,417,0.117923
sanction,417,0.117923
glory,417,0.117923
character,415,0.117358
fortune,413,0.116792
half,411,0.116226
gentleman,408,0.115378
Greville,405,0.11453
uncle,404,0.114247
Tom,400,0.113116
Mr_Stubmore,399,0.112833
painter,388,0.109722
Captain_Greville,378,0.106894
low,376,0.106329
India,371,0.104915
talk,364,0.102935
details,363,0.102653
conduct,362,0.10237
sayings,362,0.10237
grandfather,361,0.102087
thou,358,0.101239
time,358,0.101239
It,356,0.100673
youth,355,0.10039
sweeper,351,0.099259
name,346,0.097845
circumstances_in,346,0.097845
Esq,346,0.097845
face,341,0.096431
Heaven,339,0.095866
Laughton,338,0.095583
attention,329,0.093038
failure,328,0.092755
stranger_took,328,0.092755
Stubmore_,326,0.092189
priest_had,326,0.092189
lesson,325,0.091907
researches,324,0.091624
activity,324,0.091624
life,310,0.087665
mind,310,0.087665
roof,303,0.085685
death,302,0.085402
room,301,0.08512
doctor,300,0.084837
O,300,0.084837
model,295,0.083423
girl,294,0.08314
cousin,293,0.082857
education,290,0.082009
Mr_Grabman,289,0.081726
house,286,0.080878
souls,282,0.079747
leisure,281,0.079464
St_Paul,275,0.077767
Paul,275,0.077767
dog,266,0.075222
servant,265,0.074939
one,265,0.074939
reader,264,0.074656
affection,264,0.074656
something,261,0.073808
poet,259,0.073242
murderer,256,0.072394
sister_have,256,0.072394
MADAM,256,0.072394
circumstances_it,256,0.072394
hand,250,0.070697
fancy,246,0.069566
heart,246,0.069566
movement,245,0.069283
age,241,0.068152
terrace,240,0.067869
Mr_Clavering,238,0.067304
competence,234,0.066173
captain,234,0.066173
nature,232,0.065607
connections,230,0.065042
triumph,229,0.064759
spectres,229,0.064759
valet,228,0.064476
elements,226,0.06391
step_could,225,0.063628
lancet,225,0.063628
distinction_youth,225,0.063628
chance,220,0.062214
Bellanger,213,0.060234
spider,211,0.059669
veteran,211,0.059669
darling,210,0.059386
smile,209,0.059103
moment,209,0.059103
First_Consul,207,0.058537
Consul,207,0.058537
Messrs,207,0.058537
love,204,0.057689
Mr_Mainwaring,203,0.057406
No,200,0.056558
us,199,0.056275
widow,198,0.055992
look,197,0.05571
prospects,197,0.05571
demons,196,0.055427
storm_gather,196,0.055427
Gentlemen,196,0.055427
hat,196,0.055427
whip,196,0.055427
Frenchwomen,196,0.055427
door,194,0.054861
vigour,192,0.054296
deeds,184,0.052033
pride,184,0.052033
R,182,0.051468
Jean,182,0.051468
impostors_own,181,0.051185
Mr_R,181,0.051185
detection,181,0.051185
George,179,0.050619
frind,178,0.050337
vices,177,0.050054
rank,174,0.049205
heirs,173,0.048923
sister_had,172,0.04864
Oh,172,0.04864
right,171,0.048357
cowardice,170,0.048074
excitability,170,0.048074
Duke_of,169,0.047791
Queensberry_and,169,0.047791
Lord_Hertford,169,0.047791
Hertford,169,0.047791
myself,166,0.046943
Love,166,0.046943
elder,163,0.046095
maid,163,0.046095
avarice,159,0.044964
grandeur,158,0.044681
tigress,158,0.044681
clerk,158,0.044681
niece,157,0.044398
genius,156,0.044115
friend,154,0.04355
nephew,152,0.042984
household,149,0.042136
law,149,0.042136
clergyman,148,0.041853
traitor,148,0.041853
newspapers,148,0.041853
refuge,146,0.041287
Grange,146,0.041287
briefly,145,0.041004
Parchmount,145,0.041004
inability,144,0.040722
atmosphere,144,0.040722
hypocrisy,144,0.040722
nightingale,144,0.040722
Providence,143,0.040439
fellow,142,0.040156
marquis,139,0.039308
officer,138,0.039025
England,135,0.038177
marriage,134,0.037894
high,133,0.037611
idea,131,0.037045
excuses,130,0.036763
Vienna,130,0.036763
mode,130,0.036763
comer,130,0.036763
destiny_,129,0.03648
James,129,0.03648
sons,129,0.03648
Mr_Mivers,129,0.03648
cracksman,126,0.035631
impostor_had,126,0.035631
sight,125,0.035349
truth,125,0.035349
power,125,0.035349
balustrade_,125,0.035349
illness,125,0.035349
childhood,125,0.035349
round,123,0.034783
money,123,0.034783
arm,122,0.0345
success,122,0.0345
belief,122,0.0345
living,122,0.0345
Floorer,121,0.034218
roar,121,0.034218
date,121,0.034218
vases,121,0.034218
statues_,121,0.034218
Jacobinism,121,0.034218
obligations,121,0.034218
services,121,0.034218
contractor,121,0.034218
saturnalia,121,0.034218
drugget,121,0.034218
muslin,121,0.034218
letters,120,0.033935
Mr_Parchmount,120,0.033935
accident,118,0.033369
PS,118,0.033369
thought,117,0.033086
companions,116,0.032804
windows,116,0.032804
words,114,0.032238
tasks,114,0.032238
partner,113,0.031955
charge,113,0.031955
voice,112,0.031672
Mrs_Fielden,112,0.031672
sailor,112,0.031672
fate,111,0.03139
thanks,109,0.030824
confidence,108,0.030541
nothing,107,0.030258
means,106,0.029976
lover,106,0.029976
criminals,106,0.029976
clubs,105,0.029693
faith,104,0.02941
acquaintance,104,0.02941
St_James,104,0.02941
Street_,104,0.02941
Fore,104,0.02941
Gad,104,0.02941
city,104,0.02941
soul,103,0.029127
recollection,101,0.028562
dress,100,0.028279
caprices,100,0.028279
merit,100,0.028279
Ha,100,0.028279
Faith,100,0.028279
Alfred,100,0.028279
lessons,100,0.028279
conformities,100,0.028279
ceremonies,100,0.028279
position,100,0.028279
range,100,0.028279
burst_that,100,0.028279
seals,100,0.028279
M,99,0.027996
A,99,0.027996
countenance,98,0.027713
light,97,0.027431
ray,96,0.027148
fear,93,0.026299
spy,92,0.026017
days,92,0.026017
connection,91,0.025734
nay,90,0.025451
philosophy,90,0.025451
birds,90,0.025451
hour,90,0.025451
lawyer,89,0.025168
fraud,86,0.02432
sister_should,86,0.02432
Genius,86,0.02432
creature,85,0.024037
kind,84,0.023754
course,84,0.023754
Saint,83,0.023472
Simeon,83,0.023472
aunt,82,0.023189
village,82,0.023189
alliance,82,0.023189
visitors,82,0.023189
Limerick,82,0.023189
blow,82,0.023189
story_of,81,0.022906
chimeras,81,0.022906
trustees_for,81,0.022906
benefit,81,0.022906
madam,81,0.022906
softness,81,0.022906
multiform,81,0.022906
critic,81,0.022906
externals,81,0.022906
Prudent,81,0.022906
hater,81,0.022906
scorner,81,0.022906
orbit,81,0.022906
abyss,81,0.022906
language,81,0.022906
neighbourhood,81,0.022906
footmen,81,0.022906
Drummond_Messrs,81,0.022906
Drummond_were,81,0.022906
Monsieur_Dalibard,81,0.022906
chamber,79,0.02234
Frank,79,0.02234
kindness,79,0.02234
bailiffs,78,0.022058
creed,77,0.021775
reproach,77,0.021775
chink,75,0.021209
shutter,75,0.021209
form,75,0.021209
Becky,75,0.021209
figure,74,0.020926
personage,74,0.020926
divisions,74,0.020926
wretch,72,0.020361
place,72,0.020361
herself,71,0.020078
evening,70,0.019795
vicar,70,0.019795
fury,69,0.019512
policeman,69,0.019512
way,69,0.019512
narrative,69,0.019512
tenderness,68,0.01923
novels,68,0.01923
youthfulness,68,0.01923
constitutions_seems,68,0.01923
sum,67,0.018947
race,67,0.018947
crimes,67,0.018947
grief,66,0.018664
images,65,0.018381
Orator,65,0.018381
Hunt,65,0.018381
parent,65,0.018381
Robespierre,64,0.018099
listener_,64,0.018099
bridge,64,0.018099
angler,64,0.018099
task,64,0.018099
Fourth,64,0.018099
nurse,64,0.018099
priest_said,64,0.018099
Beau,64,0.018099
skin,64,0.018099
brat,64,0.018099
clamour,64,0.018099
injunctions,64,0.018099
ay,64,0.018099
customer_had,64,0.018099
supper,62,0.017533
purpose,61,0.01725
inquiries,61,0.01725
companion,61,0.01725
repugnance,61,0.01725
iron,60,0.016967
wealth,59,0.016685
pause,58,0.016402
side,58,0.016402
Joe,58,0.016402
craft,58,0.016402
threshold,58,0.016402
Stylites_had,58,0.016402
Babel,57,0.016119
apartment,57,0.016119
mob,56,0.015836
Jane,56,0.015836
secret,55,0.015553
victim,55,0.015553
stranger_,55,0.015553
day,55,0.015553
God,54,0.015271
doors,54,0.015271
anything,54,0.015271
lips,53,0.014988
The,53,0.014988
air,53,0.014988
treasure,53,0.014988
disposal,53,0.014988
pounds,53,0.014988
frame,53,0.014988
egotism,53,0.014988
shade,53,0.014988
Caesar,53,0.014988
Borgia,53,0.014988
speaking,53,0.014988
remembrance,53,0.014988
head,52,0.014705
talons,52,0.014705
town,52,0.014705
Winthrop,52,0.014705
Praed,52,0.014705
mystery_of,52,0.014705
gloom,51,0.014422
daughter,51,0.014422
conqueror,51,0.014422
officiousness,51,0.014422
shape,51,0.014422
furniture,50,0.014139
tutor,50,0.014139
small,50,0.014139
pox,50,0.014139
union,50,0.014139
reserve,50,0.014139
convenience,50,0.014139
shutters,50,0.014139
Miverses,50,0.014139
chide,50,0.014139
division,50,0.014139
marm,50,0.014139
disappointment,49,0.013857
inducement,49,0.013857
University,49,0.013857
visitor,49,0.013857
horsehair,49,0.013857
King_Georgy,49,0.013857
Georgy,49,0.013857
Avatar,49,0.013857
nails,49,0.013857
warble,49,0.013857
forms,49,0.013857
spot,49,0.013857
temperament,49,0.013857
whim,49,0.013857
times,49,0.013857
circumstances_connected,49,0.013857
meeting,49,0.013857
revellers,49,0.013857
Mr_Macfarren,49,0.013857
Macfarren,49,0.013857
murder,49,0.013857
zest_for,49,0.013857
chandelier,49,0.013857
rum,49,0.013857
pouting,49,0.013857
strength_,49,0.013857
care,48,0.013574
none,48,0.013574
Jason,48,0.013574
word,48,0.013574
chair,48,0.013574
skill,48,0.013574
Sir_,47,0.013291
sun,47,0.013291
issue,47,0.013291
features,45,0.012726
passions,45,0.012726
morning,45,0.012726
sentiment,45,0.012726
Crime,45,0.012726
Men,45,0.012726
Majendie,45,0.012726
idleness,45,0.012726
exterior,45,0.012726
profounder,45,0.012726
Reader,45,0.012726
conviction,45,0.012726
garden,44,0.012443
evil,43,0.01216
people,42,0.011877
bird,42,0.011877
watch,42,0.011877
Conrad,42,0.011877
Mrs_Becky,42,0.011877
beggar,41,0.011594
denouncer,41,0.011594
gent,41,0.011594
mine,41,0.011594
Nothing,41,0.011594
temptations,41,0.011594
emotion,41,0.011594
alleys,41,0.011594
burst_of,40,0.011312
hands,40,0.011312
clew,40,0.011312
Prior,40,0.011312
fils,40,0.011312
Provencal,39,0.011029
arms,38,0.010746
observer,38,0.010746
knowledge,38,0.010746
women,38,0.010746
distance_,38,0.010746
hunter,38,0.010746
Starbeam_,38,0.010746
crowd,37,0.010463
Bob,37,0.010463
family,37,0.010463
Stubmore_Mr,37,0.010463
service,37,0.010463
carriage,37,0.010463
feeling,37,0.010463
tones,37,0.010463
signs,37,0.010463
chairs,37,0.010463
housewife,37,0.010463
Inkson,37,0.010463
coverings,37,0.010463
management,37,0.010463
squires,37,0.010463
Ah,36,0.01018
stone_replied,36,0.01018
roi,36,0.01018
faineant,36,0.01018
saint,36,0.01018
will,36,0.01018
Stubmore_knew,36,0.01018
Tales,36,0.01018
cultivation,36,0.01018
steps_have,36,0.01018
strength_gave,36,0.01018
pastor_,36,0.01018
column,36,0.01018
pressure,36,0.01018
bienseances,36,0.01018
creations,36,0.01018
ruffian,36,0.01018
histories_,36,0.01018
Read,36,0.01018
act,36,0.01018
Temple,36,0.01018
fishing,36,0.01018
rod,36,0.01018
choice,36,0.01018
wanderer,36,0.01018
shoes,36,0.01018
trousers,36,0.01018
threadbare,36,0.01018
coat,36,0.01018
knapsack,36,0.01018
back,36,0.01018
resolution,36,0.01018
curiosities,36,0.01018
abodes,36,0.01018
bachelors,36,0.01018
Eternal,36,0.01018
Murderer,36,0.01018
poisoner,36,0.01018
fratricide,36,0.01018
stir_of,36,0.01018
fret,36,0.01018
chafe,36,0.01018
storm_of,36,0.01018
irreverence,36,0.01018
Hast_thou,36,0.01018
hospitality,36,0.01018
admonitions,36,0.01018
silence,36,0.01018
deer,36,0.01018
Pooh,36,0.01018
degree,36,0.01018
Nay,35,0.009898
suspicion,35,0.009898
wings,35,0.009898
hair,35,0.009898
sister_s,35,0.009898
ladies,35,0.009898
Madame_,34,0.009615
science,34,0.009615
stone_passed,34,0.009615
Brompton,34,0.009615
statesmen_of,34,0.009615
Florence,34,0.009615
terrier,34,0.009615
self,34,0.009615
Paris,33,0.009332
aspect,33,0.009332
candour,33,0.009332
themselves,33,0.009332
secrets,33,0.009332
vision,32,0.009049
years,32,0.009049
rush,32,0.009049
spirit,32,0.009049
intensity,32,0.009049
boyhood,32,0.009049
steward_wished,32,0.009049
motherinlaw,32,0.009049
image,32,0.009049
quickness,32,0.009049
Sir_William,32,0.009049
tramp,32,0.009049
manifold,32,0.009049
impatience,32,0.009049
line,32,0.009049
soninlaw,31,0.008766
habits,31,0.008766
intelligence,31,0.008766
apparition,31,0.008766
attraction,31,0.008766
beauty,31,0.008766
owner,30,0.008484
thoughts,30,0.008484
birth,30,0.008484
hearth,30,0.008484
affronts,30,0.008484
well,30,0.008484
judge,29,0.008201
part,29,0.008201
manner,29,0.008201
guile,29,0.008201
cheerfulness,29,0.008201
Par,29,0.008201
Dieu,29,0.008201
carrier,29,0.008201
thing,28,0.007918
Martha,28,0.007918
convict,28,0.007918
floor,27,0.007635
Mrs_Joplin,27,0.007635
fun,27,0.007635
nerves,27,0.007635
cunning,27,0.007635
clod,27,0.007635
sorrow,27,0.007635
indulgence,27,0.007635
cloak,26,0.007353
audience,26,0.007353
welcome,26,0.007353
ideas,26,0.007353
ears,26,0.007353
scorn,26,0.007353
conference,26,0.007353
affections,26,0.007353
expression,26,0.007353
arts,26,0.007353
Finish,26,0.007353
Athens,26,0.007353
belly,26,0.007353
rooms,26,0.007353
von,26,0.007353
tenant,26,0.007353
misanthropy,26,0.007353
loungers,26,0.007353
study_,26,0.007353
Man,26,0.007353
drollery,26,0.007353
narrator,25,0.00707
harlot,25,0.00707
Seize,25,0.00707
surgeons,25,0.00707
gentilhomme,25,0.00707
periods,25,0.00707
vagabond,25,0.00707
despoil,25,0.00707
curiosity,25,0.00707
brothers,25,0.00707
beast_is,25,0.00707
prison,25,0.00707
authorities,25,0.00707
mourner,25,0.00707
empire,25,0.00707
Sir_said,25,0.00707
parson,25,0.00707
friends,25,0.00707
offspring,25,0.00707
Penury,25,0.00707
Starvation_,25,0.00707
trot,25,0.00707
alacrity,25,0.00707
fellows,25,0.00707
determination,25,0.00707
Nymphs,25,0.00707
deities,25,0.00707
cheer,25,0.00707
instinct_told,25,0.00707
stalwart_,25,0.00707
Madame_Bellanger,25,0.00707
instinct_of,25,0.00707
heir,25,0.00707
step_now,25,0.00707
astuteness_and,25,0.00707
stones_of,25,0.00707
indifference,25,0.00707
spruce,25,0.00707
dainty,25,0.00707
stranger_hazarded,25,0.00707
Mrs_M,25,0.00707
repetition,25,0.00707
vun,25,0.00707
receipt,25,0.00707
scepticisms,25,0.00707
vent,25,0.00707
stream_of,25,0.00707
Fleet,25,0.00707
Street_there,25,0.00707
mattress,25,0.00707
industry_exposes,25,0.00707
essence,25,0.00707
Stylites_recognized,25,0.00707
star_broke,25,0.00707
cloud,25,0.00707
copse,25,0.00707
King_James,25,0.00707
hotel,25,0.00707
Hanover,25,0.00707
Square,25,0.00707
plan,25,0.00707
pages,25,0.00707
elegy,25,0.00707
bigotry,25,0.00707
station_dependants,25,0.00707
dependants,25,0.00707
Drummond_obeyed,25,0.00707
waste_and,25,0.00707
constructs_,25,0.00707
axle,25,0.00707
flush,25,0.00707
waist_gave,25,0.00707
penetration,25,0.00707
lifts,25,0.00707
books,24,0.006787
walls,24,0.006787
parents,24,0.006787
B,24,0.006787
couldst_thou,24,0.006787
Lucretius,24,0.006787
daintier,24,0.006787
angel,23,0.006504
gentlemen,23,0.006504
soldier,23,0.006504
court,23,0.006504
police,23,0.006504
traveller,22,0.006221
protege,22,0.006221
change,22,0.006221
Moon,22,0.006221
confession,21,0.005939
Well,21,0.005939
experience,21,0.005939
income,21,0.005939
authority,21,0.005939
intellect,21,0.005939
pupil,21,0.005939
heiress,21,0.005939
passion,21,0.005939
title,21,0.005939
habit,21,0.005939
feelings,21,0.005939
window,20,0.005656
cripple,20,0.005656
condition,20,0.005656
ear,20,0.005656
gayety,20,0.005656
force,20,0.005656
guardianship,20,0.005656
brows,20,0.005656
event,20,0.005656
fashion,20,0.005656
sect,20,0.005656
miles,20,0.005656
aspirings,20,0.005656
inducements,20,0.005656
Hell,20,0.005656
antidote,20,0.005656
Calcutta,20,0.005656
Madame_at,20,0.005656
hue,19,0.005373
dogs,19,0.005373
wind,19,0.005373
knight,19,0.005373
Dares,19,0.005373
Lo,19,0.005373
vegetable,18,0.00509
compounds,18,0.00509
relation,18,0.00509
sense,18,0.00509
h,18,0.00509
don,18,0.00509
visit,18,0.00509
questions_,18,0.00509
object,18,0.00509
heritage,18,0.00509
teachers,18,0.00509
lord,18,0.00509
Parcae,18,0.00509
pedigree,18,0.00509
princes,18,0.00509
hip,18,0.00509
Hitherto,18,0.00509
itself,18,0.00509
murmur,18,0.00509
manhood,18,0.00509
bell,18,0.00509
master_refused,18,0.00509
couple,18,0.00509
exclamation,18,0.00509
being,18,0.00509
tug,18,0.00509
mass,18,0.00509
vot,18,0.00509
Guy,18,0.00509
Cavalier,18,0.00509
Ponto,18,0.00509
instinct_,17,0.004807
Miss_Mainwaring,17,0.004807
snatcher,17,0.004807
horses,17,0.004807
apprehensions,17,0.004807
stillness_of,17,0.004807
gift,17,0.004807
speculators,17,0.004807
sects,17,0.004807
creeds,17,0.004807
Cromwell,17,0.004807
fair,17,0.004807
Jesuits,17,0.004807
Loyola,17,0.004807
circumstances_of,17,0.004807
sob,17,0.004807
tree,17,0.004807
tatterdemalion,17,0.004807
blot,17,0.004807
disease,17,0.004807
excitement,17,0.004807
possession,17,0.004807
thunder,17,0.004807
hold,17,0.004807
folks,17,0.004807
forehead,17,0.004807
mammy,17,0.004807
gallants,17,0.004807
Farmer,17,0.004807
impulse,17,0.004807
Father,17,0.004807
guest_,17,0.004807
design,16,0.004525
Gentleman,16,0.004525
IV,16,0.004525
V,16,0.004525
Weavers,16,0.004525
Woof,16,0.004525
VI,16,0.004525
Lawyer,16,0.004525
Body,16,0.004525
VII,16,0.004525
Rape,16,0.004525
Mattress,16,0.004525
VIII,16,0.004525
distinction_,16,0.004525
warrior,16,0.004525
North,16,0.004525
stone_felt,16,0.004525
business,16,0.004525
postmark_,16,0.004525
mistress_now,16,0.004525
mistress_had,16,0.004525
frivolities,16,0.004525
pettiness,16,0.004525
disagreement,16,0.004525
guardians,16,0.004525
deaths,16,0.004525
constitution_strengthened,16,0.004525
culture,16,0.004525
tears,16,0.004525
unselfishness,16,0.004525
missus,16,0.004525
Simmons,16,0.004525
lovers,16,0.004525
chain,16,0.004525
attempts,16,0.004525
rivalry,16,0.004525
brother,16,0.004525
disgust_The,16,0.004525
navy,16,0.004525
moments,16,0.004525
principles,16,0.004525
action,16,0.004525
harvest_which,16,0.004525
innocence,16,0.004525
wayfarers,16,0.004525
Fashion,16,0.004525
Nobody,16,0.004525
cough,16,0.004525
effort,16,0.004525
intuition,16,0.004525
Constitution_as,16,0.004525
priest_,16,0.004525
strut_,16,0.004525
mound,16,0.004525
chestnut_,16,0.004525
guests_,16,0.004525
ventilator,16,0.004525
coral,16,0.004525
patronage,16,0.004525
question_,16,0.004525
games,16,0.004525
woof,16,0.004525
gaze,16,0.004525
lethargy,16,0.004525
pastor_give,16,0.004525
auspices,16,0.004525
gratitude,16,0.004525
devotion,16,0.004525
skies,16,0.004525
ogre,16,0.004525
clap,16,0.004525
meat,16,0.004525
endurance,16,0.004525
ribs,16,0.004525
toes,16,0.004525
gap,16,0.004525
statesmen_resign,16,0.004525
tremble,16,0.004525
States_look,16,0.004525
divinity,16,0.004525
guidance,16,0.004525
workman,16,0.004525
readiness,16,0.004525
imagery,16,0.004525
theory,16,0.004525
denial,16,0.004525
suitor,16,0.004525
dismissal,16,0.004525
doubts,16,0.004525
Dash,16,0.004525
Strongbow_owes,16,0.004525
Fortune,16,0.004525
Lucy,16,0.004525
dears,16,0.004525
acceptation,16,0.004525
intermeddling,16,0.004525
arrogation,16,0.004525
license,16,0.004525
counsel,16,0.004525
privilege,16,0.004525
correspondent,16,0.004525
behalf,16,0.004525
expenses,16,0.004525
maintenance,16,0.004525
Future,16,0.004525
Doom,16,0.004525
exertions,16,0.004525
merchant,16,0.004525
agency,16,0.004525
adversity,16,0.004525
thrill,16,0.004525
grosser,16,0.004525
interest_which,16,0.004525
corruption,16,0.004525
mesalliance,16,0.004525
resentment,16,0.004525
cakes,16,0.004525
plum,16,0.004525
seed,16,0.004525
Yorkshire,16,0.004525
saffron,16,0.004525
curls,16,0.004525
wrinkle,16,0.004525
gesture_pointed,16,0.004525
Moonbeam,16,0.004525
setter,15,0.004242
matter,15,0.004242
qualities,15,0.004242
revenge,15,0.004242
wisdom,15,0.004242
St_Johns,15,0.004242
Johns,15,0.004242
blood,14,0.003959
rags,14,0.003959
rats,14,0.003959
ladder,14,0.003959
property,14,0.003959
objects,14,0.003959
mien,14,0.003959
lawn,14,0.003959
brow,14,0.003959
grave,14,0.003959
Bow,14,0.003959
Street_officer,14,0.003959
achievement,14,0.003959
poets,14,0.003959
convicts,14,0.003959
incident,13,0.003676
occupation,13,0.003676
burlesque,13,0.003676
picture,13,0.003676
ambition,13,0.003676
breast_,13,0.003676
bank,13,0.003676
impostor_creed,13,0.003676
levity,13,0.003676
flower,13,0.003676
Raleigh,13,0.003676
yourself,13,0.003676
month,13,0.003676
Waterloo,13,0.003676
public,13,0.003676
canvas,13,0.003676
song,13,0.003676
prudence,13,0.003676
Cadoudal,13,0.003676
Pierre,13,0.003676
Guillot,13,0.003676
Chouan,13,0.003676
miser,13,0.003676
firm,13,0.003676
brokers,13,0.003676
Jews,13,0.003676
coach,13,0.003676
sign,13,0.003676
original,13,0.003676
appearance,13,0.003676
circle,13,0.003676
guide,13,0.003676
attendants,13,0.003676
movements,12,0.003393
wrath,12,0.003393
search,12,0.003393
Nature,12,0.003393
numbers,12,0.003393
Covent,12,0.003393
Garden,12,0.003393
Magazine,12,0.003393
trace,12,0.003393
flowers,12,0.003393
bill,12,0.003393
pursuers,12,0.003393
Drummond_s,12,0.003393
agent,11,0.003111
discovery,11,0.003111
laugh,11,0.003111
member,11,0.003111
parliament,11,0.003111
desire,11,0.003111
partners,11,0.003111
laws,11,0.003111
ed,11,0.003111
stars_which,11,0.003111
king,11,0.003111
Bourbons,11,0.003111
rider,11,0.003111
work,11,0.003111
patient,11,0.003111
ability,11,0.003111
courage,11,0.003111
infirmities,11,0.003111
hardness,11,0.003111
stranger_who,11,0.003111
college,11,0.003111
curse,11,0.003111
nobody,11,0.003111
reptile,11,0.003111
drugs,10,0.002828
Lyons,10,0.002828
vehicle,10,0.002828
danger,10,0.002828
despair,10,0.002828
insanity,10,0.002828
proposal,10,0.002828
pictures,10,0.002828
delicacy,10,0.002828
errand,10,0.002828
thee,10,0.002828
length,10,0.002828
charity,10,0.002828
energies,10,0.002828
persuasion,10,0.002828
impostor_would,10,0.002828
feebler,10,0.002828
officers,10,0.002828
tone,10,0.002828
balls,10,0.002828
dinners,10,0.002828
cricket,10,0.002828
Lord_s,10,0.002828
ennui,10,0.002828
distance_the,10,0.002828
horse,10,0.002828
spaniel,10,0.002828
members,10,0.002828
families,10,0.002828
Women,10,0.002828
smoke,10,0.002828
statesman_who,10,0.002828
flourishes,10,0.002828
bliss,10,0.002828
master_,10,0.002828
war,10,0.002828
gifts,10,0.002828
mediation,10,0.002828
cheek,10,0.002828
energy,10,0.002828
glass,10,0.002828
devil,10,0.002828
conscience,10,0.002828
surprise,10,0.002828
body,10,0.002828
station_,10,0.002828
Intellect,10,0.002828
thief,10,0.002828
parterre,10,0.002828
emblem,10,0.002828
worms,10,0.002828
sides,10,0.002828
oak,10,0.002828
challenge,10,0.002828
Caliban,10,0.002828
Calibans,10,0.002828
Rapidity,10,0.002828
precision,10,0.002828
command,10,0.002828
Doctor_,9,0.002545
chemistry_the,9,0.002545
presence,9,0.002545
test_in,9,0.002545
examination,9,0.002545
stillness_,9,0.002545
solitude,9,0.002545
glimmer,9,0.002545
moon,9,0.002545
Scarce,9,0.002545
contempt,9,0.002545
generosity,9,0.002545
modesty_to,9,0.002545
subjects,9,0.002545
manliness,9,0.002545
y,9,0.002545
passage,9,0.002545
guesses,9,0.002545
mirth,9,0.002545
wouldst_not,9,0.002545
ward,9,0.002545
coyness,9,0.002545
serpent,9,0.002545
resolutions,9,0.002545
impostors_arguments,9,0.002545
arguments,9,0.002545
lust_of,9,0.002545
maker,9,0.002545
grace,9,0.002545
descendant,9,0.002545
defilement,9,0.002545
nurture,9,0.002545
infirmity,9,0.002545
Travels,9,0.002545
voyages,9,0.002545
narratives,9,0.002545
adventure,9,0.002545
biographies,9,0.002545
epistles_gave,9,0.002545
branches,9,0.002545
poisoners,9,0.002545
apartments,9,0.002545
grass,9,0.002545
view,9,0.002545
root,9,0.002545
occurrence,9,0.002545
happiness,9,0.002545
contracting,9,0.002545
parties,9,0.002545
Sir_pressed,9,0.002545
ancestors_left,9,0.002545
vow,9,0.002545
Kensington,9,0.002545
Gardens,9,0.002545
mart,9,0.002545
desert,9,0.002545
Hurrah,9,0.002545
diapason,9,0.002545
trust_will,9,0.002545
persuader,9,0.002545
limb,9,0.002545
Mr_Graves,9,0.002545
Graves,9,0.002545
dissenter,9,0.002545
Tuileries,9,0.002545
priest_felt,9,0.002545
horseback,9,0.002545
groomless,9,0.002545
Curzon,9,0.002545
Street_paused,9,0.002545
street_saw,9,0.002545
others,9,0.002545
Carruthers,9,0.002545
vots,9,0.002545
teethin,9,0.002545
nymph,9,0.002545
porter,9,0.002545
alumni,9,0.002545
Academy,9,0.002545
brute,9,0.002545
refinement,9,0.002545
brotherhood,9,0.002545
gardeners,9,0.002545
David,9,0.002545
taste_of,9,0.002545
State_,9,0.002545
calculation,9,0.002545
knave,9,0.002545
phrenologists_place,9,0.002545
corruptibility,9,0.002545
covetousness,9,0.002545
luxury,9,0.002545
joy,9,0.002545
newborn,9,0.002545
year,9,0.002545
wares,9,0.002545
junior,9,0.002545
whiskeys,9,0.002545
carts,9,0.002545
sigh,9,0.002545
squire,9,0.002545
schoolboy,9,0.002545
doubt,9,0.002545
start_of,9,0.002545
blush,9,0.002545
waiter,9,0.002545
foot,9,0.002545
Vautran,9,0.002545
desecrator,9,0.002545
Household,9,0.002545
Gods,9,0.002545
assassin,9,0.002545
graves,9,0.002545
gladness,9,0.002545
sensibility,9,0.002545
accent,9,0.002545
answers,9,0.002545
paralysis,9,0.002545
P,9,0.002545
S,9,0.002545
step_spoke,9,0.002545
Tush,9,0.002545
stranger_mien,9,0.002545
stranger_firm,9,0.002545
passenger,9,0.002545
grease,9,0.002545
candle,9,0.002545
glare,9,0.002545
stealer_s,9,0.002545
hairbreadth,9,0.002545
lads,9,0.002545
designator,9,0.002545
dandies,9,0.002545
west_,9,0.002545
dwelling,9,0.002545
rewards,9,0.002545
core,9,0.002545
rage,9,0.002545
advocacy,9,0.002545
interest_of,9,0.002545
probes,9,0.002545
journeyman,9,0.002545
bricklayer,9,0.002545
scaffold,9,0.002545
neck,9,0.002545
company,9,0.002545
shrewdness,9,0.002545
autumn,9,0.002545
felicity,9,0.002545
moods,9,0.002545
purity,9,0.002545
fortitude,9,0.002545
malignity,9,0.002545
sentiments,9,0.002545
gazer,9,0.002545
Set,9,0.002545
remonstrance_which,9,0.002545
Conscience,9,0.002545
Lord_of,9,0.002545
carriages,9,0.002545
sands,9,0.002545
terrors,9,0.002545
malice,9,0.002545
plans,9,0.002545
remorse,9,0.002545
accomplices,9,0.002545
web,9,0.002545
fly,9,0.002545
fissure,9,0.002545
distinction_has,9,0.002545
temperance,9,0.002545
statesmen_must,9,0.002545
posture_and,9,0.002545
front,9,0.002545
phrases,9,0.002545
portraits,9,0.002545
robbers,9,0.002545
fellowship,9,0.002545
luxuriance,9,0.002545
boa,9,0.002545
Furies,9,0.002545
paroxysms,9,0.002545
accomplice,9,0.002545
Cherub,9,0.002545
destinies_,9,0.002545
Gravestealer_claims,9,0.002545
jailers,9,0.002545
cross,9,0.002545
comprehension,9,0.002545
explanations,9,0.002545
game,9,0.002545
settlements,9,0.002545
marble,9,0.002545
busts_and,9,0.002545
statues_gave,9,0.002545
decoration,9,0.002545
tion,9,0.002545
eyebrows,9,0.002545
shadow,9,0.002545
wrinkles,9,0.002545
jingle,9,0.002545
coin,9,0.002545
strangers_praised,9,0.002545
babble,9,0.002545
stream_lingered,9,0.002545
Chiefs,9,0.002545
draught,8,0.002262
Graces,8,0.002262
attendance,8,0.002262
bells,8,0.002262
suns,8,0.002262
disclosure,8,0.002262
memories,8,0.002262
Saints,8,0.002262
floors,8,0.002262
vehemence,8,0.002262
coal,8,0.002262
Passmore,8,0.002262
cause,8,0.002262
excuse,8,0.002262
sympathy,8,0.002262
prowess,8,0.002262
liberty,8,0.002262
generations,8,0.002262
pipes,8,0.002262
pot,8,0.002262
noggin,8,0.002262
gin,8,0.002262
cage,8,0.002262
guardian,8,0.002262
corpse,8,0.002262
bearers,8,0.002262
reappearance,8,0.002262
Church,8,0.002262
shrieks,8,0.002262
superabundance,8,0.002262
circumstance_may,8,0.002262
trust_created,7,0.00198
Bonaparte,7,0.00198
lad,7,0.00198
arch,7,0.00198
oman,6,0.001697
table,6,0.001697
fondness,6,0.001697
crowds,6,0.001697
book,6,0.001697
cedars,6,0.001697
Lady_Diary,6,0.001697
Diary,6,0.001697
interest_in,6,0.001697
frauds,6,0.001697
temper,6,0.001697
track,6,0.001697
suffering,6,0.001697
country,6,0.001697
society,6,0.001697
abandonment,6,0.001697
duty,6,0.001697
trade,6,0.001697
Polyphemus,6,0.001697
canary,6,0.001697
journey,6,0.001697
hill,6,0.001697
faults,6,0.001697
footman,5,0.001414
Don,5,0.001414
papers,5,0.001414
tumbril,5,0.001414
butcher,5,0.001414
bottom,5,0.001414
execution,5,0.001414
subject,5,0.001414
Lords_,5,0.001414
club,5,0.001414
vermin,5,0.001414
cigar,5,0.001414
offices,5,0.001414
correspondence,5,0.001414
scene,5,0.001414
delays,5,0.001414
residence,5,0.001414
tender,5,0.001414
breath,5,0.001414
impostor_lost,5,0.001414
mothers,5,0.001414
decease,5,0.001414
Nicholas,5,0.001414
reflection,5,0.001414
trustee_had,5,0.001414
Fate,5,0.001414
appreciation,5,0.001414
truths,5,0.001414
fame,5,0.001414
intercourse,5,0.001414
wall,5,0.001414
reverence,5,0.001414
sheep,5,0.001414
class,5,0.001414
fighter,5,0.001414
pardonable,5,0.001414
surface,5,0.001414
rascal,5,0.001414
bent,5,0.001414
debts,5,0.001414
Winter,5,0.001414
pair,5,0.001414
present,5,0.001414
descendants,5,0.001414
circumstances_that,5,0.001414
warning,5,0.001414
case,5,0.001414
meam,5,0.001414
Vy,5,0.001414
priest_smiled,5,0.001414
rise,5,0.001414
chap,5,0.001414
stairs_to,5,0.001414
stealer_,5,0.001414
Salvator,5,0.001414
suavity,5,0.001414
Sir_ll,5,0.001414
ll,5,0.001414
taste_,5,0.001414
desires,5,0.001414
Great,5,0.001414
lodge,5,0.001414
Englishwoman,5,0.001414
bed,5,0.001414
dust_and,5,0.001414
rheumatisms,5,0.001414
eminence,5,0.001414
rumble,5,0.001414
tumble,5,0.001414
airs,5,0.001414
sky,5,0.001414
morrow,5,0.001414
wayfarer,5,0.001414
breeding,5,0.001414
looks,5,0.001414
stranger_then,5,0.001414
clerks,5,0.001414
comrade,5,0.001414
space,5,0.001414
craving,5,0.001414
lawyers,5,0.001414
chaise,5,0.001414
constitutions_which,5,0.001414
duties,5,0.001414
dell,5,0.001414
postman_had,5,0.001414
visits,5,0.001414
strangers_made,5,0.001414
torture,5,0.001414
laughter,5,0.001414
ghost_,5,0.001414
profile,5,0.001414
alteration,4,0.001131
instant_Lucretia,4,0.001131
heathen,4,0.001131
misty_palaces,4,0.001131
Spy,4,0.001131
health,4,0.001131
Spiders,4,0.001131
bystanders_,4,0.001131
Hat,4,0.001131
horror,4,0.001131
haggard,4,0.001131
smiles,4,0.001131
Cytherea,4,0.001131
mockery,4,0.001131
necessities,4,0.001131
Apropos,4,0.001131
sensation,4,0.001131
House,4,0.001131
subordinate,4,0.001131
administration_,4,0.001131
Lord_Chancellor,4,0.001131
Chancellor,4,0.001131
falsehood,4,0.001131
colonnade,4,0.001131
Almighty,4,0.001131
Calabria,4,0.001131
negus,4,0.001131
weeks,4,0.001131
breadth,4,0.001131
worshipper,4,0.001131
inmates,4,0.001131
moralists_may,4,0.001131
loft,4,0.001131
Halibi,4,0.001131
step_was,4,0.001131
promises,4,0.001131
avowal,4,0.001131
advantage,4,0.001131
events,4,0.001131
interest_,4,0.001131
whereon,4,0.001131
Charlemagne,4,0.001131
lot,4,0.001131
impostors_daily,4,0.001131
tempter,4,0.001131
facilities,4,0.001131
stock_far,4,0.001131
Peace,4,0.001131
affirmations,4,0.001131
assurances,4,0.001131
dowry,4,0.001131
apprenticeship,4,0.001131
impostor_blood,4,0.001131
indignation,4,0.001131
conversion,4,0.001131
sceptre,4,0.001131
Belial,4,0.001131
Commonwealth,4,0.001131
pain,4,0.001131
absence,4,0.001131
perversion,4,0.001131
destitution_in,4,0.001131
scheme,4,0.001131
extravagances,4,0.001131
state_of,4,0.001131
trustee_,4,0.001131
considerations,4,0.001131
garter,4,0.001131
mathematics,4,0.001131
talents,4,0.001131
diffidence,4,0.001131
anxieties,4,0.001131
dread,4,0.001131
temptation,4,0.001131
tower,4,0.001131
host_drew,4,0.001131
Sir_then,4,0.001131
Herewith,4,0.001131
beds,4,0.001131
pith,4,0.001131
sap,4,0.001131
balustrade_where,4,0.001131
ingredients,4,0.001131
Fourthly,4,0.001131
state_apartments,4,0.001131
steps_,4,0.001131
stains_reflected,4,0.001131
stone_floors,4,0.001131
casements,4,0.001131
architects,4,0.001131
nights,4,0.001131
leaders,4,0.001131
taste_than,4,0.001131
French,4,0.001131
Revolution,4,0.001131
student_,4,0.001131
bronze,4,0.001131
paleness,4,0.001131
contrast_of,4,0.001131
physiognomist_would,4,0.001131
consumption,4,0.001131
carelessness,4,0.001131
blindness,4,0.001131
emotions,4,0.001131
ruins,4,0.001131
Plutus,4,0.001131
youths,4,0.001131
lineage,4,0.001131
representation,4,0.001131
lative,4,0.001131
sister_gives,4,0.001131
casement,4,0.001131
Zooks,4,0.001131
pastor_crowded,4,0.001131
mathematician,4,0.001131
learning,4,0.001131
Cambridge,4,0.001131
waste_deepens,4,0.001131
spoiler,4,0.001131
anguish,4,0.001131
foe,4,0.001131
veins,4,0.001131
ghost_from,4,0.001131
sway,4,0.001131
dynasty_of,4,0.001131
Noisiest_and,4,0.001131
Mohawks,4,0.001131
Ay,4,0.001131
instinct_withheld,4,0.001131
pastor_approached,4,0.001131
notoriety,4,0.001131
pedantry,4,0.001131
master_can,4,0.001131
Mr_Ardworth,4,0.001131
widowhood,4,0.001131
spite,4,0.001131
Houses,4,0.001131
shower,4,0.001131
priest_loved,4,0.001131
priest_saw,4,0.001131
priest_held,4,0.001131
One,4,0.001131
priest_slowly,4,0.001131
Time,4,0.001131
style_of,4,0.001131
appellation,4,0.001131
Tigrish,4,0.001131
bauble,4,0.001131
device,4,0.001131
ends,4,0.001131
urchins,4,0.001131
rumour,4,0.001131
kindred,4,0.001131
spectacles,4,0.001131
gamblers,4,0.001131
sharpers,4,0.001131
sketches,4,0.001131
creator,4,0.001131
deal,4,0.001131
invitation,4,0.001131
loan,4,0.001131
shillings,4,0.001131
rapscallion,4,0.001131
operator,4,0.001131
while,4,0.001131
scream,4,0.001131
fall,4,0.001131
twit,4,0.001131
fireplace,4,0.001131
crew,4,0.001131
wiles,4,0.001131
emulation,4,0.001131
balustrades_,4,0.001131
wand,4,0.001131
Herald,4,0.001131
Office,4,0.001131
butler,4,0.001131
misery,4,0.001131
vistas_into,4,0.001131
greatness,4,0.001131
exertion,4,0.001131
classes,4,0.001131
thews,4,0.001131
sinews,4,0.001131
upstart_soldier,4,0.001131
adherents,4,0.001131
bedchambers,4,0.001131
saw,4,0.001131
chemist_to,4,0.001131
wishes,4,0.001131
Marseillais,4,0.001131
adaptability,4,0.001131
finesse,4,0.001131
waters,4,0.001131
policy,4,0.001131
nephews,4,0.001131
student_sufficed,4,0.001131
inheritance,4,0.001131
chuckle,4,0.001131
caresses,4,0.001131
There,4,0.001131
Trade,4,0.001131
parts,4,0.001131
lowing,4,0.001131
herds,4,0.001131
bleating,4,0.001131
sounds,4,0.001131
bustle_,4,0.001131
stream_pour,4,0.001131
music,4,0.001131
evidences,4,0.001131
signals,4,0.001131
display,4,0.001131
god,4,0.001131
Fouche,4,0.001131
inscriptions,4,0.001131
Accident,4,0.001131
angle,4,0.001131
sentry,4,0.001131
knife,4,0.001131
notes,4,0.001131
volume,4,0.001131
bristles_had,4,0.001131
left,4,0.001131
oozing,4,0.001131
plashing,4,0.001131
burden,4,0.001131
Napoleon,4,0.001131
harvests_have,4,0.001131
boat,4,0.001131
scythe,4,0.001131
bearer,4,0.001131
booths,4,0.001131
Diable,4,0.001131
Boiteux,4,0.001131
hues,4,0.001131
stain_which,4,0.001131
rope,4,0.001131
ladders,4,0.001131
lanterns,4,0.001131
pickpocket,4,0.001131
stranger_had,4,0.001131
film,4,0.001131
patches,4,0.001131
grin,4,0.001131
bravado,4,0.001131
Didn,4,0.001131
dreamer,4,0.001131
Howsomever,4,0.001131
mansion,4,0.001131
thoroughfare,4,0.001131
dismay,4,0.001131
escape,4,0.001131
witch,4,0.001131
humbrella,4,0.001131
lumbering,4,0.001131
conveyance,4,0.001131
stand_,4,0.001131
contact,4,0.001131
host_,4,0.001131
sweetheart,4,0.001131
imagination,4,0.001131
fortunes,4,0.001131
ruin,4,0.001131
expectations,4,0.001131
schemes,4,0.001131
injunction,4,0.001131
clods,4,0.001131
Range,4,0.001131
Art,4,0.001131
prostration_and,4,0.001131
decrepitude,4,0.001131
Machiavel,4,0.001131
Will,4,0.001131
rheumatism,4,0.001131
outcast_christened,4,0.001131
betimes,4,0.001131
decorum,4,0.001131
street_forbade,4,0.001131
Giles,4,0.001131
thorns,4,0.001131
reveries,4,0.001131
moody,4,0.001131
fitful,4,0.001131
entry,4,0.001131
nun,4,0.001131
clasp,4,0.001131
hints,4,0.001131
Anything,4,0.001131
desk,4,0.001131
counter,4,0.001131
Joy,4,0.001131
pathos,4,0.001131
earnest_and,4,0.001131
cheeks,4,0.001131
poetry,4,0.001131
Royal,4,0.001131
Highness,4,0.001131
promptitude,4,0.001131
Gil,4,0.001131
Blas,4,0.001131
assurance,4,0.001131
ease,4,0.001131
eyelids,4,0.001131
vigil,4,0.001131
teeth,4,0.001131
peculiarity,4,0.001131
instant_had,4,0.001131
victims,4,0.001131
Judge,4,0.001131
sister_would,4,0.001131
repent,4,0.001131
likeness,4,0.001131
shame,4,0.001131
Thrice,4,0.001131
kisses,4,0.001131
travellers,4,0.001131
regiment,4,0.001131
drawings,4,0.001131
stealth_of,4,0.001131
Indian,4,0.001131
staff_or,4,0.001131
paint,4,0.001131
weather,4,0.001131
vine,4,0.001131
Rush,4,0.001131
sufferer,4,0.001131
stages_of,4,0.001131
courtmartial,4,0.001131
Hannah,4,0.001131
recklessness,4,0.001131
Drummond_,4,0.001131
amount,4,0.001131
reason,4,0.001131
Drummond_could,4,0.001131
Whereon,4,0.001131
ourselves,4,0.001131
commune,4,0.001131
gibbet,4,0.001131
meadows,4,0.001131
rivulet,4,0.001131
contrivance,4,0.001131
episode,4,0.001131
literature,4,0.001131
dexterity,4,0.001131
instruments_of,4,0.001131
retribution,4,0.001131
speculator,4,0.001131
Swift,4,0.001131
cell,4,0.001131
ravings,4,0.001131
confinement,4,0.001131
Thou,4,0.001131
livest_,4,0.001131
symbol,4,0.001131
Romans,4,0.001131
Cicero,4,0.001131
majesty_there,4,0.001131
merits,4,0.001131
whole,4,0.001131
Shakspeare,4,0.001131
imprudence,4,0.001131
traits,4,0.001131
amiability,4,0.001131
tables,4,0.001131
warmth,4,0.001131
satire,4,0.001131
parody,4,0.001131
rapture,4,0.001131
gaming,4,0.001131
earnestness_that,4,0.001131
thinness,4,0.001131
drapery,4,0.001131
bust_,4,0.001131
sharpness,4,0.001131
study_and,4,0.001131
vigils,4,0.001131
fidgety,4,0.001131
restlessness_which,4,0.001131
hides,4,0.001131
test_of,4,0.001131
tiger,4,0.001131
philters,4,0.001131
restlessness_in,4,0.001131
judgment,4,0.001131
fit,4,0.001131
coughing,4,0.001131
supercilious,4,0.001131
prejudice,4,0.001131
cant,4,0.001131
Tory,4,0.001131
bargain,4,0.001131
Bar,4,0.001131
violets,4,0.001131
pang,4,0.001131
despondency,3,0.000848
messenger,3,0.000848
sex,3,0.000848
lectures,3,0.000848
forger,3,0.000848
scutcheon,3,0.000848
counsels,3,0.000848
field,3,0.000848
trill,3,0.000848
shops,3,0.000848
natures,3,0.000848
Pitt,2,0.000566
agony,2,0.000566
skeleton,2,0.000566
praises,2,0.000566
water,2,0.000566
stone_,2,0.000566
oaths,2,0.000566
item,2,0.000566
eightpence,2,0.000566
imps,2,0.000566
account,2,0.000566
landscape,2,0.000566
Hall,2,0.000566
prizes,2,0.000566
effect,2,0.000566
foliage,2,0.000566
pity,2,0.000566
auctioneer,2,0.000566
home,2,0.000566
contradiction,2,0.000566
loss,2,0.000566
scandal,2,0.000566
century,2,0.000566
Stubmore_would,2,0.000566
complaint,2,0.000566
indecorum,2,0.000566
interloper,2,0.000566
stone_falcon,2,0.000566
falcon,2,0.000566
heralds,2,0.000566
county,2,0.000566
trees,2,0.000566
characters,2,0.000566
punishment,2,0.000566
sophisms,2,0.000566
Motherless,2,0.000566
tyrant,2,0.000566
point,2,0.000566
consciousness,2,0.000566
senses,2,0.000566
richness,2,0.000566
soil,2,0.000566
gallery,2,0.000566
creatures,2,0.000566
end,2,0.000566
acuteness,2,0.000566
intoxication,2,0.000566
chest_,2,0.000566
husbands,2,0.000566
Danton,2,0.000566
yeoman,2,0.000566
avenger,2,0.000566
homeliest_of,2,0.000566
instruments_cast,2,0.000566
attorney,2,0.000566
matrons,2,0.000566
group,2,0.000566
pilasters_,2,0.000566
jobs,2,0.000566
Honore,2,0.000566
expostulation_which,2,0.000566
virtues,2,0.000566
rivals,2,0.000566
honour,2,0.000566
Riving,2,0.000566
Pike,2,0.000566
ma,2,0.000566
snake,2,0.000566
drudgery,2,0.000566
friendship,2,0.000566
subordinates,2,0.000566
earl,2,0.000566
comers,2,0.000566
host_had,2,0.000566
chess,2,0.000566
prince,2,0.000566
sagacity,2,0.000566
resuscitation,1,0.000283
wanderings,1,0.000283
paralytic,1,0.000283
Turks,1,0.000283
firelight,1,0.000283
Vot,1,0.000283
wardrobes,1,0.000283
ere,1,0.000283
surgeon,1,0.000283
Messenger,1,0.000283
Reports,1,0.000283
packets,1,0.000283
handwritings,1,0.000283
Couthon,1,0.000283
stranger_insect,1,0.000283
insect,1,0.000283
aristocrat_,1,0.000283
sound,1,0.000283
heads,1,0.000283
breasts_,1,0.000283
thirst_of,1,0.000283
stage_,1,0.000283
mime,1,0.000283
nation,1,0.000283
cry,1,0.000283
trust_to,1,0.000283
Foreboding,1,0.000283
Hem,1,0.000283
October,1,0.000283
abbey,1,0.000283
Nomad,1,0.000283
Friend,1,0.000283
earth,1,0.000283
stone_into,1,0.000283
stone_force,1,0.000283
stone_has,1,0.000283
parapet,1,0.000283
advertisement,1,0.000283
beast_to,1,0.000283
tin,1,0.000283
sweep,1,0.000283
enterprise,1,0.000283
calling,1,0.000283
panes,1,0.000283
progress,1,0.000283
hulks,1,0.000283
boys,1,0.000283
bow,1,0.000283
politeness,1,0.000283
mist_covered,1,0.000283
rain,1,0.000283
conjecturing,1,0.000283
cousins,1,0.000283
mysteries_with,1,0.000283
compassion,1,0.000283
expedition,1,0.000283
state_forbodes,1,0.000283
misty_rains,1,0.000283
rains,1,0.000283
step_descend,1,0.000283
mistress_took,1,0.000283
demesnes,1,0.000283
news,1,0.000283
First_,1,0.000283
office,1,0.000283
assent,1,0.000283
eloquence,1,0.000283
ingenuity,1,0.000283
straw_,1,0.000283
sale,1,0.000283
ghost_that,1,0.000283
widows,1,0.000283
touch,1,0.000283
sincerity,1,0.000283
goodness,1,0.000283
reputation,1,0.000283
sanctity,1,0.000283
impostor_sincerely,1,0.000283
impostor_dared,1,0.000283
impostor_violence,1,0.000283
violence,1,0.000283
imperiousness,1,0.000283
impostor_cowered,1,0.000283
impostor_shivered,1,0.000283
towns,1,0.000283
barb,1,0.000283
reckoning,1,0.000283
freedom,1,0.000283
Mainwarings,1,0.000283
scruple,1,0.000283
step_that,1,0.000283
conversations,1,0.000283
uninfluential,1,0.000283
expediency,1,0.000283
concealment,1,0.000283
identity,1,0.000283
heartedness,1,0.000283
Horse,1,0.000283
Guards,1,0.000283
correspondents,1,0.000283
rooks,1,0.000283
hostler_was,1,0.000283
inquisitors,1,0.000283
flight,1,0.000283
hawker,1,0.000283
motive,1,0.000283
peacock,1,0.000283
robin,1,0.000283
flock,1,0.000283
plaining,1,0.000283
heifer,1,0.000283
monarch,1,0.000283
villager,1,0.000283
salutation,1,0.000283
homage,1,0.000283
trifles,1,0.000283
mixture,1,0.000283
pastures_,1,0.000283
animal,1,0.000283
Southampton,1,0.000283
questions_to,1,0.000283
Nothin,1,0.000283
Noos,1,0.000283
mattris,1,0.000283
post_brought,1,0.000283
ghost_could,1,0.000283
inmate,1,0.000283
master_was,1,0.000283
master_own,1,0.000283
Gravestealer_was,1,0.000283
wrestling_with,1,0.000283
Gravestealer_seized,1,0.000283
balustrade_perforated,1,0.000283
arabesque,1,0.000283
designs,1,0.000283
china,1,0.000283
jar,1,0.000283
meetings,1,0.000283
shearing,1,0.000283
festivals_,1,0.000283
nobleman,1,0.000283
points,1,0.000283
girlishness,1,0.000283
complexion,1,0.000283
outline,1,0.000283
distinction_which,1,0.000283
female,1,0.000283
listener_her,1,0.000283
ancestry_or,1,0.000283
groves,1,0.000283
boughs,1,0.000283
summer,1,0.000283
taste_for,1,0.000283
venom,1,0.000283
irony,1,0.000283
Child,1,0.000283
librarian,1,0.000283
Prettily,1,0.000283
invalid,1,0.000283
painters,1,0.000283
destiny_of,1,0.000283
lake,1,0.000283
park,1,0.000283
beams,1,0.000283
peace,1,0.000283
elections,1,0.000283
wrongs,1,0.000283
annoyances,1,0.000283
sister_shall,1,0.000283
sister_knows,1,0.000283
terror,1,0.000283
project,1,0.000283
perfidy,1,0.000283
oath,1,0.000283
rival,1,0.000283
scent,1,0.000283
decision,1,0.000283
mourning,1,0.000283
garment,1,0.000283
memory,1,0.000283
Her,1,0.000283
leaves,1,0.000283
brim,1,0.000283
Parson,1,0.000283
draperies,1,0.000283
entrance,1,0.000283
Blackman,1,0.000283
wives,1,0.000283
SusanI,1,0.000283
custom_and,1,0.000283
dissembler,1,0.000283
contrast_between,1,0.000283
state_and,1,0.000283
feet,1,0.000283
sister_as,1,0.000283
countenances,1,0.000283
gestures_that,1,0.000283
Bravo,1,0.000283
bastard_has,1,0.000283
vault,1,0.000283
bars,1,0.000283
Moliere,1,0.000283
Public,1,0.000283
exultation,1,0.000283
maidservant,1,0.000283
inquest_and,1,0.000283
verdict,1,0.000283
inquest_acquitted,1,0.000283
hope,1,0.000283
senate,1,0.000283
huzza,1,0.000283
None,1,0.000283
reform,1,0.000283
monster_,1,0.000283
priest_kept,1,0.000283
crossing,1,0.000283
coronation,1,0.000283
Lots,1,0.000283
urchin,1,0.000283
Majesty_King,1,0.000283
King_Bill,1,0.000283
currynation,1,0.000283
helse,1,0.000283
prepossesses,1,0.000283
jackals,1,0.000283
silver,1,0.000283
dominion,1,0.000283
hilarity,1,0.000283
delight,1,0.000283
weight,1,0.000283
gravity,1,0.000283
months,1,0.000283
agin,1,0.000283
St_Poll,1,0.000283
Poll,1,0.000283
churchyard,1,0.000283
wot,1,0.000283
bows,1,0.000283
piece,1,0.000283
noos,1,0.000283
picters,1,0.000283
Majesty_Bill,1,0.000283
namesake,1,0.000283
im,1,0.000283
D,1,0.000283
circumstances_permitted,1,0.000283
provoker,1,0.000283
Vould,1,0.000283
rocks,1,0.000283
waterfalls,1,0.000283
ugliness,1,0.000283
tresses,1,0.000283
bath,1,0.000283
wink,1,0.000283
Trill,1,0.000283
stone_feel,1,0.000283
inch,1,0.000283
Sir_life,1,0.000283
gallows,1,0.000283
Cupid,1,0.000283
Crowns,1,0.000283
emendation,1,0.000283
ones,1,0.000283
Scholars,1,0.000283
Umph,1,0.000283
sweetness,1,0.000283
courtiers,1,0.000283
adventurers,1,0.000283
lives,1,0.000283
conception,1,0.000283
occupier,1,0.000283
admiration,1,0.000283
instruments_to,1,0.000283
bull,1,0.000283
chiefs,1,0.000283
party,1,0.000283
Distrust_is,1,0.000283
employers,1,0.000283
taste_which,1,0.000283
wizard,1,0.000283
symptoms,1,0.000283
fant,1,0.000283
Republicans,1,0.000283
amusement,1,0.000283
gambling,1,0.000283
greed,1,0.000283
plunderers,1,0.000283
argosy,1,0.000283
Storm_was,1,0.000283
motives,1,0.000283
plates,1,0.000283
tongues,1,0.000283
wag,1,0.000283
borrower,1,0.000283
bulk,1,0.000283
kin,1,0.000283
stepmother_,1,0.000283
guilt,1,0.000283
chase,1,0.000283
master_of,1,0.000283
cafe,1,0.000283
interest_can,1,0.000283
document,1,0.000283
sake,1,0.000283
manuscript,1,0.000283
cup,1,0.000283
brain,1,0.000283
banes,1,0.000283
loneliness,1,0.000283
Husband,1,0.000283
Ce,1,0.000283
fingers,1,0.000283
schemer,1,0.000283
sorrows,1,0.000283
stain_on,1,0.000283
pedlar,1,0.000283
gravestones_tell,1,0.000283
Ceres,1,0.000283
gathering,1,0.000283
generation,1,0.000283
road,1,0.000283
sparrow,1,0.000283
favourites,1,0.000283
historian_blushes,1,0.000283
blushes,1,0.000283
brawn,1,0.000283
girth,1,0.000283
posters_down,1,0.000283
burglar,1,0.000283
mire,1,0.000283
soot,1,0.000283
centuries,1,0.000283
occupant,1,0.000283
Ganymede,1,0.000283
usher,1,0.000283
Anatomy,1,0.000283
Turnspits,1,0.000283
truffle,1,0.000283
comrades,1,0.000283
Mirabeau,1,0.000283
godfather,1,0.000283
night,1,0.000283
destiny_revealed,1,0.000283
sniggering,1,0.000283
Sniggering,1,0.000283
ripple,1,0.000283
agitation,1,0.000283
stream_,1,0.000283
instincts_of,1,0.000283
street_presented,1,0.000283
index,1,0.000283
blowens,1,0.000283
darkness,1,0.000283
baseness,1,0.000283
refusal,1,0.000283
request_inflicts,1,0.000283
expressions,1,0.000283
scenes,1,0.000283
humiliation,1,0.000283
stratagem_,1,0.000283
contest_,1,0.000283
SYMPATHY,1,0.000283
mistress_slowly,1,0.000283
lowness,1,0.000283
cruelty,1,0.000283
bizness,1,0.000283
ring,1,0.000283
sleep,1,0.000283
curril,1,0.000283
mug,1,0.000283
kennel,1,0.000283
names,1,0.000283
Mother,1,0.000283
profits,1,0.000283
post_,1,0.000283
succession,1,0.000283
Fire,1,0.000283
ash,1,0.000283
concord,1,0.000283
germs,1,0.000283
jealousies,1,0.000283
sword,1,0.000283
planet,1,0.000283
infamy,1,0.000283
havenots,1,0.000283
reminiscence,1,0.000283
writhe,1,0.000283
playmates,1,0.000283
chances,1,0.000283
waste_of,1,0.000283
employment,1,0.000283
glitter,1,0.000283
uncongeniality,1,0.000283
strides_by,1,0.000283
help,1,0.000283
crutch,1,0.000283
sanctum,1,0.000283
King_George,1,0.000283
pardon,1,0.000283
Come,1,0.000283
VernonVernon,1,0.000283
gate,1,0.000283
physicians,1,0.000283
instincts_,1,0.000283
Then,1,0.000283
Distrust_looks,1,0.000283
client,1,0.000283
Strongbow_can,1,0.000283
Old,1,0.000283
strength_which,1,0.000283
rear,1,0.000283
memorial,1,0.000283
ancestor_produced,1,0.000283
mole,1,0.000283
Yours,1,0.000283
Master_Varney,1,0.000283
breast_on,1,0.000283
comfort,1,0.000283
hate,1,0.000283
caress,1,0.000283
wires,1,0.000283
bottle,1,0.000283
Schweppe,1,0.000283
soda,1,0.000283
relatives,1,0.000283
adulteress,1,0.000283
fault,1,0.000283
heroes,1,0.000283
statesmen_have,1,0.000283
phrenologists_call,1,0.000283
jealousy,1,0.000283
fancies,1,0.000283
enemy,1,0.000283
step_through,1,0.000283
mists_and,1,0.000283
insight,1,0.000283
jollity,1,0.000283
uproarious,1,0.000283
labours,1,0.000283
Press,1,0.000283
misapplication,1,0.000283
misty_vaticinations,1,0.000283
vaticinations,1,0.000283
Patient,1,0.000283
wood,1,0.000283
colour,1,0.000283
woodwork,1,0.000283
squalor,1,0.000283
kings,1,0.000283
Occasion,1,0.000283
J,1,0.000283
W,1,0.000283
Hist_,1,0.000283
puncture,1,0.000283
wrist_,1,0.000283
faculties,1,0.000283
debt,1,0.000283
storm_that,1,0.000283
Seraph,1,0.000283
ebon,1,0.000283
paths,1,0.000283
bounty,1,0.000283
pleasures,1,0.000283
Deity,1,0.000283
Murderess,1,0.000283
gang,1,0.000283
lash,1,0.000283
overseer,1,0.000283
tastes_,1,0.000283
things,1,0.000283
plot,1,0.000283
sentence,1,0.000283
feature,1,0.000283
maniac,1,0.000283
aim,1,0.000283
footprint,1,0.000283
humanities,1,0.000283
path,1,0.000283
robber,1,0.000283
priest_counts,1,0.000283
Our,1,0.000283
reproof,1,0.000283
governess,1,0.000283
hirelings,1,0.000283
Juvenal,1,0.000283
training,1,0.000283
use,1,0.000283
interchange,1,0.000283
companionship,1,0.000283
virtue,1,0.000283
listlessness_and,1,0.000283
melancholy,1,0.000283
male,1,0.000283
Vernons,1,0.000283
rake,1,0.000283
exclusiveness,1,0.000283
cities,1,0.000283
width,1,0.000283
ceiling,1,0.000283
depth,1,0.000283
recess,1,0.000283
Italy,1,0.000283
intermixture,1,0.000283
stray_member,1,0.000283
barrister_on,1,0.000283
circuit,1,0.000283
artist_,1,0.000283
introduction,1,0.000283
strain_of,1,0.000283
pilasters_of,1,0.000283
whist_,1,0.000283
players,1,0.000283
diamond,1,0.000283
exclamations,1,0.000283
spleen,1,0.000283
joyless,1,0.000283
maidens,1,0.000283
glance,1,0.000283
roundness,1,0.000283
charm,1,0.000283
feminacy,1,0.000283
description,1,0.000283
defect,1,0.000283
disproportion,1,0.000283
compliments,1,0.000283
patience,1,0.000283
observation,1,0.000283
patron,1,0.000283
pocket,1,0.000283
handkerchief,1,0.000283
lamp,1,0.000283
Yonder,1,0.000283
stars_should,1,0.000283
spinster_days,1,0.000283
existence_of,1,0.000283
constitution_that,1,0.000283
Sunday,1,0.000283
rogue,1,0.000283
hookah,1,0.000283
Plague,1,0.000283
publisher,1,0.000283
Eros,1,0.000283
associations,1,0.000283
