Emmeline,74831,9.472806
Mrs_Stafford,51185,6.479475
Delamere,37337,4.726466
I,31185,3.947688
Montreville,28254,3.576655
Edward,28045,3.550198
Godolphin,22228,2.813828
Lord_Montreville,22137,2.802308
Crofts,20104,2.544952
Adelina,18390,2.327978
Fitz,16375,2.0729
Richard,16098,2.037835
Sir_Richard,15698,1.987199
Stafford_had,14035,1.776681
Lady_Westhaven,8576,1.08563
James,7282,0.921823
Tho,7252,0.918026
Ashwood,6606,0.836249
Mrs_Ashwood,6578,0.832705
Captain_Godolphin,6483,0.820679
Mowbray,6134,0.776499
Mr_Delamere,5648,0.714977
father,5519,0.698647
listening_,5505,0.696874
son,4872,0.616743
Lord_Westhaven,4870,0.61649
Lord_Delamere,4551,0.576108
Mr_Godolphin,4422,0.559778
stranger_saw,4418,0.559272
He,4381,0.554588
Stafford_said,4245,0.537372
resolution,3949,0.499901
Lawson,3741,0.473571
Elkerton,3640,0.460785
Stafford_felt,3485,0.441164
Bellozane,3433,0.434581
herself,3378,0.427619
it,3333,0.421922
Mr_Lawson,3302,0.417998
Stafford_,2986,0.377996
Stafford_saw,2859,0.361919
Mr_Crofts,2574,0.325841
Miss_Mowbray,2565,0.324702
Viscount,2446,0.309637
heiress,2426,0.307106
Lady_Montreville,2397,0.303435
Stafford_and,2328,0.2947
Marquis,2252,0.285079
Clancarryl,2148,0.271914
Miss_Delamere,2102,0.266091
St_Alpin,2087,0.264192
Alpin,2087,0.264192
de,1993,0.252293
Colonel,1962,0.248368
affairs,1889,0.239127
husband,1887,0.238874
mother,1793,0.226975
Stafford_s,1792,0.226848
family,1784,0.225835
lady,1781,0.225456
Le,1771,0.22419
Chevalier,1740,0.220265
Limosin,1735,0.219632
Trelawny,1727,0.21862
friend,1719,0.217607
Stafford_told,1719,0.217607
servant,1688,0.213683
Westhaven_,1648,0.208619
Lord_and,1620,0.205075
himself,1601,0.20267
readjustment_of,1600,0.202543
wife,1582,0.200264
house,1545,0.195581
Lady_Frances,1531,0.193808
Frances,1531,0.193808
Lady_Clancarryl,1525,0.193049
brother,1478,0.187099
Stafford_knew,1439,0.182162
Mr_Stafford,1398,0.176972
William,1350,0.170896
Mr_James,1348,0.170642
Castle_fancied,1296,0.16406
daughter,1289,0.163174
Madelon,1278,0.161781
Stafford_determined,1269,0.160642
Stafford_found,1266,0.160262
situation,1266,0.160262
me,1216,0.153933
ideas,1202,0.15216
money,1179,0.149249
Augusta_Delamere,1170,0.14811
Westhaven_had,1169,0.147983
maid,1148,0.145325
friends,1100,0.139248
Castle_might,1089,0.137856
Williamson,1081,0.136843
night,1064,0.134691
Stafford_impatiently,1058,0.133932
others,1046,0.132412
They,1029,0.13026
Mrs_Godolphin,1029,0.13026
You,1024,0.129627
lawn,1024,0.129627
tho,1014,0.128362
cap,996,0.126083
business,987,0.124944
Lordship_went,970,0.122792
hint,962,0.121779
approbation,961,0.121652
joy,954,0.120766
time,930,0.117728
conscience,926,0.117222
insensibility,925,0.117095
direction,902,0.114184
people,896,0.113424
sons,887,0.112285
Lord_,875,0.110766
Rochely,861,0.108993
head,852,0.107854
life,850,0.107601
box,842,0.106588
letters,830,0.105069
waistcoat_that,828,0.104816
velvet,828,0.104816
thrum,828,0.104816
She,828,0.104816
Stafford_gave,824,0.10431
hat,805,0.101904
lace,802,0.101525
person,798,0.101018
Sir_,783,0.099119
days,783,0.099119
Lordship_,761,0.096334
heart,758,0.095955
idea,737,0.093296
Stafford_feared,729,0.092284
Maloney,711,0.090005
Carey,711,0.090005
Mrs_James,707,0.089499
London,701,0.088739
Stafford_could,699,0.088486
name,694,0.087853
orphan,693,0.087726
artifices,691,0.087473
attorney,688,0.087093
Stafford_concluded,685,0.086714
Should,676,0.085574
Stafford_to,673,0.085195
gentleman,673,0.085195
Baron_de,665,0.084182
resentment,652,0.082536
Lordship_doubted,648,0.08203
haughtiness,634,0.080258
Westhaven_haughtiness,625,0.079118
Westhaven_resentment,625,0.079118
estate_was,625,0.079118
Lord_Clancarryl,623,0.078865
Stafford_thought,615,0.077852
Westhaven_must,603,0.076333
housekeeper,600,0.075954
Stafford_now,595,0.075321
Thither,587,0.074308
road,585,0.074055
Ladyship_,571,0.072283
Her,569,0.072029
Monseigneur,564,0.071396
le,564,0.071396
Westhaven_and,546,0.069118
countenance,539,0.068232
Westhaven_persuade,538,0.068105
arrival,525,0.066459
mind,515,0.065194
sort,510,0.064561
physicians,508,0.064307
Westhaven_said,507,0.064181
Chateau,494,0.062535
Stafford_evaded,494,0.062535
Westhaven_knew,488,0.061776
fellow,487,0.061649
Stafford_received,485,0.061396
doors,484,0.061269
Enfin,484,0.061269
condescension,484,0.061269
Westhaven_Ladyship,478,0.06051
pleasure,477,0.060383
sister_,473,0.059877
Lordship_and,470,0.059497
It,466,0.058991
Lordship_had,466,0.058991
face,461,0.058358
coat,449,0.056839
grief,446,0.056459
Mrs_Crofts,445,0.056332
Stafford_would,444,0.056206
conversation,443,0.056079
path,442,0.055952
thro,441,0.055826
Millefleur,439,0.055573
Mrs_Carey,438,0.055446
spirits,432,0.054687
one,430,0.054433
servants,426,0.053927
Mr_Rochely,425,0.0538
hearing,425,0.0538
Monsieur_Le,421,0.053294
Westhaven_could,420,0.053168
letter,419,0.053041
Westhaven_sent,410,0.051902
affections,404,0.051142
terms,404,0.051142
Lordship_told,403,0.051015
trembling,403,0.051015
Westhaven_trembling,400,0.050636
sister_feared,400,0.050636
Stafford_looked,400,0.050636
nut,400,0.050636
alienation,400,0.050636
Ladyship_thought,400,0.050636
despair,395,0.050003
Jackman,395,0.050003
cruelty,394,0.049876
insults,394,0.049876
death,392,0.049623
This,392,0.049623
Miss_Lawson,383,0.048484
Westhaven_for,379,0.047977
thing,377,0.047724
Westhaven_brother,377,0.047724
We,377,0.047724
Stafford_owed,377,0.047724
meeting,370,0.046838
physician,367,0.046458
ambition,366,0.046332
Barret,364,0.046079
darkness,363,0.045952
Calais,359,0.045446
Lordship_thought,344,0.043547
Stafford_should,341,0.043167
Lordship_his,340,0.04304
Mr_Newton,339,0.042914
Newton,339,0.042914
amusement,338,0.042787
Stafford_consented,338,0.042787
Lordship_would,327,0.041395
Mr_Mowbray,327,0.041395
dress,326,0.041268
Mrs_Garnet,325,0.041142
Garnet,325,0.041142
Stafford_partook,325,0.041142
pains,325,0.041142
Lordship_said,324,0.041015
harp,324,0.041015
lessons,324,0.041015
instrument_,324,0.041015
Stafford_willingly,324,0.041015
character,321,0.040635
pride,319,0.040382
means,319,0.040382
England,317,0.040129
Fortune,317,0.040129
temper,316,0.040002
absence,314,0.039749
rank,311,0.039369
length,310,0.039243
intelligence,306,0.038736
voice,304,0.038483
station_delighted,298,0.037724
violence,295,0.037344
power,294,0.037217
fortune,294,0.037217
Baron_wished,293,0.037091
T,287,0.036331
Stafford_then,283,0.035825
ladies,283,0.035825
country,280,0.035445
speech,279,0.035318
we,277,0.035065
Miss_Galton,276,0.034939
Galton,276,0.034939
Madam,275,0.034812
hazard,272,0.034432
agitation,265,0.033546
vexation,261,0.03304
residence,261,0.03304
spirit,260,0.032913
arguments,257,0.032533
insensible,256,0.032407
Stafford_a,256,0.032407
Stafford_believed,256,0.032407
instruction_and,256,0.032407
Stafford_hoped,255,0.03228
sister_had,255,0.03228
something,255,0.03228
terror,255,0.03228
A,254,0.032154
Westhaven_would,251,0.031774
valet,248,0.031394
scheme,242,0.030635
Lordship_found,241,0.030508
subject,239,0.030255
Westhaven_to,239,0.030255
attachment,236,0.029875
Stafford_death,235,0.029748
board,233,0.029495
honour,230,0.029116
presence,228,0.028862
Miss_the,225,0.028483
Lordship_believes,225,0.028483
consultation,225,0.028483
months,225,0.028483
sister_thought,225,0.028483
Madame_,225,0.028483
enquiries,225,0.028483
Ladyship_agreed,225,0.028483
eyes,221,0.027976
Westhaven_foresaw,221,0.027976
C,219,0.027723
imagination,218,0.027596
characters,218,0.027596
proprietor,217,0.02747
looks,214,0.02709
vanity,213,0.026964
regard,212,0.026837
parents,209,0.026457
Mrs_St,207,0.026204
persons,203,0.025698
mistress_,202,0.025571
policy,200,0.025318
cast_of,200,0.025318
merchants,200,0.025318
nothing,198,0.025065
If,197,0.024938
restoration_Mr,196,0.024812
Stafford_his,196,0.024812
steward_,196,0.024812
colonel,194,0.024558
title,193,0.024432
Westhaven_saw,192,0.024305
Westhaven_consented,192,0.024305
boy,187,0.023672
Westhaven_now,186,0.023546
Lordship_to,183,0.023166
children,181,0.022913
evening,180,0.022786
town,179,0.022659
station_retailed,178,0.022533
expedients,177,0.022406
Stafford_was,175,0.022153
interview,175,0.022153
account,174,0.022027
Westhaven_was,173,0.0219
Stafford_came,173,0.0219
friendship,172,0.021773
might,171,0.021647
purpose,171,0.021647
body,170,0.02152
countenances,170,0.02152
acquisition,169,0.021394
Stafford_spirits,169,0.021394
candour,169,0.021394
trust_,169,0.021394
paces,169,0.021394
dialogue,169,0.021394
Parkinson,169,0.021394
contempt,169,0.021394
Stafford_delivered,169,0.021394
Lordship_by,169,0.021394
attention,166,0.021014
severity,164,0.020761
illness,162,0.020507
child,161,0.020381
return,161,0.020381
morning,161,0.020381
Nothing,161,0.020381
niece,160,0.020254
fears,159,0.020128
marriage,158,0.020001
assiduity,158,0.020001
crime,155,0.019621
advances,155,0.019621
thoughts,152,0.019242
Bancraft,151,0.019115
envy,150,0.018988
passions,150,0.018988
wood,150,0.018988
Lordship_therefore,149,0.018862
endurance,148,0.018735
Ladyship_could,148,0.018735
reflections,147,0.018609
beauty,146,0.018482
ho,146,0.018482
Dublin_,144,0.018229
air,144,0.018229
fugitive,144,0.018229
fashion,144,0.018229
Why,144,0.018229
Westhaven_went,144,0.018229
derangement,144,0.018229
Lordship_added,144,0.018229
remembrance,144,0.018229
qualms,144,0.018229
conquest_snatched,144,0.018229
volatility,144,0.018229
Stafford_young,144,0.018229
France,143,0.018102
sun,143,0.018102
Mrs_Watkins,140,0.017723
Watkins,140,0.017723
home,139,0.017596
civility,138,0.017469
news,138,0.017469
knowledge,137,0.017343
compassion,137,0.017343
Westhaven_raptures,137,0.017343
raptures,137,0.017343
room,134,0.016963
W,134,0.016963
manners,133,0.016836
indignation,132,0.01671
nobleman,132,0.01671
uncle,131,0.016583
coach,131,0.016583
paper,131,0.016583
measure,131,0.016583
Ireland,131,0.016583
Stafford_pressed,130,0.016457
travellers,130,0.016457
sight,128,0.016203
love,127,0.016077
door,127,0.016077
languor,125,0.015824
conduct,125,0.015824
Stafford_remembered,125,0.015824
appearance,125,0.015824
Marchioness,125,0.015824
regiment,125,0.015824
party,124,0.015697
houses,122,0.015444
Stafford_employed,122,0.015444
sister_dispatched,122,0.015444
Stafford_never,122,0.015444
Lordship_s,121,0.015317
streets_,121,0.015317
Stafford_asked,121,0.015317
addox,121,0.015317
pain,121,0.015317
Ladyship_ordered,121,0.015317
women,121,0.015317
Lordship_answers,121,0.015317
impression,121,0.015317
Stafford_no,121,0.015317
justice_to,121,0.015317
employer,121,0.015317
Westhaven_hardly,121,0.015317
request_agreed,121,0.015317
sister_could,121,0.015317
acquiescence,121,0.015317
Westhaven_fair,121,0.015317
sister_in,121,0.015317
Spring,121,0.015317
His,119,0.015064
besought,118,0.014938
influence,118,0.014938
tender,117,0.014811
will,117,0.014811
tears,117,0.014811
information,116,0.014684
connections,116,0.014684
health,116,0.014684
Stafford_begged,115,0.014558
age,115,0.014558
preference,115,0.014558
question_,115,0.014558
affection,114,0.014431
events,114,0.014431
Lordship_did,113,0.014305
Yes,112,0.014178
payment,112,0.014178
passion,111,0.014051
partiality,111,0.014051
share,110,0.013925
Westhaven_thought,110,0.013925
nobody,110,0.013925
uneasiness,110,0.013925
fondness,110,0.013925
solicitude,109,0.013798
Stafford_might,109,0.013798
Stafford_addressed,109,0.013798
sister_of,109,0.013798
Lordship_entered,109,0.013798
P,109,0.013798
God,109,0.013798
Stafford_endeavoured,109,0.013798
Lordship_having,109,0.013798
entrance,107,0.013545
Swansea,107,0.013545
flattery,105,0.013292
stranger_,104,0.013165
quickness,104,0.013165
Westhaven_wore,104,0.013165
arms,103,0.013039
Westhaven_pronounced,101,0.012786
courage,101,0.012786
Lord_here,101,0.012786
splendour,101,0.012786
observation,100,0.012659
remonstrance_with,100,0.012659
calmness,100,0.012659
Stafford_also,100,0.012659
confederates,100,0.012659
Lord_entered,100,0.012659
possibility,100,0.012659
Miss_Augusta,100,0.012659
gleam,100,0.012659
reproach,100,0.012659
encreasing,99,0.012532
Miss_Jobson,99,0.012532
Jobson,99,0.012532
existence_or,98,0.012406
wait,98,0.012406
roughness,98,0.012406
dependants,97,0.012279
Stafford_advised,97,0.012279
visit,97,0.012279
acquaintance,97,0.012279
Baron_,96,0.012153
degree,95,0.012026
conference,94,0.011899
authority,91,0.01152
advantages,91,0.01152
Westhaven_found,90,0.011393
end,90,0.011393
rage,90,0.011393
sister_urged,90,0.011393
sorrow,87,0.011013
genius,87,0.011013
Mrs_Bancraft,87,0.011013
companion,86,0.010887
Ladyship_propose,85,0.01076
simplicity,85,0.01076
gentlemen,85,0.01076
Ladyship_said,85,0.01076
Westhaven_first,85,0.01076
urely,85,0.01076
Headly,85,0.01076
event,84,0.010634
infant,84,0.010634
expression,84,0.010634
hand,83,0.010507
Lordship_could,83,0.010507
years,83,0.010507
Jonathan,83,0.010507
Huggins,83,0.010507
mortifications,83,0.010507
interference,82,0.01038
Stafford_hastily,82,0.01038
Westhaven_Lordship,82,0.01038
rocks,82,0.01038
brothers,82,0.01038
hopes,82,0.01038
tediousness,81,0.010254
Stafford_fancied,81,0.010254
hands,81,0.010254
day,81,0.010254
prints,81,0.010254
caresses,81,0.010254
animal,81,0.010254
Mr_and,81,0.010254
tenants,81,0.010254
soldier,81,0.010254
Sir_answered,81,0.010254
Stafford_instantly,81,0.010254
shelves,81,0.010254
swallow,81,0.010254
sparrow,81,0.010254
daw,81,0.010254
Stafford_the,81,0.010254
oak,81,0.010254
pine,81,0.010254
menace,81,0.010254
invective,81,0.010254
grandfather,81,0.010254
judges,81,0.010254
Westhaven_assured,80,0.010127
manner,80,0.010127
carriage,80,0.010127
Westhaven_laid,80,0.010127
daughters,79,0.010001
relationship,78,0.009874
departure,78,0.009874
relation,77,0.009747
Lordship_will,77,0.009747
Farewel,77,0.009747
Stafford_attempted,76,0.009621
goodness,76,0.009621
infatuation,76,0.009621
girl,75,0.009494
part,75,0.009494
Olivier,74,0.009368
distraction_,74,0.009368
hostess_to,74,0.009368
motives,74,0.009368
Stafford_Mrs,73,0.009241
footman,73,0.009241
command,73,0.009241
sister_having,73,0.009241
sighs,72,0.009114
Westhaven_concluded,72,0.009114
penchant,72,0.009114
province,72,0.009114
Hugh,72,0.009114
speaker,72,0.009114
connection,71,0.008988
creature,71,0.008988
way,70,0.008861
fatigue,70,0.008861
opportunity,70,0.008861
law,70,0.008861
relations,69,0.008735
despondence,69,0.008735
Berkley,69,0.008735
May,69,0.008735
avidity,68,0.008608
directions,68,0.008608
Stafford_have,68,0.008608
remonstrances_of,67,0.008481
B,66,0.008355
moment,66,0.008355
consequence,66,0.008355
company,65,0.008228
pity,65,0.008228
politician,65,0.008228
R,65,0.008228
sense,65,0.008228
falsehood,65,0.008228
walk,65,0.008228
assistance_of,64,0.008102
Westhaven_says,64,0.008102
Stafford_remonstrated,64,0.008102
feeling,64,0.008102
sagacity,64,0.008102
ommands,64,0.008102
renewal,64,0.008102
Mr_Trelawny,64,0.008102
Sir_to,64,0.008102
memorandum,64,0.008102
felicity,64,0.008102
cureless,64,0.008102
calamity,64,0.008102
circumstances_made,64,0.008102
stranger_should,64,0.008102
sharpness,64,0.008102
instances_in,64,0.008102
Lordship_know,64,0.008102
justice_as,64,0.008102
Stafford_wore,64,0.008102
happiness,63,0.007975
lodgings,62,0.007849
Westhaven_gave,62,0.007849
consideration,62,0.007849
Peer,62,0.007849
likeness,62,0.007849
approach,61,0.007722
Westhaven_attempts,61,0.007722
Percival,61,0.007722
reception,59,0.007469
Stafford_attempt,58,0.007342
morrow,58,0.007342
Westhaven_meditated,58,0.007342
object,58,0.007342
acquisitions,58,0.007342
sister_somewhat,58,0.007342
estate_,57,0.007216
table,57,0.007216
Mr_Percival,57,0.007216
elegance,56,0.007089
application,56,0.007089
concern,56,0.007089
vivacity,56,0.007089
skill,55,0.006962
apartment,55,0.006962
eagerness,55,0.006962
displeasure,55,0.006962
reputation,55,0.006962
Stafford_with,54,0.006836
Dr_Gardner,54,0.006836
Gardner,54,0.006836
sweetness,54,0.006836
place,54,0.006836
apprehensions,54,0.006836
blood,54,0.006836
affair,54,0.006836
anguish,53,0.006709
Lordship_no,53,0.006709
E,53,0.006709
horses,53,0.006709
cit,53,0.006709
vehemence,52,0.006583
scene,51,0.006456
treatment,51,0.006456
cloud,51,0.006456
eye,51,0.006456
Lordship_should,51,0.006456
papers,50,0.006329
Stafford_scorned,50,0.006329
Westhaven_met,50,0.006329
carriages,50,0.006329
Lordship_hurried,50,0.006329
whisper,50,0.006329
Mrs_Barret,50,0.006329
pistol_had,50,0.006329
unhappiness,50,0.006329
interest_my,50,0.006329
Stafford_recommended,49,0.006203
marble,49,0.006203
Stafford_conceived,49,0.006203
Stafford_that,49,0.006203
evils,49,0.006203
prejudices,49,0.006203
Westhaven_communicated,49,0.006203
Westhaven_refused,49,0.006203
orders,49,0.006203
accommodation,49,0.006203
Westhaven_forget,49,0.006203
reparation,49,0.006203
dreams,49,0.006203
gloom,49,0.006203
laws,49,0.006203
square,49,0.006203
deportment,49,0.006203
Wales,49,0.006203
restoration_of,49,0.006203
estate_to,49,0.006203
owner,49,0.006203
Lordship_answered,49,0.006203
pathos,49,0.006203
Stafford_wife,49,0.006203
puppets,49,0.006203
officer,48,0.006076
Baron_at,48,0.006076
us,48,0.006076
St_Laure,48,0.006076
Laure,48,0.006076
entreaties,48,0.006076
ray,48,0.006076
Bancrafts,47,0.00595
avarice,47,0.00595
families,47,0.00595
books,46,0.005823
madam,46,0.005823
rival,46,0.005823
heir,46,0.005823
Stafford_desired,46,0.005823
anxiety,45,0.005697
Baron_and,45,0.005697
Baron_father,45,0.005697
determination,45,0.005697
reason,45,0.005697
steadiness_shewed,45,0.005697
point,45,0.005697
chaise,44,0.00557
Port,44,0.00557
L,44,0.00557
O,44,0.00557
ties,44,0.00557
profession,44,0.00557
horse,44,0.00557
George,43,0.005443
apprehension,43,0.005443
arm,43,0.005443
warmth,43,0.005443
address,41,0.00519
admiration,41,0.00519
Ladyship_feel,41,0.00519
witnesses,41,0.00519
estate_which,41,0.00519
prospect,41,0.00519
Lordship_was,41,0.00519
lawyers,41,0.00519
persuasion,40,0.005064
efforts,40,0.005064
Lordship_introduced,40,0.005064
commission,40,0.005064
figure,40,0.005064
rient,40,0.005064
Baron_landing,40,0.005064
landing,40,0.005064
h,40,0.005064
erhaps,40,0.005064
John,40,0.005064
Sir_had,40,0.005064
parlour,39,0.004937
none,39,0.004937
And,39,0.004937
gaiety,39,0.004937
sensibility,39,0.004937
Madame_Mowbray,39,0.004937
Westhaven_not,38,0.00481
men,38,0.00481
world,38,0.00481
attempt,38,0.00481
lover,38,0.00481
Westhaven_sometimes,38,0.00481
indigence,38,0.00481
malignity,38,0.00481
glass,38,0.00481
tale,38,0.00481
questions_Delamere,38,0.00481
form,38,0.00481
master_s,38,0.00481
Mr_Headly,38,0.00481
grandson,38,0.00481
ut,37,0.004684
Westhaven_seemed,37,0.004684
H,37,0.004684
youth,37,0.004684
silence,37,0.004684
Westhaven_felt,37,0.004684
assistance_,37,0.004684
rectitude,37,0.004684
Pride,37,0.004684
support,37,0.004684
powers,37,0.004684
utterance,37,0.004684
hing,37,0.004684
sister_knew,37,0.004684
Mr_Hanbury,37,0.004684
Hanbury,37,0.004684
Stafford_expressed,37,0.004684
Stafford_passed,37,0.004684
circumstance_which,37,0.004684
Lord_is,36,0.004557
style_,36,0.004557
embarrassment,36,0.004557
dejection,36,0.004557
sister_felt,36,0.004557
Ladyship_never,36,0.004557
stars_for,36,0.004557
what,36,0.004557
Stafford_forgot,36,0.004557
reserve,36,0.004557
competitors,36,0.004557
Earl,36,0.004557
Stafford_ready,36,0.004557
threats,36,0.004557
cottage,36,0.004557
Stafford_talked,36,0.004557
rivalry,36,0.004557
None,36,0.004557
instance_of,36,0.004557
Stafford_represented,36,0.004557
Cathcart,36,0.004557
narration,36,0.004557
Capitaine,36,0.004557
stratagem_put,36,0.004557
Captain_,36,0.004557
Stornaway_,36,0.004557
Stafford_is,36,0.004557
Westhaven_came,36,0.004557
eloquence,36,0.004557
Stafford_understanding,36,0.004557
understanding_must,36,0.004557
Stafford_added,36,0.004557
humour,36,0.004557
strength_of,36,0.004557
firmness,36,0.004557
Stafford_having,36,0.004557
sister_smiled,36,0.004557
village,35,0.004431
projects,35,0.004431
Lordship_knows,35,0.004431
Miss_Miss,34,0.004304
shewn,34,0.004304
sister_therefore,34,0.004304
fever,34,0.004304
Stafford_considered,34,0.004304
asperity,34,0.004304
reproaches,34,0.004304
French,34,0.004304
hour,34,0.004304
Lordship_concluded,34,0.004304
yesterday_,34,0.004304
declarations,34,0.004304
rapacity,34,0.004304
My,33,0.004177
Baron_went,33,0.004177
birth,33,0.004177
Nobody,33,0.004177
behaviour,33,0.004177
Seine,33,0.004177
dictionary,33,0.004177
Love,32,0.004051
Westhaven_might,32,0.004051
Stafford_ineffectually,32,0.004051
tongue,32,0.004051
Westhaven_interposed,32,0.004051
Castle_meditated,32,0.004051
b,32,0.004051
sister_wished,32,0.004051
Lordship_forgets,32,0.004051
hope,31,0.003924
veteran,31,0.003924
desire,30,0.003798
satisfaction,30,0.003798
Englishman,30,0.003798
Stafford_heard,30,0.003798
Ladyship_had,30,0.003798
forbore,30,0.003798
kindness,30,0.003798
Heaven,30,0.003798
Don,30,0.003798
madness,30,0.003798
Englishmen,30,0.003798
doctor,30,0.003798
opinions,30,0.003798
groom,30,0.003798
stay_in,29,0.003671
variety,29,0.003671
Square,29,0.003671
messenger,29,0.003671
sighing,29,0.003671
pacquet,29,0.003671
indulgence,29,0.003671
Lord_to,29,0.003671
amusements,29,0.003671
and,29,0.003671
look,29,0.003671
Westhaven_eagerly,29,0.003671
master_could,29,0.003671
master_,29,0.003671
prejudice,28,0.003545
promise,28,0.003545
Westhaven_did,28,0.003545
colour,28,0.003545
Mary,28,0.003545
Stafford_wished,27,0.003418
intreaties,27,0.003418
danger,27,0.003418
post_town,27,0.003418
suddenness,27,0.003418
confidence,27,0.003418
service,27,0.003418
timidity,27,0.003418
D,27,0.003418
Lady_Mary,27,0.003418
Stafford_again,26,0.003291
June,26,0.003291
rejection,26,0.003291
measures,26,0.003291
understanding_,26,0.003291
copse,26,0.003291
Sir_could,26,0.003291
quotation,26,0.003291
author,26,0.003291
Lordship_soon,26,0.003291
refusal,26,0.003291
Stafford_has,26,0.003291
Stafford_advancing,26,0.003291
yourself,26,0.003291
perseverance,26,0.003291
taste_,26,0.003291
themselves,26,0.003291
rigour,26,0.003291
Westhaven_tenderness,25,0.003165
scruples,25,0.003165
methods,25,0.003165
Stafford_conduct,25,0.003165
imitation,25,0.003165
patron,25,0.003165
pacquets,25,0.003165
project,25,0.003165
Baron_embraced,25,0.003165
Westhaven_Lady,25,0.003165
Westhaven_addresses,25,0.003165
cavern,25,0.003165
Westhaven_a,25,0.003165
Ladyship_impeded,25,0.003165
note,25,0.003165
disappearance,25,0.003165
disobedience,25,0.003165
faith,25,0.003165
complaints,25,0.003165
enquiry,25,0.003165
state_which,25,0.003165
waters,25,0.003165
trout,25,0.003165
stream_formed,25,0.003165
Westhaven_countenance,25,0.003165
Westhaven_prevailed,25,0.003165
Westhaven_again,25,0.003165
justification_assures,25,0.003165
justification_,25,0.003165
Lordshiphis_Lordship,25,0.003165
date,25,0.003165
certificate,25,0.003165
progress,25,0.003165
circumstances_calculated,25,0.003165
Tylehurst_,25,0.003165
counsellor,25,0.003165
sister_said,25,0.003165
Westhaven_left,25,0.003165
turning,25,0.003165
picture,25,0.003165
Stafford_absolutely,25,0.003165
Westhaven_our,25,0.003165
piazza,25,0.003165
Sir_then,25,0.003165
regularity,25,0.003165
taste_and,25,0.003165
pursuits,25,0.003165
Stafford_immediately,25,0.003165
climates,25,0.003165
grumbling,25,0.003165
sheriff,25,0.003165
officers,25,0.003165
mourner,25,0.003165
view,25,0.003165
Mr_Elkerton,25,0.003165
insult,25,0.003165
Lordship_of,25,0.003165
Milor,25,0.003165
Baptiste_put,25,0.003165
mistress_to,25,0.003165
Westhaven_kept,25,0.003165
Stafford_grew,25,0.003165
Stafford_wishes,25,0.003165
miles,25,0.003165
mine,25,0.003165
veil,25,0.003165
Lordship_recommending,25,0.003165
Captain_will,25,0.003165
Norfolk,25,0.003165
abode,25,0.003165
Lordship_your,25,0.003165
Stafford_capable,25,0.003165
sanguine,25,0.003165
lawyer,25,0.003165
expence,25,0.003165
importunity,25,0.003165
Nanny,25,0.003165
Dublin_the,25,0.003165
Stafford_dark,25,0.003165
hair,25,0.003165
Stafford_long,25,0.003165
lashes,25,0.003165
stranger_maid,25,0.003165
articles,25,0.003165
fate,24,0.003038
delay,24,0.003038
fear,24,0.003038
perfidy,24,0.003038
traces,24,0.003038
Otley,24,0.003038
effort,24,0.003038
dependance,24,0.003038
submissions,24,0.003038
half,23,0.002912
circumstance_that,22,0.002785
answer,22,0.002785
Westhaven_tried,22,0.002785
Miss_Otley,22,0.002785
safety,22,0.002785
pensioner,22,0.002785
injury,21,0.002658
antipathy,21,0.002658
Augusta_,21,0.002658
Stafford_frequently,21,0.002658
task,21,0.002658
expressions,21,0.002658
accounts,21,0.002658
necessity,21,0.002658
Charles,21,0.002658
pounds,20,0.002532
excellence,20,0.002532
being,20,0.002532
word,20,0.002532
difficulty,20,0.002532
elder,20,0.002532
Baron_was,20,0.002532
Westhaven_perhaps,20,0.002532
rest_had,20,0.002532
Westhaven_sister,20,0.002532
care,20,0.002532
Woodfield,20,0.002532
myself,20,0.002532
Stafford_seemed,20,0.002532
error,20,0.002532
disarrangement,20,0.002532
Stafford_affairs,20,0.002532
accents,20,0.002532
disappointments,20,0.002532
nature,20,0.002532
Stafford_struggling,20,0.002532
Stafford_own,20,0.002532
Dutchess_of,20,0.002532
Accident,19,0.002405
Lordship_wished,19,0.002405
persuasions,19,0.002405
Lady_Miss,19,0.002405
message,19,0.002405
Nov,19,0.002405
Westhaven_has,19,0.002405
sentiments,19,0.002405
Stafford_prepared,18,0.002279
Ladyship_rank,18,0.002279
Westhaven_besought,18,0.002279
coldness,18,0.002279
presumption,18,0.002279
disappointment,18,0.002279
watch,18,0.002279
offer,18,0.002279
circumstances_,18,0.002279
curiosity,18,0.002279
MEMORANDUM,18,0.002279
harshness,18,0.002279
weakness,18,0.002279
Stafford_fears,18,0.002279
moon,18,0.002279
placability,18,0.002279
struggle_,18,0.002279
Westhaven_immediately,18,0.002279
Avarice,18,0.002279
Stafford_continued,18,0.002279
compliance,18,0.002279
Monsieur_Croff,18,0.002279
Croff,18,0.002279
suspicions,18,0.002279
accusations,18,0.002279
loveliness,18,0.002279
Stafford_hastened,18,0.002279
engagement,17,0.002152
pause,17,0.002152
What,17,0.002152
ground,17,0.002152
alliance,17,0.002152
Besancon,17,0.002152
attempts,17,0.002152
Lordship_dispatched,17,0.002152
Lordship_met,17,0.002152
Miss_,17,0.002152
motive,17,0.002152
boys,17,0.002152
delina,17,0.002152
gratification,17,0.002152
objections,17,0.002152
Stafford_entering,17,0.002152
sister_own,17,0.002152
delicacy,17,0.002152
side,17,0.002152
union,17,0.002152
priest_,17,0.002152
interest_may,17,0.002152
Plutus,17,0.002152
Lordship_may,17,0.002152
Stafford_in,17,0.002152
Come,17,0.002152
Lady_Camilla,17,0.002152
Camilla,17,0.002152
Stafford_children,16,0.002025
interest_conquering,16,0.002025
surgeon,16,0.002025
Tenez,16,0.002025
M,16,0.002025
drinking,16,0.002025
spring,16,0.002025
scenes,16,0.002025
Stafford_readily,16,0.002025
Stafford_sent,16,0.002025
shewing,16,0.002025
Ladyship_found,16,0.002025
advantage,16,0.002025
Westhaven_health,16,0.002025
expences,16,0.002025
rain,16,0.002025
lunatic,16,0.002025
ather,16,0.002025
repining,16,0.002025
post_chaise,16,0.002025
settlements,16,0.002025
pregnancy,16,0.002025
claim,16,0.002025
disuse,16,0.002025
gad,16,0.002025
groans,16,0.002025
dog,16,0.002025
opposition,16,0.002025
circumstance_of,16,0.002025
sister_has,16,0.002025
sister_anxiously,16,0.002025
Westhaven_so,16,0.002025
cast_about,16,0.002025
brows,16,0.002025
Lordship_thanked,16,0.002025
ears,16,0.002025
use,16,0.002025
Westhaven_testified,16,0.002025
guests_to,16,0.002025
Lordship_betrayed,16,0.002025
Sir_sternly,16,0.002025
Sir_arrival,16,0.002025
thinking,16,0.002025
ceremony,16,0.002025
ardour,16,0.002025
sister_brother,16,0.002025
luck,16,0.002025
relish,16,0.002025
naivete,16,0.002025
flambeau,16,0.002025
sneer,16,0.002025
steward_grown,16,0.002025
courts,16,0.002025
Lordship_directed,16,0.002025
cela,16,0.002025
portion,16,0.002025
extremities,16,0.002025
lamp,16,0.002025
turn,16,0.002025
agent,16,0.002025
interruption,16,0.002025
remonstrance_of,16,0.002025
state_did,16,0.002025
Lordship_entirely,16,0.002025
advice,16,0.002025
Lordship_think,16,0.002025
addresses,16,0.002025
Westhaven_hastened,16,0.002025
gratitude,16,0.002025
livery,16,0.002025
Stafford_pursued,16,0.002025
weeds,16,0.002025
services,16,0.002025
scruple,16,0.002025
sister_received,16,0.002025
separation,16,0.002025
trial,16,0.002025
Stafford_sincerely,16,0.002025
soul,16,0.002025
obsequious,16,0.002025
ship,16,0.002025
mates,16,0.002025
Scotland,16,0.002025
wretch,16,0.002025
Orders,16,0.002025
behalf,16,0.002025
tempers,16,0.002025
rules,16,0.002025
Lordship_admired,16,0.002025
Westhaven_with,16,0.002025
destiny_had,16,0.002025
drawer,16,0.002025
glances,16,0.002025
Lordship_horse,16,0.002025
incident,16,0.002025
sister_into,16,0.002025
disposal,16,0.002025
strictness_of,16,0.002025
principle,16,0.002025
labourer,15,0.001899
seigneur,15,0.001899
attendant,15,0.001899
Ladyship_s,15,0.001899
wind,15,0.001899
prosperity,15,0.001899
hall,15,0.001899
tenderness,14,0.001772
Paris,14,0.001772
cause,14,0.001772
malice,14,0.001772
description,14,0.001772
English,14,0.001772
journey,14,0.001772
image,14,0.001772
state_of,14,0.001772
endeavours,14,0.001772
sickness,14,0.001772
surgeons,14,0.001772
noise,14,0.001772
aunt,14,0.001772
hours,14,0.001772
folly,14,0.001772
affectation,14,0.001772
Betty,14,0.001772
education,14,0.001772
parties,13,0.001646
times,13,0.001646
Lord_orders,13,0.001646
Westhaven_then,13,0.001646
distress_,13,0.001646
kind,13,0.001646
Where,13,0.001646
consequences,13,0.001646
Ladyship_to,13,0.001646
Lordship_heard,13,0.001646
memory,13,0.001646
composure,13,0.001646
agony,13,0.001646
remedy,13,0.001646
sacrifice,13,0.001646
tone,13,0.001646
Miss_Stavordale,13,0.001646
innocence,13,0.001646
circumstances_would,13,0.001646
gossip,13,0.001646
resemblance,13,0.001646
villain,13,0.001646
sigh,13,0.001646
meline,13,0.001646
F,13,0.001646
Baron_expressed,13,0.001646
wretchedness,13,0.001646
chambre,13,0.001646
moments,13,0.001646
Lordship_took,13,0.001646
assiduities,13,0.001646
nights,13,0.001646
bankers,13,0.001646
footmen,13,0.001646
Ah,13,0.001646
Westhaven_easily,13,0.001646
Stafford_expected,13,0.001646
Stafford_listened,13,0.001646
conductor,13,0.001646
field,13,0.001646
sports,13,0.001646
boat,12,0.001519
earth,12,0.001519
Baron_had,12,0.001519
proposal,12,0.001519
master_occupied,12,0.001519
angel,12,0.001519
sister_may,12,0.001519
jealousy,12,0.001519
porter,12,0.001519
inhabitants,12,0.001519
Westhaven_promised,12,0.001519
quarrel,12,0.001519
Madame_had,12,0.001519
justice_advancing,12,0.001519
anger,11,0.001392
delight,11,0.001392
visions,11,0.001392
trees,11,0.001392
neighbourhood,11,0.001392
feelings,11,0.001392
notice,11,0.001392
fire,11,0.001392
city,11,0.001392
Westhaven_read,11,0.001392
candle,11,0.001392
Cleveland,11,0.001392
Stafford_delighted,11,0.001392
independant,10,0.001266
Fancy,10,0.001266
solitude,10,0.001266
intellects,10,0.001266
accident,10,0.001266
steward_Maloney,10,0.001266
17,10,0.001266
trouble,10,0.001266
somebody,10,0.001266
companions,10,0.001266
Monsieur_,10,0.001266
circumstances_that,10,0.001266
attendance,10,0.001266
interval,10,0.001266
supposition,10,0.001266
Stafford_still,10,0.001266
argument,10,0.001266
laugh,10,0.001266
sea,10,0.001266
peasants,10,0.001266
reflection,10,0.001266
lamere,10,0.001266
dignity,10,0.001266
Lordship_ought,10,0.001266
Lordship_rang,10,0.001266
evasion,10,0.001266
inability,10,0.001266
nurse,10,0.001266
passage,10,0.001266
history_of,10,0.001266
Lady_had,10,0.001266
knees,10,0.001266
Audley,10,0.001266
Hall,10,0.001266
antient,10,0.001266
British,10,0.001266
Nobility,10,0.001266
wounds,10,0.001266
sailor,10,0.001266
stars_were,10,0.001266
mama,10,0.001266
lovers,10,0.001266
talents,10,0.001266
Darnford,10,0.001266
whole,10,0.001266
grocer,10,0.001266
explanation,9,0.001139
probity,9,0.001139
Lord_hired,9,0.001139
declaration,9,0.001139
slumber,9,0.001139
Reason,9,0.001139
protection,9,0.001139
Ladyship_are,9,0.001139
Stafford_first,9,0.001139
bride,9,0.001139
Lordship_owed,9,0.001139
Stafford_even,9,0.001139
suspence,9,0.001139
fortunes,9,0.001139
post_carried,9,0.001139
Berkeley,9,0.001139
iss,9,0.001139
dissimulation,9,0.001139
exhortation,9,0.001139
borders,9,0.001139
Hampshire,9,0.001139
East_India,9,0.001139
India,9,0.001139
Company,9,0.001139
extremity,9,0.001139
shop,9,0.001139
particulars,9,0.001139
station_arrival,9,0.001139
exaggeration,9,0.001139
station_invention,9,0.001139
invention,9,0.001139
Baron_still,9,0.001139
reluctance,9,0.001139
Westhaven_shared,9,0.001139
Westhaven_mother,9,0.001139
Westhaven_applied,9,0.001139
masses,9,0.001139
Mademoiselle,9,0.001139
praise,9,0.001139
chagrin,9,0.001139
Westhaven_Lord,9,0.001139
Westhaven_bathed,9,0.001139
Theresa,9,0.001139
Suzette,9,0.001139
consolatory,9,0.001139
Ladyship_gentleman,9,0.001139
affluence,9,0.001139
endeavour,9,0.001139
expedient,9,0.001139
Westhaven_violent,9,0.001139
Westhaven_immeasurable,9,0.001139
Westhaven_expressed,9,0.001139
shrieks,9,0.001139
Who,9,0.001139
Westhaven_yielded,9,0.001139
feebleness,9,0.001139
frame,9,0.001139
Westhaven_obtained,9,0.001139
murderer,9,0.001139
request_in,9,0.001139
impossibility,9,0.001139
Lordship_asked,9,0.001139
proposition,9,0.001139
Sir_delivered,9,0.001139
Sir_therefore,9,0.001139
Sir_brother,9,0.001139
abatement,9,0.001139
Westhaven_principally,9,0.001139
Stavordale_,9,0.001139
gifts,9,0.001139
ROBERT,9,0.001139
WALLACE,9,0.001139
BAPTISTE,9,0.001139
LA,9,0.001139
FERE,9,0.001139
sisterinlaw_might,9,0.001139
rashness,9,0.001139
writer,9,0.001139
Fame,9,0.001139
horror,9,0.001139
sister_were,9,0.001139
Stafford_arrival,9,0.001139
Stafford_conquering,9,0.001139
heirs,9,0.001139
bear,9,0.001139
sister_and,9,0.001139
resignation,9,0.001139
spectres,9,0.001139
exercise,9,0.001139
mention,9,0.001139
claims,9,0.001139
interposition,9,0.001139
catchings,9,0.001139
victim,9,0.001139
weaknesses,9,0.001139
oclock,9,0.001139
visionary,9,0.001139
Passion,9,0.001139
art,9,0.001139
fancy,9,0.001139
enclosures,9,0.001139
villages,9,0.001139
Ladyship_was,9,0.001139
parricide,9,0.001139
want,9,0.001139
graces,9,0.001139
doubts,9,0.001139
Thro,9,0.001139
stranger_that,9,0.001139
citizen,9,0.001139
abuse,9,0.001139
Rugby,9,0.001139
banker,9,0.001139
cards,9,0.001139
Sir_has,9,0.001139
No,9,0.001139
don,9,0.001139
respects,9,0.001139
Sir_tossed,9,0.001139
property,9,0.001139
hints,9,0.001139
circumstance_in,9,0.001139
dream,9,0.001139
reality,9,0.001139
sex,9,0.001139
creditors,9,0.001139
sale,9,0.001139
Information,9,0.001139
Lordship_pressed,9,0.001139
state_afforded,9,0.001139
card,9,0.001139
tables,9,0.001139
Duke_with,9,0.001139
judge,9,0.001139
hearts,9,0.001139
facility,9,0.001139
ward,9,0.001139
ingenuous,9,0.001139
Lordship_shewed,9,0.001139
Lordship_into,9,0.001139
mistress_own,9,0.001139
Lordship_never,9,0.001139
Lordship_daughter,9,0.001139
Lordship_re,9,0.001139
set,9,0.001139
sexes,9,0.001139
stranger_put,9,0.001139
help,9,0.001139
sopha,9,0.001139
fore,9,0.001139
consent,9,0.001139
post_brought,9,0.001139
Lordship_violent,9,0.001139
Mr_has,9,0.001139
do,9,0.001139
emotion,9,0.001139
pardonable,9,0.001139
representative,9,0.001139
sister_fears,9,0.001139
specimen,9,0.001139
Lordship_very,9,0.001139
protector,9,0.001139
Canary,9,0.001139
birds,9,0.001139
Lady_pulse,9,0.001139
pulse,9,0.001139
unconsciousness,9,0.001139
round,9,0.001139
ravage,9,0.001139
voices,9,0.001139
excess,9,0.001139
ruder,9,0.001139
inducement,9,0.001139
voyage,9,0.001139
Lieutenant,9,0.001139
estate_unincumbered,9,0.001139
precipitate,9,0.001139
freedoms,9,0.001139
Stafford_merely,9,0.001139
measles,9,0.001139
Autumn,9,0.001139
Stafford_turned,9,0.001139
Westhaven_received,9,0.001139
Lordship_assumed,9,0.001139
sister_remained,9,0.001139
creatures,9,0.001139
towers,9,0.001139
animadversions,9,0.001139
summons,9,0.001139
drawing,9,0.001139
aloney,9,0.001139
Stafford_descended,9,0.001139
mistress_know,9,0.001139
Stafford_smelling,9,0.001139
sorrows,9,0.001139
circumstances_injured,9,0.001139
peer,9,0.001139
sister_would,9,0.001139
partner,9,0.001139
Chearful,8,0.001013
tour,8,0.001013
forebodings,8,0.001013
Mrs_Grant,8,0.001013
Grant,8,0.001013
impropriety,8,0.001013
Westhaven_drew,8,0.001013
proof,8,0.001013
bench,8,0.001013
Westhaven_the,8,0.001013
Westhaven_took,8,0.001013
Ladyship_would,8,0.001013
pretensions,8,0.001013
remonstrance_might,8,0.001013
apartments,8,0.001013
Lordship_must,8,0.001013
Westhaven_entered,8,0.001013
misfortunes,8,0.001013
discovery,8,0.001013
engagements,8,0.001013
sensations,8,0.001013
misfortune,8,0.001013
Sir_seized,8,0.001013
Sir_tried,8,0.001013
Stafford_insisted,8,0.001013
Walter,8,0.001013
Westhaven_asked,8,0.001013
master_said,8,0.001013
gate,8,0.001013
Lordship_His,8,0.001013
refreshment,8,0.001013
embroidery,8,0.001013
Stafford_laughingly,8,0.001013
Lordship_refused,8,0.001013
adherence,8,0.001013
improbability,8,0.001013
desisting_,8,0.001013
pursuers,8,0.001013
stranger_would,8,0.001013
images,7,0.000886
benefit,7,0.000886
Lordship_knew,7,0.000886
sister_complained,7,0.000886
generosity,6,0.00076
possession,6,0.00076
impetuosity,6,0.00076
chamber,6,0.00076
Switzerland,6,0.00076
regret,6,0.00076
habite,6,0.00076
promises,6,0.00076
difficulties,6,0.00076
sister_looked,6,0.00076
transports,6,0.00076
master_had,6,0.00076
Lordship_then,6,0.00076
duty,6,0.00076
pencil,6,0.00076
Mrs_Lawson,6,0.00076
sister_at,6,0.00076
loss,5,0.000633
peace,5,0.000633
appointment,5,0.000633
thought,5,0.000633
Stafford_too,5,0.000633
Lordship_received,5,0.000633
tea,5,0.000633
removal,5,0.000633
indifference,5,0.000633
gallantry,5,0.000633
water,5,0.000633
prudence,5,0.000633
affront,5,0.000633
assurances,5,0.000633
adroitness,5,0.000633
qualities,5,0.000633
Ladyship_Her,5,0.000633
search,5,0.000633
respect,5,0.000633
supper,5,0.000633
terrors,5,0.000633
fierceness,5,0.000633
offices,5,0.000633
disdain,5,0.000633
horseback,5,0.000633
tints,5,0.000633
breeding,5,0.000633
considerations,5,0.000633
post_,5,0.000633
rest_of,5,0.000633
meanness,5,0.000633
who,5,0.000633
solicitations,5,0.000633
Stafford_made,5,0.000633
deed,5,0.000633
weeks,5,0.000633
boors,5,0.000633
cure,5,0.000633
invitation,5,0.000633
Stafford_deserved,5,0.000633
Westhaven_from,5,0.000633
Stafford_ought,5,0.000633
discourse,5,0.000633
school,5,0.000633
window,5,0.000633
forborne,5,0.000633
alarm,5,0.000633
sister_must,5,0.000633
Mrs_Brackley,5,0.000633
Brackley,5,0.000633
stairs_,5,0.000633
owls,5,0.000633
Westhaven_should,5,0.000633
Rousseau,5,0.000633
solicitous,5,0.000633
Lordship_desired,5,0.000633
Endeavour,5,0.000633
lad,5,0.000633
beings,5,0.000633
matron,5,0.000633
defects,5,0.000633
attachments,5,0.000633
Stornaway_father,5,0.000633
Stafford_hesitated,5,0.000633
winter,5,0.000633
mortification,5,0.000633
girls,5,0.000633
matter,5,0.000633
Stafford_entered,5,0.000633
politicians,5,0.000633
Lord_never,5,0.000633
Westhaven_unites,4,0.000506
disquietude,4,0.000506
Westhaven_at,4,0.000506
clamours,4,0.000506
sloop,4,0.000506
Cork,4,0.000506
story_,4,0.000506
patrimony,4,0.000506
understanding_might,4,0.000506
Stafford_affections,4,0.000506
Hope,4,0.000506
Stafford_internal,4,0.000506
Stafford_hurried,4,0.000506
Stafford_little,4,0.000506
Stafford_arms,4,0.000506
Stafford_pitied,4,0.000506
contemplations,4,0.000506
symptoms,4,0.000506
politics,4,0.000506
Stafford_application,4,0.000506
figures,4,0.000506
witness,4,0.000506
plainness,4,0.000506
steward_having,4,0.000506
howsomdever,4,0.000506
bed,4,0.000506
Lord_read,4,0.000506
sister_might,4,0.000506
sister_believed,4,0.000506
estate_crossed,4,0.000506
opinion,4,0.000506
landlady,4,0.000506
Baron_pressed,4,0.000506
Baron_English,4,0.000506
Westhaven_owned,4,0.000506
vallies,4,0.000506
Si,4,0.000506
distemper_broke,4,0.000506
conveyance,4,0.000506
wherefore,4,0.000506
Stafford_not,4,0.000506
Westhaven_writing,4,0.000506
Vexation,4,0.000506
favour,4,0.000506
errors,4,0.000506
chariot,4,0.000506
Ladyship_is,4,0.000506
Ladyship_entertains,4,0.000506
Ladyship_thanked,4,0.000506
heroism,4,0.000506
Westhaven_conduct,4,0.000506
Westhaven_physicians,4,0.000506
Lordship_saw,4,0.000506
Westhaven_cousins,4,0.000506
cousins,4,0.000506
fury,4,0.000506
hartshorn,4,0.000506
Westhaven_flew,4,0.000506
Westhaven_passion,4,0.000506
wealth,4,0.000506
complexion,4,0.000506
emotions,4,0.000506
paroxysm,4,0.000506
frankness,4,0.000506
observations,4,0.000506
intrusion,4,0.000506
sentiment,4,0.000506
question_was,4,0.000506
animosity,4,0.000506
challenge,4,0.000506
objection,4,0.000506
propriety,4,0.000506
Lady_Delamere,4,0.000506
Westhaven_soon,4,0.000506
Westhaven_astonishing,4,0.000506
worms,4,0.000506
Lord_expects,4,0.000506
exactness,4,0.000506
domain,4,0.000506
detail,4,0.000506
Lyons,4,0.000506
Lady_,4,0.000506
improvement,4,0.000506
studies_,4,0.000506
Baron_continued,4,0.000506
Clapham,4,0.000506
Stavordale_at,4,0.000506
zeal,4,0.000506
defamation,4,0.000506
correspondents,4,0.000506
pistols_,4,0.000506
incidents,4,0.000506
circles,4,0.000506
bore,4,0.000506
Stafford_deprecated,4,0.000506
Stafford_thoughts,4,0.000506
Stafford_unsettled,4,0.000506
sister_reason,4,0.000506
shudder,4,0.000506
consolation,4,0.000506
wish,4,0.000506
Stafford_mind,4,0.000506
workmen,4,0.000506
expedition,4,0.000506
Mounseer,4,0.000506
conductress,4,0.000506
stupor_took,4,0.000506
tread,4,0.000506
pebbles,4,0.000506
bathing,4,0.000506
token,4,0.000506
rash,4,0.000506
fiends,4,0.000506
arts,4,0.000506
pardon,4,0.000506
state_,4,0.000506
quarrels,4,0.000506
indiscretion,4,0.000506
clock,4,0.000506
study_,4,0.000506
Lordship_now,4,0.000506
Lordship_does,4,0.000506
imprudence,4,0.000506
case,4,0.000506
Stafford_violence,4,0.000506
let,4,0.000506
complaisant,4,0.000506
hostess_immediately,4,0.000506
wildness,4,0.000506
fields,4,0.000506
lands,4,0.000506
poles,4,0.000506
fewel,4,0.000506
beginning,4,0.000506
cousin,4,0.000506
blushes,4,0.000506
pressing,4,0.000506
Westhaven_still,4,0.000506
Stafford_hopes,4,0.000506
purposes,4,0.000506
purity,4,0.000506
monitor,4,0.000506
Stafford_got,4,0.000506
Lordship_makes,4,0.000506
concession,4,0.000506
Stafford_grief,4,0.000506
steadiness_seemed,4,0.000506
morals,4,0.000506
match,4,0.000506
Lordship_has,4,0.000506
familiarity,4,0.000506
Stafford_extreme,4,0.000506
opiates,4,0.000506
stay_can,4,0.000506
abilities,4,0.000506
Miss_What,4,0.000506
call,4,0.000506
gentlest_and,4,0.000506
Lady_is,4,0.000506
boundary,4,0.000506
ocean,4,0.000506
sixteenth,4,0.000506
cries,4,0.000506
ruins,4,0.000506
Stavordale_would,4,0.000506
master_took,4,0.000506
master_looked,4,0.000506
indisposition,4,0.000506
foreigner,4,0.000506
obscurity,4,0.000506
heaven,4,0.000506
itself,4,0.000506
Lordship_doubts,4,0.000506
Lordship_closed,4,0.000506
course,4,0.000506
minutes,4,0.000506
Westhaven_desired,4,0.000506
stay_Tho,4,0.000506
instances_of,4,0.000506
Stafford_tenderly,4,0.000506
Stafford_taking,4,0.000506
steadiness_Emmeline,4,0.000506
music,4,0.000506
ferocity,4,0.000506
iron,4,0.000506
insolence,4,0.000506
coolness,4,0.000506
dealer,4,0.000506
Southampton,4,0.000506
sister_know,4,0.000506
Maam,4,0.000506
circumstances_which,4,0.000506
acuteness,4,0.000506
oftener,4,0.000506
understanding_were,4,0.000506
Stafford_were,4,0.000506
training,4,0.000506
beauties,4,0.000506
post_which,4,0.000506
compliments,4,0.000506
chair,4,0.000506
close,4,0.000506
remarks,4,0.000506
Twice,4,0.000506
sensation,4,0.000506
draughts,4,0.000506
kerton,4,0.000506
paragraph,4,0.000506
newspaper,4,0.000506
duel,4,0.000506
distress_his,4,0.000506
turbulence,4,0.000506
weather,4,0.000506
hurricane,4,0.000506
sister_still,4,0.000506
postillion_could,4,0.000506
Lord_has,4,0.000506
Lady_opened,4,0.000506
questions_,4,0.000506
allowances,4,0.000506
diseases,4,0.000506
Mrs_Champness,4,0.000506
Champness,4,0.000506
views,4,0.000506
assailant,4,0.000506
foot,4,0.000506
outrage,4,0.000506
Chance,4,0.000506
Scots,4,0.000506
Stafford_lamented,4,0.000506
Lordship_letters,4,0.000506
reptile,4,0.000506
Augusta_set,4,0.000506
Sensible,4,0.000506
interest_to,4,0.000506
Stafford_quitting,4,0.000506
Stafford_wishing,4,0.000506
Lordship_believed,4,0.000506
persecution,4,0.000506
assurance,4,0.000506
hospitality,4,0.000506
Misses_anxiously,4,0.000506
novelists_describe,4,0.000506
Stafford_intended,4,0.000506
hill,4,0.000506
visitor,4,0.000506
philosophy,4,0.000506
parent,4,0.000506
possessor,4,0.000506
castle_bore,4,0.000506
interest_in,4,0.000506
Sir_Francis,4,0.000506
Francis,4,0.000506
Devereux,4,0.000506
Continent,4,0.000506
heiresses,4,0.000506
embellishment,4,0.000506
elegancies,4,0.000506
Orphan,4,0.000506
Castle_,4,0.000506
sister_likes,4,0.000506
crystal_contained,4,0.000506
Lough,4,0.000506
Carryl,4,0.000506
Lordship_declared,4,0.000506
Lordship_meditated,4,0.000506
copses,4,0.000506
hedge,4,0.000506
retirement,4,0.000506
pendant,4,0.000506
masters_who,4,0.000506
distinctions_would,4,0.000506
circumstances_have,4,0.000506
motherinlaw,4,0.000506
mistress_of,4,0.000506
Westhaven_behaved,4,0.000506
vow,4,0.000506
tidings,4,0.000506
sister_s,4,0.000506
sister_Lord,4,0.000506
Lord_had,4,0.000506
uncertainty,3,0.00038
Poor,3,0.00038
diminution,3,0.00038
tranquillity,3,0.00038
Ladyship_has,3,0.00038
wall,3,0.00038
nephew,3,0.00038
intentions,3,0.00038
change,3,0.00038
objects,3,0.00038
chain,3,0.00038
words,3,0.00038
riches,3,0.00038
waves,3,0.00038
Westhaven_do,2,0.000253
obligations,2,0.000253
Stafford_withdrew,2,0.000253
things,2,0.000253
caprice,2,0.000253
aversion,2,0.000253
Staines_,2,0.000253
Westhaven_ease,2,0.000253
ease,2,0.000253
attractions,2,0.000253
refuge,2,0.000253
projection,2,0.000253
intercourse,2,0.000253
destruction_of,2,0.000253
strides_advancing,2,0.000253
shriek,2,0.000253
vengeance,2,0.000253
intreating,2,0.000253
clergyman,2,0.000253
Stafford_can,2,0.000253
express,2,0.000253
Lordship_immediately,2,0.000253
Mr_Fitz,2,0.000253
reasons,2,0.000253
offence,2,0.000253
parts,2,0.000253
folks,2,0.000253
Lordship_seemed,2,0.000253
arrangement,2,0.000253
year,2,0.000253
widow,2,0.000253
historian_,2,0.000253
windows,2,0.000253
circumstances_it,2,0.000253
murmurs,2,0.000253
Sir_endeavoured,2,0.000253
gout,2,0.000253
Baron_sent,2,0.000253
Madame_his,2,0.000253
master_would,2,0.000253
office,2,0.000253
duplicity,2,0.000253
suspicion,2,0.000253
Westhaven_directed,2,0.000253
impressions,2,0.000253
ruffian,2,0.000253
plan,2,0.000253
cloaths,2,0.000253
Stafford_desires,2,0.000253
Mr_Thirston,2,0.000253
Thirston_could,2,0.000253
admirer,2,0.000253
Stafford_Mr,1,0.000127
billet,1,0.000127
destiny_has,1,0.000127
K,1,0.000127
appellation,1,0.000127
Mrs_Mrs,1,0.000127
buildings,1,0.000127
furniture,1,0.000127
delusions,1,0.000127
precaution,1,0.000127
Stafford_took,1,0.000127
Stafford_brother,1,0.000127
Stafford_seeing,1,0.000127
Stafford_about,1,0.000127
Stafford_accounted,1,0.000127
impertinence,1,0.000127
conjectures,1,0.000127
Stafford_for,1,0.000127
civilities,1,0.000127
market,1,0.000127
bustle_created,1,0.000127
pretence,1,0.000127
steward_of,1,0.000127
recollection,1,0.000127
anticipation,1,0.000127
raillery,1,0.000127
Germains,1,0.000127
post_I,1,0.000127
astonishment_and,1,0.000127
Ladyship_concluded,1,0.000127
castle_assembled,1,0.000127
sentence,1,0.000127
Westhaven_hearing,1,0.000127
sister_will,1,0.000127
sister_reached,1,0.000127
roots,1,0.000127
edge,1,0.000127
cold,1,0.000127
steadiness_to,1,0.000127
Ladyship_eyes,1,0.000127
Sir_Philip,1,0.000127
Philip,1,0.000127
Carnaby,1,0.000127
Lordship_wrote,1,0.000127
Lordship_confidence,1,0.000127
esteem_encreased,1,0.000127
Stafford_loved,1,0.000127
article,1,0.000127
fighting,1,0.000127
Bourgeois,1,0.000127
Gentilhomme,1,0.000127
hero,1,0.000127
Baronhis_son,1,0.000127
Baron_talked,1,0.000127
Westhaven_professed,1,0.000127
Westhaven_an,1,0.000127
lavender,1,0.000127
thyme,1,0.000127
rosemary,1,0.000127
mountain,1,0.000127
sage,1,0.000127
bending,1,0.000127
tops,1,0.000127
gift,1,0.000127
master_directed,1,0.000127
ince,1,0.000127
perfections,1,0.000127
Stafford_rejoined,1,0.000127
unkindness,1,0.000127
Stafford_at,1,0.000127
Stafford_left,1,0.000127
tremblingly,1,0.000127
number,1,0.000127
suitors,1,0.000127
hile,1,0.000127
permission,1,0.000127
infelicity,1,0.000127
Butler,1,0.000127
Ladyship_so,1,0.000127
Ladyship_dress,1,0.000127
Ladyship_seldom,1,0.000127
raves,1,0.000127
ad,1,0.000127
divorce,1,0.000127
public,1,0.000127
Bath,1,0.000127
obstinacy_,1,0.000127
Their,1,0.000127
brook,1,0.000127
woodcutter,1,0.000127
Lord_Dornock,1,0.000127
Dornock,1,0.000127
Lord_would,1,0.000127
questions_which,1,0.000127
Lordship_renewed,1,0.000127
The,1,0.000127
marriages,1,0.000127
assistance_journey,1,0.000127
gentleness,1,0.000127
consciousness,1,0.000127
Stafford_Ladyship,1,0.000127
Ladyship_demanded,1,0.000127
mate,1,0.000127
dishonour,1,0.000127
Well,1,0.000127
earnestness_she,1,0.000127
poet,1,0.000127
impetueux,1,0.000127
De,1,0.000127
jaloux,1,0.000127
presomptueux,1,0.000127
Bouillant,1,0.000127
blush,1,0.000127
Westhaven_will,1,0.000127
justification_had,1,0.000127
justification_knew,1,0.000127
justification_will,1,0.000127
Footnote,1,0.000127
presumptuous,1,0.000127
Sir_require,1,0.000127
science,1,0.000127
eating,1,0.000127
delights,1,0.000127
palate,1,0.000127
noblemen,1,0.000127
relinquishment,1,0.000127
Lordship_resigned,1,0.000127
manger,1,0.000127
Westhaven_declining,1,0.000127
casket,1,0.000127
Stafford_undertook,1,0.000127
inn,1,0.000127
Stafford_harboured,1,0.000127
Miss_is,1,0.000127
July,1,0.000127
scroll,1,0.000127
order,1,0.000127
wine,1,0.000127
Sir_say,1,0.000127
Sir_took,1,0.000127
collar,1,0.000127
keenness,1,0.000127
heat,1,0.000127
sister_intellects,1,0.000127
accidents,1,0.000127
Stafford_distressing,1,0.000127
Stafford_besought,1,0.000127
sister_used,1,0.000127
impatience,1,0.000127
Stafford_gained,1,0.000127
Stafford_knows,1,0.000127
Stafford_dwells,1,0.000127
Stafford_erring,1,0.000127
seat,1,0.000127
Stafford_therefore,1,0.000127
success,1,0.000127
apathy,1,0.000127
aith,1,0.000127
stranger_been,1,0.000127
renunciation,1,0.000127
olphin,1,0.000127
sentences,1,0.000127
soporifics,1,0.000127
medicine,1,0.000127
Wild,1,0.000127
exclamation,1,0.000127
emphasis,1,0.000127
Lordship_thinks,1,0.000127
unexceptionable,1,0.000127
constitution_threatened,1,0.000127
Dec,1,0.000127
Lordship_might,1,0.000127
sister_have,1,0.000127
hostess_looks,1,0.000127
hostess_officiously,1,0.000127
avenue,1,0.000127
fir,1,0.000127
beech,1,0.000127
ave,1,0.000127
understanding_and,1,0.000127
detesting_concealment,1,0.000127
concealment,1,0.000127
Westhaven_piqued,1,0.000127
inconveniences,1,0.000127
sake,1,0.000127
bosom,1,0.000127
commands,1,0.000127
Do,1,0.000127
rivals,1,0.000127
period,1,0.000127
openness,1,0.000127
rap,1,0.000127
Lordship_is,1,0.000127
impertinent,1,0.000127
Europe,1,0.000127
chains,1,0.000127
wishes,1,0.000127
rivet,1,0.000127
inclination,1,0.000127
phaeton,1,0.000127
scandal,1,0.000127
Prithee,1,0.000127
Y,1,0.000127
owbray,1,0.000127
sister_meditated,1,0.000127
evil,1,0.000127
sound,1,0.000127
attendants,1,0.000127
whoever,1,0.000127
storm_only,1,0.000127
breathing,1,0.000127
absurdity,1,0.000127
pair,1,0.000127
haste_to,1,0.000127
ale,1,0.000127
clue,1,0.000127
Lord_says,1,0.000127
stairs_must,1,0.000127
rooms,1,0.000127
infancy,1,0.000127
rapidity,1,0.000127
current,1,0.000127
attacks,1,0.000127
antiquary,1,0.000127
floor,1,0.000127
library,1,0.000127
literature,1,0.000127
grounds,1,0.000127
worth,1,0.000127
rustics_,1,0.000127
repose,1,0.000127
Westhaven_agreed,1,0.000127
gai,1,0.000127
folatre,1,0.000127
Stavordale_had,1,0.000127
Monsieur_sent,1,0.000127
Monsieur_brother,1,0.000127
master_finding,1,0.000127
Therese,1,0.000127
master_was,1,0.000127
mistress_will,1,0.000127
Lordship_Emmeline,1,0.000127
Lordship_left,1,0.000127
pen,1,0.000127
Madame_irritated,1,0.000127
master_carried,1,0.000127
court,1,0.000127
justice_would,1,0.000127
lassitude,1,0.000127
addition,1,0.000127
train,1,0.000127
shrubbery,1,0.000127
height,1,0.000127
sufferings,1,0.000127
Captain_is,1,0.000127
hold,1,0.000127
play,1,0.000127
Westhaven_shall,1,0.000127
veneration,1,0.000127
esteem_for,1,0.000127
surprise,1,0.000127
Lordship_relieved,1,0.000127
estrangement_from,1,0.000127
coxcomb,1,0.000127
Lordship_regains,1,0.000127
steersman_,1,0.000127
passenger,1,0.000127
lines,1,0.000127
Night,1,0.000127
Politeness,1,0.000127
right,1,0.000127
desertion,1,0.000127
confusion,1,0.000127
visitors,1,0.000127
sister_did,1,0.000127
sister_designed,1,0.000127
faithful,1,0.000127
experience,1,0.000127
postillion_who,1,0.000127
conviction,1,0.000127
degrees,1,0.000127
misery,1,0.000127
needle,1,0.000127
sister_conscious,1,0.000127
sister_there,1,0.000127
sister_desired,1,0.000127
branches,1,0.000127
larch,1,0.000127
sister_departure,1,0.000127
sorts,1,0.000127
adventure,1,0.000127
magistrate_who,1,0.000127
motheris,1,0.000127
bow,1,0.000127
foundation,1,0.000127
To,1,0.000127
prophecy,1,0.000127
Havre,1,0.000127
integrity,1,0.000127
Stafford_waited,1,0.000127
Stafford_understood,1,0.000127
ay,1,0.000127
perturbation,1,0.000127
alk,1,0.000127
strength_forsook,1,0.000127
heaviness,1,0.000127
tenseness,1,0.000127
temples,1,0.000127
Mr_LawsonMr,1,0.000127
LawsonMr_,1,0.000127
haggard,1,0.000127
Despotic,1,0.000127
Lordship_well,1,0.000127
caskets,1,0.000127
Mrs_Mowbray,1,0.000127
grandmother,1,0.000127
rusty_decayed,1,0.000127
limbs,1,0.000127
Delamerebut,1,0.000127
gust_of,1,0.000127
Somebody,1,0.000127
affright,1,0.000127
bloom,1,0.000127
loveliest_and,1,0.000127
Fanny,1,0.000127
Mayhap,1,0.000127
management,1,0.000127
Louis,1,0.000127
pocket,1,0.000127
fortitude,1,0.000127
understanding_Emmeline,1,0.000127
Westhaven_heard,1,0.000127
Westhaven_that,1,0.000127
Lordship_son,1,0.000127
sister_Mr,1,0.000127
wonder,1,0.000127
Whose,1,0.000127
stragglers_came,1,0.000127
captain,1,0.000127
Westhaven_laughed,1,0.000127
Monday,1,0.000127
Lord_s,1,0.000127
smile,1,0.000127
Earldom,1,0.000127
guilt,1,0.000127
Harry,1,0.000127
writ,1,0.000127
pursuit,1,0.000127
channel,1,0.000127
Tis,1,0.000127
eulogium,1,0.000127
observer,1,0.000127
mouths,1,0.000127
church,1,0.000127
chapel,1,0.000127
monastery_,1,0.000127
citadel,1,0.000127
mountains,1,0.000127
vale,1,0.000127
melancholy,1,0.000127
roads,1,0.000127
entertainment,1,0.000127
contradiction,1,0.000127
castle_,1,0.000127
song,1,0.000127
truth,1,0.000127
concessions,1,0.000127
occasion,1,0.000127
dissention,1,0.000127
sister_under,1,0.000127
colours,1,0.000127
settlement,1,0.000127
displays,1,0.000127
disadvantages,1,0.000127
Providence,1,0.000127
kingdom,1,0.000127
asylum,1,0.000127
deprivations,1,0.000127
Stafford_wanted,1,0.000127
relief,1,0.000127
navy,1,0.000127
visits,1,0.000127
Duchess_thought,1,0.000127
series,1,0.000127
arbiters,1,0.000127
jointure,1,0.000127
Westhaven_great,1,0.000127
boroughs,1,0.000127
professions,1,0.000127
gaming,1,0.000127
associations,1,0.000127
sister_children,1,0.000127
Lord_sometimes,1,0.000127
