I,16746,5.29322
me,12162,3.844269
mother,4045,1.278578
friend,3846,1.215677
it,3712,1.173321
Narcissa,3422,1.081655
lady,3383,1.069328
Melinda,3037,0.959961
fortune,2902,0.917289
father,2321,0.733642
uncle,2145,0.67801
doctor,2133,0.674217
we,2099,0.66347
Mr_Tomlins,1916,0.605626
Tomlins,1916,0.605626
house,1782,0.56327
character,1716,0.542408
Mr_Marmozet,1709,0.540195
Marmozet,1709,0.540195
Williams,1601,0.506058
Miss_Williams,1593,0.503529
nobleman,1446,0.457064
John,1415,0.447265
rank,1399,0.442208
captain,1388,0.438731
time,1387,0.438415
Sir_John,1384,0.437467
Sir_Timothy,1353,0.427668
Timothy,1353,0.427668
Sparkle,1341,0.423875
body,1262,0.398904
company,1230,0.388789
lodgings,1205,0.380887
brother,1147,0.362554
myself,1128,0.356548
Squire,1093,0.345485
Don,1071,0.338531
person,1068,0.337583
ship,1057,0.334106
name,1055,0.333473
spy,1040,0.328732
account,1038,0.3281
Rodriguez,1012,0.319882
Mr_Vandal,994,0.314192
Vandal,994,0.314192
love,925,0.292382
us,894,0.282583
gentleman,881,0.278474
town,871,0.275313
acquaintance,862,0.272468
Freeman,852,0.269307
day,824,0.260457
inamorata,820,0.259193
months,803,0.253819
country,803,0.253819
satisfaction,789,0.249394
life,783,0.247497
servant,774,0.244653
pleasure,760,0.240227
Mr_Freeman,760,0.240227
part,759,0.239911
Quiverwit,751,0.237383
Lord_Quiverwit,745,0.235486
desire,727,0.229796
passion,708,0.223791
heart,696,0.219998
Thomson,695,0.219682
people,692,0.218733
watch,691,0.218417
disposition,690,0.218101
Mr_Thomson,674,0.213044
conversation,665,0.210199
mistress_,655,0.207038
London,647,0.204509
consent,638,0.201665
Banter,610,0.192814
child,608,0.192182
behavior,607,0.191866
letter,605,0.191234
pounds,605,0.191234
prejudice,598,0.189021
morning,596,0.188389
expectation,592,0.187124
regard,590,0.186492
play,589,0.186176
assurance,578,0.182699
mistress_and,578,0.182699
place,573,0.181119
fellow,570,0.18017
Strap_,549,0.173533
pardon,548,0.173217
Bragwell,547,0.1729
turn,538,0.170056
will,534,0.168791
charge,533,0.168475
way,531,0.167843
rival,531,0.167843
Opliz,527,0.166579
ego,527,0.166579
Mr_Bragwell,525,0.165947
eyes,520,0.164366
lordship,513,0.162153
money,510,0.161205
arrival,497,0.157096
nature,496,0.15678
affair,493,0.155832
freedom,488,0.154251
mankind,485,0.153303
use,484,0.152987
inclination,481,0.152039
access,477,0.150774
marriage,475,0.150142
gouvernante,473,0.14951
inspection,471,0.148878
end,470,0.148562
Earl,469,0.148246
doubt,469,0.148246
decline,469,0.148246
manner,468,0.147929
particulars,466,0.147297
friends,465,0.146981
favor,463,0.146349
sister_,459,0.145085
Bath,455,0.14382
clause,451,0.142556
concern,451,0.142556
Melopoyn,447,0.141292
power,443,0.140027
estate_and,443,0.140027
night,442,0.139711
door,442,0.139711
consequence,441,0.139395
faithful,441,0.139395
Mr_Melopoyn,437,0.138131
Mr_Brayer,437,0.138131
Brayer,437,0.138131
thing,434,0.137182
situation,432,0.13655
expectations,430,0.135918
misfortune,429,0.135602
streets_through,424,0.134022
mistress_being,415,0.131177
sisterinlaw_,415,0.131177
widower,414,0.130861
appearance,414,0.130861
air,410,0.129596
attention,408,0.128964
Bowling,403,0.127384
days,398,0.125803
numbers,398,0.125803
sons,398,0.125803
God,394,0.124539
flame,391,0.123591
surprise,390,0.123275
course,388,0.122642
countenance,381,0.12043
expense,378,0.119481
success,378,0.119481
hand,376,0.118849
We,375,0.118533
year,374,0.118217
beauty,374,0.118217
confidante,371,0.117269
condition,365,0.115372
things,365,0.115372
method,365,0.115372
Morgan,364,0.115056
purpose,362,0.114424
Captain_Bowling,362,0.114424
aunt,360,0.113792
confusion,359,0.113476
occasion,358,0.11316
piece,358,0.11316
behalf,356,0.112528
sea,355,0.112211
sense,353,0.111579
honor,352,0.111263
Jackson,352,0.111263
board,349,0.110315
estate_,341,0.107786
words,340,0.10747
men,339,0.107154
opinion,339,0.107154
ladies,339,0.107154
husband,338,0.106838
fever,338,0.106838
means,337,0.106522
language,337,0.106522
physician,335,0.10589
himself,333,0.105258
kind,330,0.104309
order,328,0.103677
damage,326,0.103045
accident,324,0.102413
opportunity,323,0.102097
pino,323,0.102097
tears,322,0.101781
fire,321,0.101464
mate,319,0.100832
deal,318,0.100516
patron,316,0.099884
floor,316,0.099884
officer,315,0.099568
candle,313,0.098936
supposition,312,0.09862
daughter,311,0.098304
heap,310,0.097987
boards,310,0.097987
tragedy,309,0.097671
reports,305,0.096407
case,304,0.096091
cause,303,0.095775
face,303,0.095775
health,301,0.095143
defense,300,0.094827
Mrs_Sagely,297,0.093878
Sagely,297,0.093878
terms,297,0.093878
parish,295,0.093246
reason,293,0.092614
Medlar,293,0.092614
message,291,0.091982
wood,289,0.09135
violen,289,0.09135
Strap_of,286,0.090401
Sheerwit,282,0.089137
sum,280,0.088505
command,279,0.088189
object,279,0.088189
footman,279,0.088189
advice,274,0.086608
tidings,273,0.086292
gentlemen,271,0.08566
Paris,271,0.08566
death,270,0.085344
sword,270,0.085344
scheme,269,0.085028
nob,268,0.084712
friendship,267,0.084396
creature,266,0.08408
number,266,0.08408
squire,266,0.08408
author,262,0.082815
painter,262,0.082815
service,260,0.082183
schoolmaster_of,259,0.081867
court,259,0.081867
apartment,251,0.079338
soldier,251,0.079338
He,251,0.079338
advantage,249,0.078706
countrymen,248,0.07839
consideration,247,0.078074
leave,246,0.077758
chamber,246,0.077758
Sir_,246,0.077758
room,245,0.077442
master_of,245,0.077442
soul,241,0.076177
dinner,241,0.076177
dignity,240,0.075861
enemy,240,0.075861
event,239,0.075545
promise,238,0.075229
hold,238,0.075229
necessity,237,0.074913
resentment,234,0.073965
Bruin,233,0.073649
state_of,232,0.073333
civility,231,0.073016
reputation,231,0.073016
physicians,231,0.073016
army,228,0.072068
midst_of,226,0.071436
characters,224,0.070804
prize,223,0.070488
France,223,0.070488
lawyer,222,0.070172
loss,221,0.069856
care,219,0.069223
ball,219,0.069223
gentlewoman,218,0.068907
Slyboot,217,0.068591
shore,214,0.067643
conduct,214,0.067643
shirt,214,0.067643
something,213,0.067327
business,213,0.067327
circumstances_of,213,0.067327
Gripewell,213,0.067327
fellowship,213,0.067327
English,212,0.067011
rags,212,0.067011
work,211,0.066695
protection,211,0.066695
weight,210,0.066379
reducing,210,0.066379
present,209,0.066063
somebody,209,0.066063
hour,209,0.066063
coach,208,0.065746
shift,208,0.065746
Wagtail,208,0.065746
Thicket,207,0.06543
wine,206,0.065114
Oakhum,205,0.064798
intelligence,205,0.064798
fear,205,0.064798
report,205,0.064798
general,205,0.064798
share,204,0.064482
determination,204,0.064482
sentiments,203,0.064166
livery,202,0.06385
dark,202,0.06385
birth,201,0.063534
addresses,200,0.063218
hunter,198,0.062586
hearing,198,0.062586
son,197,0.062269
companions,196,0.061953
familiarity,195,0.061637
wounds,195,0.061637
term,195,0.061637
proposal,194,0.061321
point,193,0.061005
nothing,193,0.061005
matter,193,0.061005
danger,193,0.061005
entertainment,192,0.060689
tea,192,0.060689
wife,191,0.060373
departure,191,0.060373
presence,190,0.060057
connection,188,0.059425
passage,187,0.059109
spirits,186,0.058792
image,186,0.058792
minister_had,186,0.058792
knowledge,185,0.058476
attendance,185,0.058476
evening,184,0.05816
voyage,183,0.057844
cabin,183,0.057844
effects,182,0.057528
Crampley,182,0.057528
barn,182,0.057528
sex,181,0.057212
ears,180,0.056896
look,180,0.056896
world,180,0.056896
treatment,180,0.056896
parson,179,0.05658
years,178,0.056264
subject,178,0.056264
home,178,0.056264
weeks,178,0.056264
quire,178,0.056264
degree,176,0.055632
Miss_Biddy,176,0.055632
Biddy,176,0.055632
source,176,0.055632
demand,173,0.054683
deck,172,0.054367
recommendation,172,0.054367
tongue,172,0.054367
patient,172,0.054367
return,171,0.054051
companion,171,0.054051
Snapper,169,0.053419
answer,168,0.053103
affection,168,0.053103
affability,168,0.053103
Supple,168,0.053103
assembly,167,0.052787
table,166,0.052471
retreat,166,0.052471
probability,165,0.052155
whole,165,0.052155
partner,165,0.052155
apprentice,165,0.052155
distress_,164,0.051839
despair,164,0.051839
tenderness,163,0.051522
mess,163,0.051522
doubts,163,0.051522
progress,163,0.051522
injuries,162,0.051206
ease,162,0.051206
transformation,162,0.051206
continuance,162,0.051206
Mr_Banter,162,0.051206
mischance,161,0.05089
mine,160,0.050574
fashion,160,0.050574
joy,159,0.050258
village,159,0.050258
happiness,158,0.049942
instruments_,158,0.049942
remembrances,158,0.049942
discovery,157,0.049626
valet,157,0.049626
ceremony,157,0.049626
thief,156,0.04931
apoplexy,156,0.04931
capacity,155,0.048994
coffee,155,0.048994
Miss_Snapper,155,0.048994
injury,155,0.048994
Lavement,154,0.048678
earth,154,0.048678
Mr_Medlar,153,0.048362
generosity,152,0.048045
trifles,152,0.048045
king,152,0.048045
figures,152,0.048045
mistress_was,151,0.047729
notice,151,0.047729
word,150,0.047413
insolence,150,0.047413
right,150,0.047413
interest_,149,0.047097
shifts,149,0.047097
tables,149,0.047097
Monsieur_Lavement,149,0.047097
perfection,148,0.046781
origin,148,0.046781
owners,147,0.046465
horses,147,0.046465
recourse,147,0.046465
fit,147,0.046465
waiter,147,0.046465
Canterbury,144,0.045517
possession,144,0.045517
remains,144,0.045517
princes,144,0.045517
surgeon,143,0.045201
instant_,143,0.045201
minutes,143,0.045201
distemper_,143,0.045201
bedside,143,0.045201
lassitude,142,0.044885
duration,142,0.044885
Ephemera,142,0.044885
prescriptions,142,0.044885
epaulement,142,0.044885
compliments,141,0.044568
assurances,141,0.044568
appointment,141,0.044568
leisure,140,0.044252
contempt,140,0.044252
barber,140,0.044252
Lordship_,139,0.043936
silver,139,0.043936
commander,138,0.04362
manager,138,0.04362
hands,136,0.042988
Mr_Supple,136,0.042988
consumption,136,0.042988
veneration,135,0.042672
neighborhood,133,0.04204
length,132,0.041724
virtue,131,0.041408
excesses,131,0.041408
charity,130,0.041092
bounty,130,0.041092
stage_,130,0.041092
approbation,130,0.041092
engagement,130,0.041092
Mr_Concordance,130,0.041092
Concordance,130,0.041092
lord,130,0.041092
constitution_failed,130,0.041092
family,129,0.040775
match,129,0.040775
tour,128,0.040459
bed,127,0.040143
travellers,127,0.040143
Strutwell_,127,0.040143
sigh,127,0.040143
news,126,0.039827
conductor,126,0.039827
motive,126,0.039827
practice,126,0.039827
dependence,125,0.039511
matrimony,125,0.039511
art,124,0.039195
reflection,124,0.039195
thoughts,124,0.039195
impression,124,0.039195
age,123,0.038879
direction,123,0.038879
merit,123,0.038879
Mr_Bellower,123,0.038879
Bellower,123,0.038879
Holland,123,0.038879
intention,122,0.038563
offense,122,0.038563
player,122,0.038563
difficulty,122,0.038563
solicitation,122,0.038563
pistols_,122,0.038563
parent,122,0.038563
servants,121,0.038247
conjecture,121,0.038247
respect,121,0.038247
gold,121,0.038247
pocket,121,0.038247
candor,121,0.038247
benefit,120,0.037931
bottle,120,0.037931
likelihood,120,0.037931
letters,120,0.037931
commission,119,0.037615
strength_of,119,0.037615
disorder,119,0.037615
relation,119,0.037615
champion,119,0.037615
theater,118,0.037298
books,118,0.037298
Mr_Slyboot,118,0.037298
sneer,118,0.037298
consolation,118,0.037298
master_,118,0.037298
charms,117,0.036982
Mrs_Gawkey,117,0.036982
Gawkey,117,0.036982
midnight,117,0.036982
education,116,0.036666
extremity,115,0.03635
Thunder,115,0.03635
matron,115,0.03635
sight,115,0.03635
sorrow,115,0.03635
providence,115,0.03635
looks,115,0.03635
gaming,115,0.03635
ear,115,0.03635
excursion,115,0.03635
absence,114,0.036034
mind,114,0.036034
exercises,114,0.036034
assistance_of,113,0.035718
landlord,113,0.035718
gascon,113,0.035718
warning,113,0.035718
nine,113,0.035718
pounders,113,0.035718
apprehensions,113,0.035718
offices,112,0.035402
wretchedness,112,0.035402
generation,112,0.035402
Guinea,112,0.035402
trouble,111,0.035086
memory,111,0.035086
liberty,110,0.03477
coast_of,110,0.03477
esteem_,109,0.034454
dialogue,109,0.034454
eye,109,0.034454
unkindness,109,0.034454
prodigy,109,0.034454
Ireland,109,0.034454
Mr_Random,108,0.034138
Random,108,0.034138
abhorrence,108,0.034138
glass,108,0.034138
ignorance,108,0.034138
arms,107,0.033821
clothes,107,0.033821
essay,106,0.033505
guinea,106,0.033505
correspondence,106,0.033505
dictates,106,0.033505
intimacy,105,0.033189
winter,105,0.033189
Kinsale,105,0.033189
Mackshane,104,0.032873
thankfulness,104,0.032873
assistance_,104,0.032873
savage,104,0.032873
whim,104,0.032873
dowry,104,0.032873
orphan,104,0.032873
inn,103,0.032557
interest_at,103,0.032557
stagecoach_,103,0.032557
Montpelier,103,0.032557
wretch,102,0.032241
precipitation,102,0.032241
seaport,102,0.032241
learning,102,0.032241
Bedford,102,0.032241
Dr_Mackshane,101,0.031925
prison,101,0.031925
minister_character,101,0.031925
woe,101,0.031925
vicissitudes,100,0.031609
misfortunes,100,0.031609
Duke_Humphrey,100,0.031609
Humphrey,100,0.031609
ground,100,0.031609
hopes,99,0.031293
hope,99,0.031293
apprehension,99,0.031293
disappointment,99,0.031293
constitution_,99,0.031293
pretense,99,0.031293
amor,99,0.031293
G,98,0.030977
want,98,0.030977
performances,98,0.030977
purse,97,0.030661
gratitude,97,0.030661
side,97,0.030661
tear,97,0.030661
circumstances_,97,0.030661
mouth,97,0.030661
battle,97,0.030661
minister_fellow,97,0.030661
peers,97,0.030661
merchant,97,0.030661
charmer,96,0.030345
fox,96,0.030345
month,96,0.030345
managers,96,0.030345
infant,96,0.030345
noblemen,95,0.030028
minister_,95,0.030028
post_the,95,0.030028
officers,95,0.030028
temper,94,0.029712
England,94,0.029712
chests_belonging,94,0.029712
minister_gave,93,0.029396
Straddle_was,93,0.029396
minister_own,93,0.029396
minister_was,93,0.029396
minister_the,93,0.029396
minister_interest,93,0.029396
minister_could,93,0.029396
Chelsea,93,0.029396
hospital,93,0.029396
deliberation,93,0.029396
Thoma,93,0.029396
deluge,93,0.029396
slander,93,0.029396
sage,92,0.02908
widow,92,0.02908
profits,92,0.02908
persons,92,0.02908
attachment,92,0.02908
wind,92,0.02908
witchcraft,92,0.02908
war,91,0.028764
minister_to,91,0.028764
privilege,91,0.028764
vanity,90,0.028448
story_of,90,0.028448
journey,90,0.028448
brutality,90,0.028448
maid,89,0.028132
alterations,89,0.028132
moment,89,0.028132
tumult,89,0.028132
drinking,89,0.028132
bargaining,89,0.028132
master_for,89,0.028132
adieu,89,0.028132
mast_,89,0.028132
Rheims,89,0.028132
looseness,89,0.028132
confidence,88,0.027816
pride,88,0.027816
discourse,88,0.027816
contemplation,88,0.027816
venery,88,0.027816
passages,88,0.027816
river,88,0.027816
faculties,87,0.0275
quality,87,0.0275
Strutwell_interest,87,0.0275
post_for,87,0.0275
teeth,86,0.027184
effect,86,0.027184
complaisance,86,0.027184
habitation,86,0.027184
rehearsal,86,0.027184
stage_with,86,0.027184
eclat,86,0.027184
sway,86,0.027184
dress,86,0.027184
grief,86,0.027184
story_,86,0.027184
Charlotte,86,0.027184
resolution,85,0.026868
supply,85,0.026868
sugar,85,0.026868
mistress_with,85,0.026868
ourselves,84,0.026551
commonwealth,84,0.026551
Spain,84,0.026551
slanderer,84,0.026551
expostulation_dropped,84,0.026551
intentions,84,0.026551
Mistress_by,84,0.026551
erudition,84,0.026551
O,83,0.026235
themselves,83,0.026235
meaning,83,0.026235
imagination,83,0.026235
stream_back,83,0.026235
eagerness,82,0.025919
street_,82,0.025919
warrant,82,0.025919
shilling,82,0.025919
treat,82,0.025919
thanks,82,0.025919
ornaments,82,0.025919
duel,82,0.025919
kinsman,82,0.025919
uproar,82,0.025919
dancing,82,0.025919
fighting,82,0.025919
oblivion,82,0.025919
malice,81,0.025603
talents,81,0.025603
R,81,0.025603
tender,81,0.025603
agility,81,0.025603
library,81,0.025603
view,80,0.025287
appetite,80,0.025287
barbarity,80,0.025287
defile,80,0.025287
Majesty_with,80,0.025287
translator,80,0.025287
influence,79,0.024971
difference,79,0.024971
criminal,79,0.024971
liberties,79,0.024971
cottage,79,0.024971
limbs,79,0.024971
shop,78,0.024655
interest_in,78,0.024655
expedition,78,0.024655
admiration,78,0.024655
bladder,78,0.024655
paint,78,0.024655
sore,78,0.024655
information,78,0.024655
Oregan,78,0.024655
niece,78,0.024655
fellowtraveller,78,0.024655
zeal,78,0.024655
sailors,77,0.024339
engagements,77,0.024339
reserve,77,0.024339
It,77,0.024339
privateer,77,0.024339
Martinico,77,0.024339
indigo,77,0.024339
marque,77,0.024339
debauch,77,0.024339
plain,77,0.024339
city,76,0.024023
parting,76,0.024023
might,76,0.024023
jeu,76,0.024023
flight,76,0.024023
cup,76,0.024023
manifold,76,0.024023
hatred,76,0.024023
voice,75,0.023707
guineas,75,0.023707
nativity,75,0.023707
veracity,75,0.023707
remonstrance_,75,0.023707
quantity,75,0.023707
acknowledgments,74,0.023391
silence,74,0.023391
head,74,0.023391
creditors,74,0.023391
admiralty,74,0.023391
crimes,74,0.023391
Duc_de,74,0.023391
future,73,0.023074
disdain,73,0.023074
benefactors,73,0.023074
judgment,73,0.023074
backs,73,0.023074
inch,73,0.023074
sweetness,72,0.022758
names,72,0.022758
patrons,72,0.022758
understanding_,72,0.022758
result,72,0.022758
unhappiness,72,0.022758
youth,72,0.022758
janitor,72,0.022758
religion,72,0.022758
Majesty_thought,72,0.022758
skin,71,0.022442
hundreds,71,0.022442
apothecary,70,0.022126
bond,70,0.022126
explanation,70,0.022126
S,70,0.022126
transports,70,0.022126
Miss_Snapp,70,0.022126
Snapp,70,0.022126
advantages,70,0.022126
supper,70,0.022126
society,70,0.022126
You,70,0.022126
memoirs,70,0.022126
Viceroy,70,0.022126
Peru,70,0.022126
miracles,70,0.022126
destiny_behalf,70,0.022126
Gramont,70,0.022126
post_,70,0.022126
consternation_would,70,0.022126
proof,69,0.02181
hurry,69,0.02181
wretches,69,0.02181
women,69,0.02181
opportunities,69,0.02181
travels,69,0.02181
peregrination,69,0.02181
spite,68,0.021494
breast_,68,0.021494
mile,68,0.021494
antagonist_s,68,0.021494
misery,68,0.021494
competitor,68,0.021494
agreemens,68,0.021494
praise,67,0.021178
church,67,0.021178
remembrance,67,0.021178
science,67,0.021178
passports,67,0.021178
gunner,67,0.021178
prince,67,0.021178
none,66,0.020862
debt,66,0.020862
release,66,0.020862
fore,66,0.020862
interest_enough,66,0.020862
heaven,65,0.020546
claim,65,0.020546
actor,65,0.020546
severity,65,0.020546
fate,65,0.020546
choice,65,0.020546
bite,65,0.020546
dog,65,0.020546
idea,65,0.020546
chair,64,0.02023
parents,64,0.02023
Indies,63,0.019914
miles,63,0.019914
audience,63,0.019914
law,63,0.019914
sound,63,0.019914
SIR,63,0.019914
management,63,0.019914
fame,63,0.019914
esteem_some,63,0.019914
field,63,0.019914
reply,62,0.019597
copy,62,0.019597
attempts,62,0.019597
French,62,0.019597
Mr_Ranter,62,0.019597
Ranter,62,0.019597
ideas,62,0.019597
expedient,62,0.019597
objection,62,0.019597
title,62,0.019597
Lookee,62,0.019597
coast_,62,0.019597
estate_to,62,0.019597
partiality,62,0.019597
politician,62,0.019597
livelihood,61,0.019281
expression,61,0.019281
Sir_had,61,0.019281
billet,61,0.019281
longing,61,0.019281
strangers_whom,61,0.019281
interest_of,61,0.019281
extraction,61,0.019281
performance,60,0.018965
humility,60,0.018965
undertaking,60,0.018965
humanity,60,0.018965
selfsufficiency,60,0.018965
sharping,60,0.018965
practices,60,0.018965
embrace,59,0.018649
bosom,59,0.018649
senses,59,0.018649
commands,59,0.018649
highwaymen,59,0.018649
wit,59,0.018649
times,59,0.018649
prospect,59,0.018649
circumstance_of,59,0.018649
poetry,59,0.018649
wildness,59,0.018649
enquiry,58,0.018333
manuscript,58,0.018333
bottles,58,0.018333
madness,58,0.018333
goods,58,0.018333
governor,58,0.018333
paleness,58,0.018333
Mr_Mr,57,0.018017
afternoon,57,0.018017
race,57,0.018017
crowd,57,0.018017
features,57,0.018017
Europe,57,0.018017
balsam,57,0.018017
Goosetrap,57,0.018017
exercise,57,0.018017
precipitate,57,0.018017
petition,57,0.018017
pieces,56,0.017701
meeting,56,0.017701
hat,56,0.017701
strangers_to,56,0.017701
complacency,56,0.017701
Sir_usual,56,0.017701
experiment,56,0.017701
debauchery,56,0.017701
maiden,56,0.017701
prostitution_of,56,0.017701
wives,56,0.017701
gratification,56,0.017701
constitutions_of,56,0.017701
progeny,56,0.017701
Nay,56,0.017701
honors,56,0.017701
principles,56,0.017701
Versailles,56,0.017701
remarks,55,0.017385
scene,55,0.017385
safety,55,0.017385
Sir_understanding,55,0.017385
reverence,55,0.017385
sort,55,0.017385
back,55,0.017385
porter,55,0.017385
admirers,54,0.017069
warmth,54,0.017069
strangers_,54,0.017069
start_of,54,0.017069
accent,54,0.017069
boldness,54,0.017069
encomiums,54,0.017069
scruple,54,0.017069
hesitation,54,0.017069
Monsieur_d,54,0.017069
Miss_Melinda,54,0.017069
Antonio,54,0.017069
abuse,54,0.017069
soever,54,0.017069
adventures,53,0.016753
emotions,53,0.016753
sympathy,53,0.016753
duty,53,0.016753
magnificence,53,0.016753
value,53,0.016753
mortification,53,0.016753
application,53,0.016753
Strutwell_that,53,0.016753
beau,53,0.016753
swiftness,53,0.016753
fowls,53,0.016753
apologies,53,0.016753
parts,53,0.016753
Sir_charms,53,0.016753
Sir_hand,53,0.016753
kisses,53,0.016753
Sir_checked,53,0.016753
Sir_reminded,53,0.016753
Sir_knowing,53,0.016753
Sir_could,53,0.016753
Sir_reproof,53,0.016753
reproof,53,0.016753
Sir_beauty,53,0.016753
presumption,53,0.016753
conviction,53,0.016753
Sir_forgave,53,0.016753
exst_exst,53,0.016753
ancients,53,0.016753
lords,53,0.016753
kings,53,0.016753
proverb,53,0.016753
repose,52,0.016437
patience,52,0.016437
insinuations,52,0.016437
stratagem_,52,0.016437
catalogue,52,0.016437
Hampstead_assembly,52,0.016437
lappets,52,0.016437
shoe,52,0.016437
buckles,52,0.016437
trick,52,0.016437
Buenos,52,0.016437
Airs,52,0.016437
dozen,51,0.016121
visit,51,0.016121
canal,51,0.016121
innocence,51,0.016121
breath,51,0.016121
thieves,51,0.016121
bacon,51,0.016121
pretensions,51,0.016121
Dr_Wagtail,51,0.016121
medicines,51,0.016121
leer,51,0.016121
intent,51,0.016121
minister_with,51,0.016121
linen,51,0.016121
astonishment_,51,0.016121
cargo,51,0.016121
benefactor,50,0.015804
fair,50,0.015804
Lord_Rattle,50,0.015804
Rattle,50,0.015804
drawer,50,0.015804
expressions,50,0.015804
motion,50,0.015804
mirth,50,0.015804
suits,50,0.015804
secretary,50,0.015804
lieutenant,50,0.015804
couple,50,0.015804
deficiency,50,0.015804
strength_by,50,0.015804
quarter,49,0.015488
peril,49,0.015488
heat,49,0.015488
distinction_,49,0.015488
neck,49,0.015488
lines,49,0.015488
stranger_to,49,0.015488
unmindful,49,0.015488
justice_to,48,0.015172
benevolence,48,0.015172
dispute,48,0.015172
pistols_came,48,0.015172
gallop,48,0.015172
eatables,48,0.015172
inquiry,48,0.015172
umbrage,48,0.015172
adventure,48,0.015172
sphere,48,0.015172
orders,48,0.015172
Minister_success,48,0.015172
Swillpot,48,0.015172
bow,48,0.015172
bastards_,48,0.015172
earnest_,48,0.015172
obligation,48,0.015172
merchants,48,0.015172
souls,48,0.015172
fatigue,48,0.015172
admonition,48,0.015172
devil,47,0.014856
Paraguay,47,0.014856
purchase,47,0.014856
writings,47,0.014856
places,47,0.014856
margin,47,0.014856
importance,47,0.014856
suspicion,47,0.014856
rest_of,47,0.014856
chance,47,0.014856
E,47,0.014856
carcass,47,0.014856
reader,47,0.014856
wound,47,0.014856
famine,47,0.014856
peace,46,0.01454
figure,46,0.01454
office,46,0.01454
alteration,46,0.01454
finances,46,0.01454
crown,46,0.01454
disgust_at,46,0.01454
jealousy,46,0.01454
discharge,46,0.01454
stories_,46,0.01454
bibo,46,0.01454
glory,46,0.01454
repining,46,0.01454
relations,45,0.014224
vigor,45,0.014224
violence,45,0.014224
independance,45,0.014224
copse,45,0.014224
classicks,45,0.014224
request_,44,0.013908
paper,44,0.013908
coup,44,0.013908
sagacity,44,0.013908
opposition,44,0.013908
compliment,44,0.013908
esteem_for,44,0.013908
subjects,44,0.013908
cards,44,0.013908
fencing,44,0.013908
gin,44,0.013908
questions_with,44,0.013908
grin,44,0.013908
ravages,44,0.013908
fling,44,0.013908
absurdities,44,0.013908
excuse,44,0.013908
government,44,0.013908
New,44,0.013908
objections,43,0.013592
ingratitude,43,0.013592
road,43,0.013592
seveverity,43,0.013592
punctilios,43,0.013592
challenge,43,0.013592
interview,43,0.013592
lingo,43,0.013592
Horace,43,0.013592
garb,43,0.013592
ring,42,0.013276
wonder,42,0.013276
nephew,42,0.013276
season,42,0.013276
poet,42,0.013276
contradiction,42,0.013276
offer,42,0.013276
noise,42,0.013276
efforts,42,0.013276
emotion,42,0.013276
stop_to,42,0.013276
loquacity,42,0.013276
incongruity,42,0.013276
sake,41,0.01296
fruits,41,0.01296
interest_with,41,0.01296
channels,41,0.01296
conveyance,41,0.01296
bulk,41,0.01296
submission,41,0.01296
Strutwell_might,41,0.01296
farmer,41,0.01296
humor,41,0.01296
vexation,41,0.01296
knight,41,0.01296
seaman,41,0.01296
liquors,41,0.01296
mistress_obliged,41,0.01296
infancy,41,0.01296
water,40,0.012644
interest_to,40,0.012644
others,40,0.012644
property,40,0.012644
Pray,40,0.012644
proprietor,40,0.012644
Straddle_,40,0.012644
lowness,40,0.012644
steel_inlaid,40,0.012644
cash,40,0.012644
lenity,40,0.012644
presumptions,40,0.012644
guilt,40,0.012644
issue,40,0.012644
prey,40,0.012644
houses,40,0.012644
provision,40,0.012644
substance_descended,40,0.012644
tomorrow,40,0.012644
gown,40,0.012644
She,40,0.012644
Wapping,40,0.012644
purser,40,0.012644
justice_of,40,0.012644
oponent,40,0.012644
island,39,0.012327
nuptials,39,0.012327
communication,39,0.012327
groan,39,0.012327
pair,39,0.012327
conquest_of,39,0.012327
detail,39,0.012327
mystery_,39,0.012327
cultivation,39,0.012327
sincerity,38,0.012011
while,38,0.012011
damme,38,0.012011
repetition,38,0.012011
muteness,38,0.012011
perseverance,38,0.012011
vaulter,38,0.012011
proprietors,38,0.012011
Sadler,38,0.012011
Wells,38,0.012011
lips,38,0.012011
past_with,38,0.012011
conscience,38,0.012011
ladyship,38,0.012011
mistress_thought,38,0.012011
cleaver,38,0.012011
fork,38,0.012011
needle,38,0.012011
lot,38,0.012011
diamond,37,0.011695
presages,37,0.011695
spouse,37,0.011695
change,37,0.011695
madam,37,0.011695
disposal,37,0.011695
players,37,0.011695
mistress_had,37,0.011695
hatchet,37,0.011695
courage,37,0.011695
Sir_informed,37,0.011695
light,37,0.011695
Miss_Gripewell,37,0.011695
reception,37,0.011695
escape,37,0.011695
slaves,37,0.011695
tutor,37,0.011695
fortitude,37,0.011695
steward_,36,0.011379
party,36,0.011379
question_,36,0.011379
bowl,36,0.011379
diversion,36,0.011379
foot,36,0.011379
mistress_cheated,36,0.011379
novice,36,0.011379
verb,36,0.011379
heiress,36,0.011379
couverte,36,0.011379
bailiffs,36,0.011379
dust_,36,0.011379
presents,36,0.011379
eating,36,0.011379
rosary,36,0.011379
notion,36,0.011379
compassion,35,0.011063
taste_,35,0.011063
comfort,35,0.011063
acknowledgment,35,0.011063
contrary,35,0.011063
tavern,35,0.011063
sobriety,35,0.011063
truth,35,0.011063
disgrace,35,0.011063
indulgence,35,0.011063
rage,35,0.011063
climates,35,0.011063
bargain,35,0.011063
professions,35,0.011063
bonne,35,0.011063
grace,35,0.011063
sergeant,35,0.011063
fellows,34,0.010747
impatience,34,0.010747
infirmities,34,0.010747
diffident,34,0.010747
importunity,34,0.010747
Lord_,34,0.010747
Lord_Stair,34,0.010747
Stair_,34,0.010747
bread,34,0.010747
salutation,34,0.010747
Custard_,34,0.010747
style_,34,0.010747
curse,34,0.010747
burden,34,0.010747
qualifications,34,0.010747
strength_and,34,0.010747
Bumper,34,0.010747
stamp_,34,0.010747
compulsion,34,0.010747
patriotism,34,0.010747
refuge,34,0.010747
evil,34,0.010747
footing,34,0.010747
slave,34,0.010747
fellowcreature,34,0.010747
censure,33,0.010431
Strap_as,33,0.010431
peerage,33,0.010431
obstinacy_of,33,0.010431
minute,33,0.010431
curiosity,33,0.010431
pantings,33,0.010431
pause,33,0.010431
pursuit,33,0.010431
animal,33,0.010431
Bunters,33,0.010431
beer,33,0.010431
passenger,33,0.010431
Ode,33,0.010431
spot,32,0.010115
Strap_s,32,0.010115
honesty_of,32,0.010115
affairs,32,0.010115
powers,32,0.010115
properties,32,0.010115
proneness,32,0.010115
simples,32,0.010115
eloquence,32,0.010115
pawnbroker,32,0.010115
wench,32,0.010115
vows,32,0.010115
kingdom,32,0.010115
mistress_lady,32,0.010115
persuasions,32,0.010115
mistress_should,32,0.010115
bookseller,32,0.010115
secret,31,0.009799
wealth,31,0.009799
civilities,31,0.009799
rest_,31,0.009799
bye,31,0.009799
rogues,31,0.009799
ardour,31,0.009799
glasses,31,0.009799
retort,31,0.009799
Jesus,31,0.009799
indifference,31,0.009799
nights,31,0.009799
profession,31,0.009799
tinderwater,31,0.009799
arrest_,31,0.009799
collar,31,0.009799
suit,31,0.009799
Madrid,31,0.009799
inhabitants,31,0.009799
precaution,31,0.009799
sailor,31,0.009799
bottoms,31,0.009799
risk,31,0.009799
commoner,31,0.009799
evidence,30,0.009483
reproach,30,0.009483
subsistence_,30,0.009483
symptoms,30,0.009483
oath,30,0.009483
recovery,30,0.009483
shame,30,0.009483
stealth_,30,0.009483
declaration,30,0.009483
uneasiness,30,0.009483
Sir_about,30,0.009483
Sir_bestowed,30,0.009483
circumstance_introduced,30,0.009483
Sir_found,30,0.009483
Mr_Oregan,30,0.009483
Marquis,30,0.009483
reckoning,30,0.009483
applause,30,0.009483
breast_of,30,0.009483
negligence,30,0.009483
streams_,30,0.009483
mistress_brother,30,0.009483
gabions,30,0.009483
faschins,30,0.009483
Varnish,30,0.009483
cellars,30,0.009483
cobler,30,0.009483
trade,29,0.009167
conjectures,29,0.009167
permission,29,0.009167
speech,29,0.009167
deference,29,0.009167
guard,29,0.009167
Strap_to,29,0.009167
schoolmaster_,29,0.009167
Magistrate_,29,0.009167
conspiracy,29,0.009167
hair,29,0.009167
seat,29,0.009167
mal,29,0.009167
dining,29,0.009167
Randan,29,0.009167
turns,29,0.009167
twinkling,29,0.009167
doux,29,0.009167
weapon,29,0.009167
signal,29,0.009167
degeneracy,29,0.009167
Book,29,0.009167
Port,29,0.009167
Louis,29,0.009167
hospitality,29,0.009167
allegiance,29,0.009167
Le,29,0.009167
roy,29,0.009167
Angleterre,29,0.009167
Est_le,29,0.009167
Enfer,29,0.009167
trip,29,0.009167
pen,28,0.00885
conflict,28,0.00885
Potion,28,0.00885
uncertainty,28,0.00885
fatigues,28,0.00885
adoration,28,0.00885
Sir_own,28,0.00885
symptom,28,0.00885
cheese,28,0.00885
history_,28,0.00885
chocolate,28,0.00885
vivacity,28,0.00885
injunction,28,0.00885
blessing,28,0.00885
Count_,28,0.00885
soundings,28,0.00885
agreement,28,0.00885
composition,28,0.00885
wall,28,0.00885
loan,28,0.00885
diligence,28,0.00885
March,28,0.00885
Mr_Pope,28,0.00885
Pope,28,0.00885
Strap_with,27,0.008534
sleeve,27,0.008534
Sussex,27,0.008534
heir,27,0.008534
sister_takes,27,0.008534
Yes,27,0.008534
adversity,27,0.008534
examination,27,0.008534
bustle_and,27,0.008534
introduction,27,0.008534
deserts,27,0.008534
catch,27,0.008534
quart,27,0.008534
master_to,27,0.008534
matters,27,0.008534
WHereas,27,0.008534
writing,27,0.008534
Montaguehouse,27,0.008534
pistols_in,27,0.008534
justice_by,27,0.008534
injunctions,27,0.008534
mistake_,27,0.008534
adherent,27,0.008534
Most_Christian,27,0.008534
Christian_Majesty,27,0.008534
breakfast_,26,0.008218
protestations_of,26,0.008218
sun,26,0.008218
clergyman,26,0.008218
set,26,0.008218
grave,26,0.008218
sale,26,0.008218
breakfast_with,26,0.008218
disadvantage,26,0.008218
levee,26,0.008218
shoulder,26,0.008218
accomplishments,26,0.008218
horseback,26,0.008218
quandaries,26,0.008218
hither,26,0.008218
Numps,26,0.008218
qualities,26,0.008218
Leap,26,0.008218
posteriors_,26,0.008218
trice,26,0.008218
jollity,26,0.008218
arguments,26,0.008218
Olivier,26,0.008218
victory,26,0.008218
West_Indies,25,0.007902
settlement,25,0.007902
sarthing,25,0.007902
blood,25,0.007902
effort,25,0.007902
Scotch,25,0.007902
push,25,0.007902
hours,25,0.007902
accusation,25,0.007902
Strap_indeed,25,0.007902
harrangue,25,0.007902
freedoms,25,0.007902
trespass,25,0.007902
justice_,25,0.007902
horror,25,0.007902
industry_and,25,0.007902
utensils,25,0.007902
inconvenience,25,0.007902
station_,25,0.007902
creatures,25,0.007902
appetites,25,0.007902
endeavors,25,0.007902
Strap_prayed,25,0.007902
dash,25,0.007902
lip,25,0.007902
reprisal,25,0.007902
travelers,25,0.007902
fortification,25,0.007902
harrangues,25,0.007902
Cape,24,0.007586
Welchman,24,0.007586
Mr_Potion,24,0.007586
restriction_to,24,0.007586
patentee,24,0.007586
certainty,24,0.007586
attempt,24,0.007586
comparisons,24,0.007586
Sir_wrath,24,0.007586
wrath,24,0.007586
archness,24,0.007586
barrister_,24,0.007586
disadvantages,24,0.007586
garret,24,0.007586
Measter_Randan,24,0.007586
caudle,24,0.007586
Mistress_,24,0.007586
Mistress_to,24,0.007586
Mistress_at,24,0.007586
cheek,24,0.007586
hearts,24,0.007586
coquette,24,0.007586
gustare_,24,0.007586
parlour,24,0.007586
equanimity,24,0.007586
B,24,0.007586
incognita,24,0.007586
quest_of,24,0.007586
maxim,24,0.007586
unworthiness,24,0.007586
depone,24,0.007586
threshold,24,0.007586
constancy_,24,0.007586
disease,24,0.007586
combat,24,0.007586
misunderstanding_between,24,0.007586
lead,24,0.007586
relic,24,0.007586
fervor,24,0.007586
approach,24,0.007586
brute,24,0.007586
recognition,24,0.007586
pistoles_,23,0.00727
Vesuvio,23,0.00727
harmony,23,0.00727
obligations,23,0.00727
mistress_gradually,23,0.00727
wishes,23,0.00727
clock,23,0.00727
Crab,23,0.00727
labor,23,0.00727
bundle,23,0.00727
discretion,23,0.00727
week,23,0.00727
noli,23,0.00727
prosequi,23,0.00727
virtues,23,0.00727
mistress_deceased,23,0.00727
deceit,23,0.00727
loveliest_of,23,0.00727
Sir_sex,23,0.00727
complaints,23,0.00727
hanger,23,0.00727
dryness,23,0.00727
orthography,23,0.00727
pronounciation,23,0.00727
revenge,23,0.00727
meal,23,0.00727
sine,23,0.00727
cure,23,0.00727
goodness,23,0.00727
reparation,23,0.00727
score,23,0.00727
space,23,0.00727
leagues,23,0.00727
desires,23,0.00727
fortunes,23,0.00727
brothers,23,0.00727
Miss_averred,23,0.00727
averred,23,0.00727
esteem_were,23,0.00727
blunderbuss,23,0.00727
musket,23,0.00727
pistol_,23,0.00727
skill,23,0.00727
compositions,23,0.00727
series,23,0.00727
volume,23,0.00727
Robinson,23,0.00727
Crusoe,23,0.00727
recollection,22,0.006954
mistress_first,22,0.006954
lodging,22,0.006954
caresses,22,0.006954
plays,22,0.006954
nation,22,0.006954
clamor,22,0.006954
invitation,22,0.006954
mercy,22,0.006954
complexion,22,0.006954
authority,22,0.006954
encumbrances,22,0.006954
easiness,22,0.006954
questions_about,22,0.006954
perturbation,22,0.006954
alarm,22,0.006954
Madam,22,0.006954
prognostics_,22,0.006954
diagnostics_,22,0.006954
symptomatics,22,0.006954
therapeutics,22,0.006954
inanition,22,0.006954
repletion,22,0.006954
drop,22,0.006954
price,22,0.006954
displeasure,22,0.006954
impunity,22,0.006954
dish,22,0.006954
decision,22,0.006954
scholar,22,0.006954
keyhole,22,0.006954
assistance_in,22,0.006954
antagonist_,22,0.006954
sniveling,22,0.006954
productions,22,0.006954
sweat,22,0.006954
custom_,22,0.006954
drunkenness,22,0.006954
Fox,22,0.006954
familiarities,22,0.006954
capital,22,0.006954
pipe,22,0.006954
monsieur,22,0.006954
administration_of,22,0.006954
Bastile_without,22,0.006954
dungeon,22,0.006954
cruize,21,0.006638
Hispaniola,21,0.006638
decency,21,0.006638
merchandise,21,0.006638
causes,21,0.006638
drums,21,0.006638
scandal,21,0.006638
compliance,21,0.006638
indignation,21,0.006638
execution,21,0.006638
cares,21,0.006638
Strutwell_s,21,0.006638
Strutwell_know,21,0.006638
delicacy,21,0.006638
Miss_progression,21,0.006638
progression,21,0.006638
crab,21,0.006638
nisi,21,0.006638
prius,21,0.006638
rule,21,0.006638
coat,21,0.006638
perusal,21,0.006638
masterpiece_of,21,0.006638
elegance,21,0.006638
motions,21,0.006638
liking,21,0.006638
indiscretion,21,0.006638
salvo,21,0.006638
aversion,21,0.006638
exstacy_of,21,0.006638
out,21,0.006638
Well,20,0.006322
tone,20,0.006322
necklace,20,0.006322
diamonds,20,0.006322
amethysts_set,20,0.006322
window,20,0.006322
magistrates_intended,20,0.006322
defects,20,0.006322
indication,20,0.006322
evasion,20,0.006322
cooks,20,0.006322
fury,20,0.006322
schoolmaster_attempt,20,0.006322
apology,20,0.006322
standard_from,20,0.006322
hell,20,0.006322
bill,20,0.006322
Miss_a,20,0.006322
arts,20,0.006322
frock,20,0.006322
inquiries,20,0.006322
stop_,20,0.006322
hoarseness,20,0.006322
indigestion_,20,0.006322
tinder,20,0.006322
operations,20,0.006322
clout,20,0.006322
beaus,20,0.006322
pudding,20,0.006322
Whitehall,20,0.006322
diversions,20,0.006322
operas,20,0.006322
masquerades,20,0.006322
assemblies,20,0.006322
puppetshews,20,0.006322
crime,20,0.006322
knees,20,0.006322
sister_by,20,0.006322
Strap_know,20,0.006322
situations,20,0.006322
Long,20,0.006322
Room,20,0.006322
relief,20,0.006322
devoirs,20,0.006322
capuchin,20,0.006322
Austrians_,20,0.006322
Hessians,20,0.006322
state_,20,0.006322
chevalier,20,0.006322
plantations,20,0.006322
gallants,19,0.006006
animosities,19,0.006006
height,19,0.006006
philosophy,19,0.006006
manners,19,0.006006
anxiety,19,0.006006
simplicity,19,0.006006
curses,19,0.006006
trust_to,19,0.006006
waters,19,0.006006
Dettingen,19,0.006006
laugh,19,0.006006
speed,19,0.006006
impudence,19,0.006006
countryman,19,0.006006
defendant,19,0.006006
bits,19,0.006006
dangers,19,0.006006
condescension,19,0.006006
brain,19,0.006006
Hampstead_,19,0.006006
sparkling,19,0.006006
custom_in,19,0.006006
C,19,0.006006
boudin,19,0.006006
jargon,19,0.006006
propriety,19,0.006006
schemes,19,0.006006
Premier,19,0.006006
ambassador,19,0.006006
plenipotentiary,19,0.006006
lungs,19,0.006006
imposition,19,0.006006
list_of,19,0.006006
inducement,19,0.006006
distress_house,19,0.006006
murder,19,0.006006
compliances,19,0.006006
investigation_,19,0.006006
Tiberoon,19,0.006006
ships,19,0.006006
sameness,19,0.006006
lads,18,0.00569
sufferings,18,0.00569
phrase,18,0.00569
box,18,0.00569
Scotland,18,0.00569
Strap_knew,18,0.00569
fatherinlaw,18,0.00569
codicil,18,0.00569
multiplicity,18,0.00569
observations,18,0.00569
taste_to,18,0.00569
need,18,0.00569
doorkeeper,18,0.00569
custom_of,18,0.00569
itself,18,0.00569
resource,18,0.00569
salesman,18,0.00569
Monmouth,18,0.00569
prosecution,18,0.00569
feet,18,0.00569
interruption,18,0.00569
song,18,0.00569
stanza_of,18,0.00569
moon,18,0.00569
ty,18,0.00569
repair,18,0.00569
vow,18,0.00569
fine,18,0.00569
ejaculations,18,0.00569
mistress_in,18,0.00569
reward,18,0.00569
tuition,18,0.00569
accomplishment,18,0.00569
incense,18,0.00569
delight,18,0.00569
disguise,18,0.00569
process,18,0.00569
mystery_of,18,0.00569
cluster_of,18,0.00569
vehemence,18,0.00569
quarrel,18,0.00569
explosion,18,0.00569
Tottenham,18,0.00569
heirs,18,0.00569
duke,18,0.00569
earl,18,0.00569
measure,18,0.00569
genius,18,0.00569
mark,18,0.00569
lacqueys,18,0.00569
Lord_Straddle,18,0.00569
arm,18,0.00569
indigence,18,0.00569
wherewithal,18,0.00569
shelter,18,0.00569
cirection,18,0.00569
evacuation,18,0.00569
fevers,18,0.00569
constitutions_are,18,0.00569
utterance,18,0.00569
Europeans,18,0.00569
disappointments,18,0.00569
surgeons,18,0.00569
animals,18,0.00569
eyesight,18,0.00569
Miss_Thicket,18,0.00569
cool,18,0.00569
solitariness,18,0.00569
request_to,18,0.00569
priest_,18,0.00569
obstacles_unsurmountable,18,0.00569
pimp,18,0.00569
courtiers,18,0.00569
prostitute_my,18,0.00569
administration_,18,0.00569
Fain,18,0.00569
artillery,18,0.00569
ogling,18,0.00569
jaws,18,0.00569
sepulcher,18,0.00569
nest_,18,0.00569
laborer,18,0.00569
writers,18,0.00569
cuts,18,0.00569
Edinburgh,17,0.005374
Strap_replied,17,0.005374
alacrity,17,0.005374
lessons,17,0.005374
sharpers,17,0.005374
apprentices,17,0.005374
master_s,17,0.005374
deficiencies,17,0.005374
oaths,17,0.005374
esteem_of,17,0.005374
comrade,17,0.005374
durst_,17,0.005374
astonishment_at,17,0.005374
whisper,17,0.005374
Sir_aunt,17,0.005374
Sir_assured,17,0.005374
Tartary,17,0.005374
control,17,0.005374
parcel,17,0.005374
verdict,17,0.005374
Middlesex,17,0.005374
jury,17,0.005374
b,17,0.005374
ch,17,0.005374
master_had,17,0.005374
insertion,17,0.005374
muscle,17,0.005374
villain,17,0.005374
dame,17,0.005374
minuet,17,0.005374
conclusion,17,0.005374
justice_and,17,0.005374
distempers_of,17,0.005374
vagrants,17,0.005374
postscript_,17,0.005374
idol,17,0.005374
mistress_advice,17,0.005374
fidelity,17,0.005374
hilt,17,0.005374
olives,17,0.005374
horse,16,0.005057
rapture,16,0.005057
interest_as,16,0.005057
cheeks,16,0.005057
auction,16,0.005057
lands,16,0.005057
kindness,16,0.005057
forgetfulness,16,0.005057
beings,16,0.005057
jeweller,16,0.005057
wardrobe,16,0.005057
apparel,16,0.005057
resemblance,16,0.005057
Hounslow,16,0.005057
neglect,16,0.005057
guests_,16,0.005057
Dulcinea_fortune,16,0.005057
Dulcinea_would,16,0.005057
swarm,16,0.005057
flattery,16,0.005057
Miss_Miss,16,0.005057
bumpers,16,0.005057
Solomon,16,0.005057
vapor,16,0.005057
middle,16,0.005057
infirmary,16,0.005057
patients,16,0.005057
matrasses,16,0.005057
contact,16,0.005057
plaintiff,16,0.005057
partridge,16,0.005057
herd,16,0.005057
aspersions,16,0.005057
consequences,16,0.005057
contents,16,0.005057
bloom,16,0.005057
morals,16,0.005057
spunging,16,0.005057
lecture,16,0.005057
shaving,16,0.005057
channel,16,0.005057
poignard,16,0.005057
villainy,16,0.005057
cotton,16,0.005057
lacquey,16,0.005057
taper,16,0.005057
blue,16,0.005057
ivy,16,0.005057
queen,16,0.005057
Miss_at,16,0.005057
Flareit,16,0.005057
Sir_to,16,0.005057
dairy,16,0.005057
Gentleman,16,0.005057
avail,16,0.005057
foreigners,16,0.005057
girl,16,0.005057
Virgin,16,0.005057
Mary,16,0.005057
St_Genevive,16,0.005057
Genevive,16,0.005057
insinuation,16,0.005057
attire,16,0.005057
festivity_,16,0.005057
Majesty_,16,0.005057
printing,16,0.005057
envy,15,0.004741
white,15,0.004741
aspect,15,0.004741
fig,15,0.004741
economy,15,0.004741
assertions,15,0.004741
robbery,15,0.004741
rascal,15,0.004741
advances,15,0.004741
design,15,0.004741
highwayman,15,0.004741
spoiler,15,0.004741
martyrdom,15,0.004741
smiles,15,0.004741
Brown,15,0.004741
gallery,15,0.004741
die,15,0.004741
messages,15,0.004741
reconciliation,15,0.004741
invention,15,0.004741
pistols_had,15,0.004741
bows,15,0.004741
roast_,15,0.004741
squeeze,15,0.004741
exstacy_,15,0.004741
stage_coach,15,0.004741
promises,15,0.004741
response,15,0.004741
Monimia,15,0.004741
steward_by,15,0.004741
hints,15,0.004741
Strap_happy,15,0.004741
production,15,0.004741
effusions,15,0.004741
chain,15,0.004741
poverty,15,0.004741
praises,15,0.004741
attachments,15,0.004741
grosser,15,0.004741
regions,15,0.004741
wings,15,0.004741
Balthazar,15,0.004741
toils,15,0.004741
Flanders,15,0.004741
bird,15,0.004741
Mr_O,15,0.004741
Button,15,0.004741
Hole,15,0.004741
Shocky,15,0.004741
Towzer,15,0.004741
Leaky,15,0.004741
Vessel,15,0.004741
Colonel,15,0.004741
Jack,15,0.004741
collection,15,0.004741
conundrums,15,0.004741
wherewith,15,0.004741
tribe,15,0.004741
stalls_,15,0.004741
stalls_sung,15,0.004741
clubs,15,0.004741
tradesmen,15,0.004741
chaise,14,0.004425
address,14,0.004425
brotherinlaw,14,0.004425
nurse,14,0.004425
question_proposed,14,0.004425
employment,14,0.004425
articles,14,0.004425
fingers,14,0.004425
frown,14,0.004425
nags,14,0.004425
soliloquy,14,0.004425
coin,14,0.004425
lives,14,0.004425
composure,14,0.004425
Mrs_Snapper,14,0.004425
Cham,14,0.004425
giddy,14,0.004425
girls,14,0.004425
pain,14,0.004425
dance,14,0.004425
bearer,14,0.004425
officious,14,0.004425
dizziness,14,0.004425
exstasy_,14,0.004425
glove,14,0.004425
street_door,14,0.004425
enchantment,14,0.004425
detestation_and,14,0.004425
satyrist_,14,0.004425
minister_servants,14,0.004425
wages,14,0.004425
spoil,14,0.004425
waistcoat_,14,0.004425
accounts,14,0.004425
syllable,14,0.004425
parties,14,0.004425
necessaries,14,0.004425
payment,14,0.004425
admittance,14,0.004425
agitation,14,0.004425
South,14,0.004425
America,14,0.004425
climate,14,0.004425
concert,14,0.004425
Major_Domo,14,0.004425
Domo,14,0.004425
Hodge,14,0.004425
confirmation,14,0.004425
stump_of,14,0.004425
predecessor,14,0.004425
scraps,14,0.004425
infinity,14,0.004425
constancy_or,14,0.004425
mention,14,0.004425
distance_from,14,0.004425
L,14,0.004425
proffer,14,0.004425
prisoner,13,0.004109
step_to,13,0.004109
prudence,13,0.004109
yourself,13,0.004109
earnest_request,13,0.004109
kiss,13,0.004109
fright,13,0.004109
ensign,13,0.004109
sister_had,13,0.004109
alehouse,13,0.004109
round,13,0.004109
delay,13,0.004109
complaint,13,0.004109
shot,13,0.004109
praemunire,13,0.004109
convenience,13,0.004109
kinswoman,13,0.004109
mistress_averse,13,0.004109
mistress_proposal,13,0.004109
mistress_declined,13,0.004109
denial,13,0.004109
disrespect,13,0.004109
votaries,13,0.004109
Sir_absence,13,0.004109
detachment,13,0.004109
liquor,13,0.004109
Luxemburg,13,0.004109
anatomy,13,0.004109
diaphragma,13,0.004109
skirts,13,0.004109
singultus,13,0.004109
distress_of,13,0.004109
counsel,13,0.004109
publick,13,0.004109
Islington,13,0.004109
manhood,13,0.004109
description,13,0.004109
one,13,0.004109
restriction_or,13,0.004109
withal,13,0.004109
rambles,13,0.004109
taverns,13,0.004109
courtier,13,0.004109
Strutwell_by,13,0.004109
audacity,13,0.004109
incapacity,13,0.004109
credit,13,0.004109
Marshalsea,13,0.004109
imprisonment,13,0.004109
supercargo,13,0.004109
grammar,13,0.004109
dictionary,13,0.004109
consternation_,13,0.004109
signor,13,0.004109
Villa,13,0.004109
Jonas,13,0.004109
inhumanity,13,0.004109
witch,13,0.004109
damps,13,0.004109
tuns,13,0.004109
frankness,13,0.004109
gaiety,13,0.004109
Miss_pretended,13,0.004109
Strap_senses,13,0.004109
berry,13,0.004109
moisture_,13,0.004109
nerves,13,0.004109
penalty,13,0.004109
whiff,13,0.004109
tobacco,13,0.004109
jet,13,0.004109
bear,13,0.004109
ambition,13,0.004109
spleen,13,0.004109
journal,13,0.004109
quaintness,13,0.004109
multitude,13,0.004109
farewell,12,0.003793
deed,12,0.003793
spirit,12,0.003793
actors,12,0.003793
superiors,12,0.003793
Jew,12,0.003793
justice_in,12,0.003793
Westminster_,12,0.003793
regiment,12,0.003793
annuity,12,0.003793
tete,12,0.003793
stab_,12,0.003793
ape,12,0.003793
strapes_would,12,0.003793
rate,12,0.003793
Teague,12,0.003793
allowance,12,0.003793
Saturday,12,0.003793
trifle,12,0.003793
wish,12,0.003793
plan,12,0.003793
artifice,12,0.003793
inconstancy_of,12,0.003793
fathers,12,0.003793
dependants,12,0.003793
closet,12,0.003793
utmost_of,12,0.003793
Minister_levee,12,0.003793
ystery_,12,0.003793
Petro,12,0.003793
athic,12,0.003793
mistress_quarrel,12,0.003793
yesterday_,12,0.003793
emulation,12,0.003793
melancholy,12,0.003793
material,12,0.003793
intrepidity,12,0.003793
bale,12,0.003793
duties,12,0.003793
enjoyments,12,0.003793
affluence,12,0.003793
straw_,12,0.003793
draughts,12,0.003793
seal,12,0.003793
antique,12,0.003793
seals,12,0.003793
opal,12,0.003793
hunger,12,0.003793
ladder,12,0.003793
prosperity,12,0.003793
soldiers,12,0.003793
grass,12,0.003793
pity,12,0.003793
sentinel,12,0.003793
gate,12,0.003793
mourning,12,0.003793
strapes_,12,0.003793
Strap_perceived,12,0.003793
ode,12,0.003793
rum,11,0.003477
D,11,0.003477
instance_of,11,0.003477
idleness,11,0.003477
bride,11,0.003477
holiday,11,0.003477
humors,11,0.003477
compass,11,0.003477
omen,11,0.003477
foutre,11,0.003477
restez_,11,0.003477
losers,11,0.003477
imprecations,11,0.003477
defamation,11,0.003477
frenzy,11,0.003477
valor,11,0.003477
conquest_,11,0.003477
Miss_,11,0.003477
heath,11,0.003477
staircase_,11,0.003477
unknown,11,0.003477
Sir_recovery,11,0.003477
princess,11,0.003477
regulation,11,0.003477
shillings,11,0.003477
hunting,11,0.003477
bid,11,0.003477
bailiff,11,0.003477
follower,11,0.003477
Cavalier,11,0.003477
sail,11,0.003477
mates,11,0.003477
stroke_,11,0.003477
prayers,11,0.003477
refreshment,11,0.003477
picture,11,0.003477
excursions,11,0.003477
remorse,11,0.003477
smile,11,0.003477
enchantress,11,0.003477
questions_to,11,0.003477
answers,11,0.003477
impertinent,11,0.003477
intrusion,11,0.003477
walk,11,0.003477
cabaret,11,0.003477
Avast_there,11,0.003477
tricks,11,0.003477
break,11,0.003477
woods,11,0.003477
haunts,11,0.003477
scorn,11,0.003477
Majesty_eat,11,0.003477
corner,11,0.003477
wink,11,0.003477
surliness,11,0.003477
entrance,10,0.003161
sham,10,0.003161
Orson,10,0.003161
Topehall,10,0.003161
boxes,10,0.003161
patent,10,0.003161
handful,10,0.003161
integrity,10,0.003161
Punch,10,0.003161
Joan,10,0.003161
traveller,10,0.003161
Miss_admired,10,0.003161
reimbarked,10,0.003161
dilemma,10,0.003161
Odds,10,0.003161
bobs,10,0.003161
chandler,10,0.003161
bodies,10,0.003161
foundation,10,0.003161
literati,10,0.003161
reluctance,10,0.003161
stairs_,10,0.003161
slippers,10,0.003161
Minister_was,10,0.003161
minister_all,10,0.003161
jack,10,0.003161
calls,10,0.003161
calmness,10,0.003161
subsistence_any,10,0.003161
impressions,10,0.003161
Deal,10,0.003161
refrain,10,0.003161
conceptions,10,0.003161
grandee,10,0.003161
carpenter,10,0.003161
wing,10,0.003161
peasant,10,0.003161
pension,10,0.003161
fancy,10,0.003161
empire,10,0.003161
sister_with,10,0.003161
assiduity,10,0.003161
abundance,10,0.003161
pranks,10,0.003161
futurity,10,0.003161
drink,10,0.003161
cookwench,10,0.003161
steel_,10,0.003161
sauce,10,0.003161
haunt,10,0.003161
amusement,10,0.003161
temptations,10,0.003161
oppression,10,0.003161
quarters,10,0.003161
throat,10,0.003161
Strand_,10,0.003161
commerce,10,0.003161
contract,10,0.003161
circumstance_,10,0.003161
buttons,9,0.002845
drops,9,0.002845
beggar,9,0.002845
blushes,9,0.002845
master_was,9,0.002845
affliction,9,0.002845
circumstance_that,9,0.002845
movables,9,0.002845
politeness,9,0.002845
Strap_hoped,9,0.002845
decrepid,9,0.002845
dealing,9,0.002845
sulky,9,0.002845
weapons,9,0.002845
firearms,9,0.002845
impulse,9,0.002845
trust_,9,0.002845
Sir_brother,9,0.002845
Tom,9,0.002845
Trippet,9,0.002845
importunities,9,0.002845
oclock,9,0.002845
taylor,9,0.002845
critic,9,0.002845
beard,9,0.002845
queue,9,0.002845
spagne,9,0.002845
respects,9,0.002845
blinds,9,0.002845
brocade,9,0.002845
petticoat,9,0.002845
advance,9,0.002845
challenger,9,0.002845
moderation,9,0.002845
scoundrels,9,0.002845
equivocation,9,0.002845
invoyce,9,0.002845
daylight,9,0.002845
project,9,0.002845
vessel,9,0.002845
pound,9,0.002845
rustling_among,9,0.002845
species,9,0.002845
cloth,9,0.002845
principle,9,0.002845
entreaty,9,0.002845
talk,9,0.002845
inspirations,9,0.002845
affections,9,0.002845
restraint_he,9,0.002845
disturbance_,9,0.002845
whispering,9,0.002845
half,9,0.002845
enemies,9,0.002845
punishment,9,0.002845
hole,9,0.002845
stockings_,9,0.002845
Upper,9,0.002845
Town,9,0.002845
clerks,9,0.002845
undersecretary,9,0.002845
beadle,9,0.002845
violin,9,0.002845
mutilation,9,0.002845
appearances,9,0.002845
jerk,9,0.002845
joint,9,0.002845
exaggerations,9,0.002845
gasconades,9,0.002845
proportion,9,0.002845
apparitions,9,0.002845
mistress_to,9,0.002845
Kingston_,8,0.002529
Got,8,0.002529
salfation,8,0.002529
frient,8,0.002529
suggestions_of,8,0.002529
understanding_and,8,0.002529
congratulation,8,0.002529
overseer,8,0.002529
bureau,8,0.002529
stage_for,8,0.002529
game,8,0.002529
multitudes,8,0.002529
pistol_ball,8,0.002529
howsomever,8,0.002529
musqueteer,8,0.002529
guards,8,0.002529
cornet,8,0.002529
Boh,8,0.002529
cordials,8,0.002529
firing,8,0.002529
durst_tremble,8,0.002529
penetration,8,0.002529
mistress_tempted,8,0.002529
mistress_fair,8,0.002529
mistress_persuasive,8,0.002529
Sir_husband,8,0.002529
dropsy,8,0.002529
Sir_testimony,8,0.002529
testimony_would,8,0.002529
intoxication,8,0.002529
stranger_,8,0.002529
Randoms,8,0.002529
north,8,0.002529
dose,8,0.002529
baise,8,0.002529
mains,8,0.002529
heroine,8,0.002529
christendom_,8,0.002529
Fleet,8,0.002529
alimony,8,0.002529
gratis,8,0.002529
swagger,8,0.002529
Pistol_,8,0.002529
Charing,8,0.002529
Cross,8,0.002529
prominence,8,0.002529
belly,8,0.002529
chairmen,8,0.002529
bunters,8,0.002529
Hampstead_had,8,0.002529
mistress_you,8,0.002529
bastards_at,8,0.002529
good,8,0.002529
windows,8,0.002529
purity,8,0.002529
Lords_Straddle,8,0.002529
Straddle_and,8,0.002529
Cerberus,8,0.002529
ministry_in,8,0.002529
scoundrel,8,0.002529
witnesses,8,0.002529
sarcasm,8,0.002529
Thither,8,0.002529
precautions,8,0.002529
obstinacy_,8,0.002529
fain,8,0.002529
Strap_arrives,8,0.002529
sloop,8,0.002529
Strap_out,8,0.002529
negroes,8,0.002529
tree,8,0.002529
tumults,8,0.002529
Thames,8,0.002529
Jamaica,8,0.002529
lading,8,0.002529
thought,8,0.002529
Strap_would,8,0.002529
sketch,8,0.002529
overdose,8,0.002529
tyranny,8,0.002529
belt,8,0.002529
list_,8,0.002529
inclinations,8,0.002529
Hellespont,8,0.002529
Sestos_to,8,0.002529
Abydos,8,0.002529
estate_excluded,8,0.002529
foes,8,0.002529
hall,8,0.002529
interest_I,8,0.002529
ticket,8,0.002529
constitutions_,8,0.002529
disquisitions,8,0.002529
taking,8,0.002529
friar,8,0.002529
march,8,0.002529
cravings,8,0.002529
folly,8,0.002529
pass,8,0.002529
chest_of,8,0.002529
drawers,8,0.002529
opera,8,0.002529
weakness,8,0.002529
circumspection,8,0.002529
sirrah,8,0.002529
rod,8,0.002529
Vaudemont,8,0.002529
circumstances_were,7,0.002213
bank,7,0.002213
Fortune,7,0.002213
stage_this,7,0.002213
trial,7,0.002213
defect,7,0.002213
threats,7,0.002213
succor,7,0.002213
plot,7,0.002213
pains,7,0.002213
riches,7,0.002213
county,7,0.002213
act,7,0.002213
parliament,7,0.002213
coldness,7,0.002213
assiduities,7,0.002213
brandy,7,0.002213
nap,7,0.002213
Sir_in,7,0.002213
numberless,7,0.002213
calamities,7,0.002213
Sir_has,7,0.002213
solemnity,7,0.002213
mimickry,7,0.002213
buffoonery,7,0.002213
siege,7,0.002213
chagrin,7,0.002213
spark,7,0.002213
sublimity,7,0.002213
designs,7,0.002213
testimony_of,7,0.002213
Lord_Strutwell,7,0.002213
appellations,7,0.002213
Jewel,7,0.002213
Phoenix,7,0.002213
Rara,7,0.002213
avis,7,0.002213
pinnacle,7,0.002213
abyss,7,0.002213
despondence,7,0.002213
bleeding,7,0.002213
tranquillity,7,0.002213
example,7,0.002213
alcove,7,0.002213
assistant_,7,0.002213
broadside,7,0.002213
Plate,7,0.002213
understanding_no,7,0.002213
exception,7,0.002213
coffin,7,0.002213
shroud,7,0.002213
bell,7,0.002213
laws,7,0.002213
mistress_of,7,0.002213
effusion,7,0.002213
distraction_,7,0.002213
deaths,7,0.002213
outlawry,7,0.002213
desperadoes,7,0.002213
weathers,7,0.002213
saying,7,0.002213
hog,7,0.002213
apple,7,0.002213
Daniel,7,0.002213
Whipcord,7,0.002213
mistress_Narcissa,7,0.002213
fare,7,0.002213
fields,7,0.002213
tansy,7,0.002213
smoking,7,0.002213
reasons,7,0.002213
playhouse,7,0.002213
masquerade,7,0.002213
Strap_was,7,0.002213
courtezan,7,0.002213
breach,7,0.002213
divisions,7,0.002213
hencoop,6,0.001897
bloods,6,0.001897
turpentine,6,0.001897
yolks,6,0.001897
eggs,6,0.001897
fictions,6,0.001897
dream,6,0.001897
custody_,6,0.001897
Strap_tell,6,0.001897
taste_in,6,0.001897
task,6,0.001897
comedy,6,0.001897
force,6,0.001897
surer,6,0.001897
Strutwell_I,6,0.001897
usage,6,0.001897
Strap_had,6,0.001897
Strutwell_own,6,0.001897
choosing,6,0.001897
comprehension,6,0.001897
action,6,0.001897
mistress_forwards,6,0.001897
forwards,6,0.001897
mistress_body,6,0.001897
noses,6,0.001897
ass,6,0.001897
lion,6,0.001897
mistress_out,6,0.001897
mistress_mother,6,0.001897
strokes_of,6,0.001897
gallantry,6,0.001897
Strap_very,6,0.001897
enslaver,6,0.001897
decorum,6,0.001897
streets_,6,0.001897
sister_esteem,6,0.001897
specific,6,0.001897
distempers_incident,6,0.001897
incident,6,0.001897
specifics,6,0.001897
agony,6,0.001897
absurdity,6,0.001897
incantations,6,0.001897
dreams,6,0.001897
superstition_,6,0.001897
bent,6,0.001897
perplexities,6,0.001897
dropper,6,0.001897
objects,6,0.001897
mistress_by,6,0.001897
counselor,6,0.001897
Fitz,6,0.001897
clabber,6,0.001897
intrigue,6,0.001897
messenger,6,0.001897
disgust_I,6,0.001897
sweetmeats,6,0.001897
mistress_charming,6,0.001897
ward,6,0.001897
particular,6,0.001897
Petronius,6,0.001897
Arbiter,6,0.001897
shape,6,0.001897
mistress_so,6,0.001897
posthorses_,6,0.001897
fraud,6,0.001897
billiards,6,0.001897
pins,6,0.001897
fives,6,0.001897
dispatches,6,0.001897
vigilance,6,0.001897
instruments_and,6,0.001897
dressings,6,0.001897
land,6,0.001897
ghost_,6,0.001897
province,6,0.001897
witness,6,0.001897
modesty_invincible,6,0.001897
journeyman,6,0.001897
martial,6,0.001897
pistols_loaded,6,0.001897
spectacles,6,0.001897
apparition,6,0.001897
strength_sufficient,6,0.001897
disgust_to,6,0.001897
covers,6,0.001897
instrument_produced,6,0.001897
obstacle_in,6,0.001897
bar,6,0.001897
page,6,0.001897
Pionti,6,0.001897
ton,6,0.001897
oinon,6,0.001897
stroakings_,6,0.001897
inamoratas,6,0.001897
Dear,6,0.001897
pursuers,6,0.001897
legislature,6,0.001897
Lisieux,6,0.001897
Dutchmen_who,6,0.001897
fricassee,6,0.001897
chickens,6,0.001897
assistance_I,6,0.001897
windward,6,0.001897
Amiens,6,0.001897
mattrass,6,0.001897
myriads,6,0.001897
fleas,6,0.001897
innkeeper,6,0.001897
gaunt,6,0.001897
rings,6,0.001897
Namur,6,0.001897
poem,6,0.001897
abate,6,0.001897
confessor,6,0.001897
pastorals_,6,0.001897
profit,6,0.001897
estate_lest,5,0.00158
Avast_,5,0.00158
avast_,5,0.00158
pitch,5,0.00158
support,5,0.00158
Heavens,5,0.00158
thee,5,0.00158
note,5,0.00158
independency,5,0.00158
juncture,5,0.00158
industry_of,5,0.00158
Mr_Crab,5,0.00158
peasants,5,0.00158
amends,5,0.00158
caution,5,0.00158
beginning,5,0.00158
Euripedes,5,0.00158
Sophocles,5,0.00158
executors,5,0.00158
street_naked,5,0.00158
pittance,5,0.00158
forehead,5,0.00158
shoulders,5,0.00158
Miss_Lavement,5,0.00158
penitence,5,0.00158
reprimand,5,0.00158
Strutwell_and,5,0.00158
writ,5,0.00158
exploits,5,0.00158
music,5,0.00158
mistress_not,5,0.00158
goose,5,0.00158
masters_of,5,0.00158
Strap_coming,5,0.00158
kinds,5,0.00158
twists_from,5,0.00158
conveyancer,5,0.00158
intail,5,0.00158
enjoyment,5,0.00158
carriage,5,0.00158
mistress_acted,5,0.00158
sweetheart,5,0.00158
sufferer,5,0.00158
posture_,5,0.00158
bottom,5,0.00158
mortifications,5,0.00158
potatoes,5,0.00158
Greek,5,0.00158
cross,5,0.00158
Nature,5,0.00158
bench,5,0.00158
nimbleness,5,0.00158
prank,5,0.00158
Sylvan,5,0.00158
mountain,5,0.00158
forest_caught,5,0.00158
strapes_upon,5,0.00158
trull,5,0.00158
cellar,5,0.00158
pencil,5,0.00158
Hogarth,5,0.00158
astonishment_and,5,0.00158
extravagance,5,0.00158
ridicule,5,0.00158
velvet,5,0.00158
breeches,5,0.00158
tye,5,0.00158
wig,5,0.00158
Cynic,5,0.00158
sleep,5,0.00158
hackney,5,0.00158
excess,5,0.00158
rent,5,0.00158
roll,5,0.00158
improving,5,0.00158
Strap_acquainted,5,0.00158
rustling_of,5,0.00158
silk,5,0.00158
fitter,5,0.00158
proofs,5,0.00158
stage_one,5,0.00158
disaster_,5,0.00158
beef,5,0.00158
greens,5,0.00158
cook,5,0.00158
laughter,5,0.00158
highway,5,0.00158
destination_,5,0.00158
heavens,5,0.00158
tire,5,0.00158
guns,5,0.00158
distance_,5,0.00158
hen,5,0.00158
coops,5,0.00158
distance_of,5,0.00158
shins,5,0.00158
descent,5,0.00158
cutlass,5,0.00158
cowardice,5,0.00158
clowns,5,0.00158
quota,5,0.00158
maintenance,5,0.00158
reverse,5,0.00158
knives,5,0.00158
forks,5,0.00158
study_at,5,0.00158
smattering,5,0.00158
study_,5,0.00158
altar,5,0.00158
Nestor_at,5,0.00158
Homer,5,0.00158
cups,5,0.00158
Nestora_d,5,0.00158
accuracy,5,0.00158
trickle,5,0.00158
rules,5,0.00158
root,5,0.00158
heroes,5,0.00158
antiquity,5,0.00158
ministry_own,5,0.00158
stranger_in,5,0.00158
questions_relating,5,0.00158
masters_,5,0.00158
errand,5,0.00158
literature,5,0.00158
sheet,5,0.00158
style_to,5,0.00158
readers,5,0.00158
versification,5,0.00158
Downs,4,0.001264
Portsmouth,4,0.001264
glyster_,4,0.001264
mistress_enchanting,4,0.001264
heave,4,0.001264
sallies,4,0.001264
Ay,4,0.001264
epistle_from,4,0.001264
remonstrances_,4,0.001264
tribute,4,0.001264
Doctor_s,4,0.001264
Commons,4,0.001264
bullocks,4,0.001264
farm,4,0.001264
scenes,4,0.001264
misapprehension,4,0.001264
refusal,4,0.001264
instruction_and,4,0.001264
socket,4,0.001264
bumper,4,0.001264
rooks,4,0.001264
booty,4,0.001264
Strap_so,4,0.001264
forgivenness,4,0.001264
Strap_repentance,4,0.001264
repentance,4,0.001264
genie,4,0.001264
intrails,4,0.001264
inventory,4,0.001264
seating,4,0.001264
justice_return,4,0.001264
preferment,4,0.001264
reference,4,0.001264
question_which,4,0.001264
halt,4,0.001264
durst_to,4,0.001264
altercation,4,0.001264
cud,4,0.001264
Miss_mess,4,0.001264
Miss_attachment,4,0.001264
throbbings,4,0.001264
mouthful,4,0.001264
Sir_I,4,0.001264
omission,4,0.001264
behave,4,0.001264
dexterity,4,0.001264
question_or,4,0.001264
Palestine_,4,0.001264
treasure,4,0.001264
courtesy,4,0.001264
disturbance_in,4,0.001264
luck,4,0.001264
chin,4,0.001264
yard,4,0.001264
meals,4,0.001264
throats,4,0.001264
readiness,4,0.001264
Irishman,4,0.001264
bowels,4,0.001264
jewel,4,0.001264
spectators,4,0.001264
unworthy,4,0.001264
thrust_in,4,0.001264
blade,4,0.001264
plaster_over,4,0.001264
gore,4,0.001264
incoherence,4,0.001264
understanding_among,4,0.001264
fooleries,4,0.001264
anguish,4,0.001264
abode,4,0.001264
anchor,4,0.001264
request_did,4,0.001264
post_house,4,0.001264
lucre,4,0.001264
gain,4,0.001264
colors,4,0.001264
Negro,4,0.001264
sharer,4,0.001264
constancy_to,4,0.001264
CHAP,4,0.001264
mutiny,4,0.001264
Scilly,4,0.001264
rope,4,0.001264
pistol_after,4,0.001264
bullet,4,0.001264
applications,4,0.001264
mistress_s,4,0.001264
fragments,4,0.001264
tragedies,4,0.001264
titles,4,0.001264
Philosopher,4,0.001264
hams,4,0.001264
puss,4,0.001264
Straits_,4,0.001264
Miss_become,4,0.001264
bounds,4,0.001264
pangs,4,0.001264
nymph,4,0.001264
tenter,4,0.001264
hooks,4,0.001264
protest_,4,0.001264
termination,4,0.001264
criticism,4,0.001264
paces,4,0.001264
Cutter,4,0.001264
rashness,4,0.001264
Ah,4,0.001264
advancement,4,0.001264
hotel,4,0.001264
constitution_convenient,4,0.001264
standing_there,4,0.001264
knapsacks,4,0.001264
onions,4,0.001264
Marechal,4,0.001264
de,4,0.001264
Noailles,4,0.001264
foe,4,0.001264
Hanau,4,0.001264
recontre,4,0.001264
transition,4,0.001264
obstructions_in,4,0.001264
sensibility,4,0.001264
gaity,4,0.001264
allurements,4,0.001264
sisterhood_,4,0.001264
maxims,4,0.001264
notions,4,0.001264
hearsay,4,0.001264
campaign,4,0.001264
countries,4,0.001264
sorrows,4,0.001264
studies_to,4,0.001264
authors,4,0.001264
introductor,4,0.001264
ballad,4,0.001264
forsaken,4,0.001264
mistress_opinion,4,0.001264
torture,3,0.000948
counter,3,0.000948
mistress_own,3,0.000948
stairs_in,3,0.000948
haste_,3,0.000948
mistress_the,3,0.000948
thou,3,0.000948
pattern,3,0.000948
equipage,3,0.000948
fruit,3,0.000948
gift,3,0.000948
feelings,3,0.000948
pulse,3,0.000948
beat,3,0.000948
executor,3,0.000948
cruelty,3,0.000948
stage_better,3,0.000948
living,3,0.000948
summons,3,0.000948
Maecenas,3,0.000948
Lordship_s,3,0.000948
interest_which,3,0.000948
narration,3,0.000948
directions,3,0.000948
solicitations,3,0.000948
sitters,3,0.000948
betters,3,0.000948
justice_done,3,0.000948
piazzas,3,0.000948
rhapsody,3,0.000948
Strap_name,3,0.000948
Strap_treacherous,3,0.000948
virulence,3,0.000948
volubility,3,0.000948
fellowtravellers,3,0.000948
selfapprobation,3,0.000948
talks,3,0.000948
mistress_complexion,3,0.000948
emphasis,3,0.000948
interjection,3,0.000948
pistols_to,3,0.000948
distance_to,3,0.000948
Miss_had,3,0.000948
driver,3,0.000948
repent,3,0.000948
obscenity,3,0.000948
Dulcinea_was,3,0.000948
Dulcinea_a,3,0.000948
Dulcinea_had,3,0.000948
mistress_kinswoman,3,0.000948
reverie,3,0.000948
justness_of,3,0.000948
interests_,3,0.000948
Sir_very,3,0.000948
Sir_feet,3,0.000948
Sir_desire,3,0.000948
transport,3,0.000948
Sir_marriage,3,0.000948
associate,3,0.000948
Chams,3,0.000948
T,3,0.000948
parallel,3,0.000948
horizon,3,0.000948
conquest_he,3,0.000948
rebuff,3,0.000948
disinterestedness_and,3,0.000948
triumph,3,0.000948
difficulties,3,0.000948
run,3,0.000948
whores,3,0.000948
style_and,3,0.000948
subscription,3,0.000948
womankind,3,0.000948
volunteer,3,0.000948
Turks,3,0.000948
arrest_by,3,0.000948
welfare,3,0.000948
pack,3,0.000948
count,3,0.000948
Miss_Goosetrap,3,0.000948
affront,3,0.000948
receipt,3,0.000948
researches,3,0.000948
Miss_Sparkle,3,0.000948
hag,3,0.000948
convulsion,3,0.000948
persume,3,0.000948
infirmity,3,0.000948
gatherer,3,0.000948
darling,3,0.000948
notes,3,0.000948
nay,3,0.000948
peradventure,3,0.000948
superscription,3,0.000948
handwriting,3,0.000948
observation,3,0.000948
spies,3,0.000948
Belle,3,0.000948
Lettres,3,0.000948
servent,3,0.000948
talent,3,0.000948
knavery,3,0.000948
selfishness,3,0.000948
original,3,0.000948
lee,3,0.000948
savor,3,0.000948
destination_of,3,0.000948
chase,3,0.000948
cockpit,3,0.000948
gravity,3,0.000948
mules,3,0.000948
noon,3,0.000948
throb,3,0.000948
Disposer,3,0.000948
prayer,3,0.000948
thanksgiving,3,0.000948
messengers,3,0.000948
ribbon,3,0.000948
worship,3,0.000948
truss,3,0.000948
Satan,3,0.000948
Red,3,0.000948
Zea,3,0.000948
conjuration,3,0.000948
sentence,3,0.000948
epistle_I,3,0.000948
views,3,0.000948
neighbors,3,0.000948
operation,3,0.000948
beginner,3,0.000948
recital,3,0.000948
works,3,0.000948
book,3,0.000948
mistress_pocket,3,0.000948
fault,3,0.000948
mistress_a,3,0.000948
guests_company,3,0.000948
claret,3,0.000948
MADAM,3,0.000948
Lord_in,3,0.000948
perdition,3,0.000948
monastery_,3,0.000948
tittle,3,0.000948
Nanette,3,0.000948
bitterness,3,0.000948
treachery,3,0.000948
scare,3,0.000948
crows,3,0.000948
regiments,3,0.000948
blow,3,0.000948
conqueror,3,0.000948
feats,3,0.000948
Hercules,3,0.000948
Charlemagne,3,0.000948
pusilanimity,3,0.000948
Burgundy,3,0.000948
Duke_need,3,0.000948
plenty,3,0.000948
tailors,3,0.000948
sorts,3,0.000948
jelly,3,0.000948
grandfather,3,0.000948
experience,3,0.000948
ministry_have,3,0.000948
promotion,3,0.000948
interest_than,3,0.000948
epithits,3,0.000948
clothing,3,0.000948
events,3,0.000948
printers,3,0.000948
ballads,3,0.000948
Grub,3,0.000948
street_manner,3,0.000948
mistress_approbation,3,0.000948
Glide,3,0.000948
swift,3,0.000948
widowhood,2,0.000632
pestle_,2,0.000632
mortar,2,0.000632
post_horses,2,0.000632
flames,2,0.000632
orange,2,0.000632
grove,2,0.000632
mourner,2,0.000632
Latin,2,0.000632
burning,2,0.000632
spell,2,0.000632
modesty_,2,0.000632
waist_,2,0.000632
felicity,2,0.000632
insincerity,2,0.000632
restection_,2,0.000632
stage_accordingly,2,0.000632
opinions,2,0.000632
conditions,2,0.000632
expostulations_,2,0.000632
methods,2,0.000632
Convent,2,0.000632
Garden,2,0.000632
throw,2,0.000632
scruples,2,0.000632
intellects,2,0.000632
settee,2,0.000632
Strap_up,2,0.000632
Strap_husband,2,0.000632
Germany,2,0.000632
demonstration_,2,0.000632
Strutwell_levee,2,0.000632
plate,2,0.000632
midwife,2,0.000632
fool,2,0.000632
battery,2,0.000632
firelock,2,0.000632
standard_in,2,0.000632
General_,2,0.000632
expletives,2,0.000632
General_to,2,0.000632
cry,2,0.000632
edge,2,0.000632
mistress_eye,2,0.000632
signs,2,0.000632
breakfast_for,2,0.000632
Dulcinea_person,2,0.000632
occurrences,2,0.000632
cordial,2,0.000632
stock_of,2,0.000632
lingos,2,0.000632
mistress_would,2,0.000632
declarations,2,0.000632
restraint_I,2,0.000632
habitations,2,0.000632
herself,2,0.000632
stomachics_,2,0.000632
faces,2,0.000632
faithless,2,0.000632
monster_,2,0.000632
lamentations,2,0.000632
cudgels,2,0.000632
poker,2,0.000632
heels,2,0.000632
lather,2,0.000632
cheats,2,0.000632
conspiracies,2,0.000632
puppy,2,0.000632
mistress_penetration,2,0.000632
labors,2,0.000632
extravagancies,2,0.000632
crisis,2,0.000632
state_and,2,0.000632
Bottle,2,0.000632
Chatter,2,0.000632
They,2,0.000632
horrors,2,0.000632
fiend,2,0.000632
fuel,2,0.000632
opening,2,0.000632
palsy,2,0.000632
casket,2,0.000632
raptures,2,0.000632
mistress_shriveled,2,0.000632
mistress_exstasy,2,0.000632
mistress_skinny,2,0.000632
miscarriage,2,0.000632
Minister_,2,0.000632
gap,2,0.000632
No,2,0.000632
question_I,2,0.000632
maker,2,0.000632
relish,2,0.000632
toy,2,0.000632
temptation,2,0.000632
question_put,2,0.000632
haughtiness,2,0.000632
flag,2,0.000632
handkerchief,2,0.000632
lint,2,0.000632
cognizance,2,0.000632
mistress_as,2,0.000632
Strap_ignorant,2,0.000632
stupidity_into,2,0.000632
resignation,2,0.000632
Bagshot,2,0.000632
Heath,2,0.000632
passengers,2,0.000632
contribution,2,0.000632
tailor,2,0.000632
damns,2,0.000632
prisoners,2,0.000632
Strap_understood,2,0.000632
pistols_and,2,0.000632
veil,2,0.000632
studding_,2,0.000632
sails,2,0.000632
seamen,2,0.000632
lie,2,0.000632
projects,2,0.000632
attraction,2,0.000632
stroke_of,2,0.000632
irksome,2,0.000632
cut,2,0.000632
pistols_from,2,0.000632
Samaritan,2,0.000632
pay,2,0.000632
Rosicrucius,2,0.000632
languages,2,0.000632
whims,2,0.000632
astonishment_of,2,0.000632
mathematics,2,0.000632
actions,2,0.000632
spear,2,0.000632
understanding_in,2,0.000632
harpsicord,2,0.000632
singing,2,0.000632
dew,2,0.000632
mistress_information,2,0.000632
mistress_expressions,2,0.000632
mistress_counsel,2,0.000632
rendezvous,2,0.000632
exclamation,2,0.000632
passions,2,0.000632
ferment,2,0.000632
chairs,2,0.000632
disquiet,2,0.000632
storm_,2,0.000632
Englishman,2,0.000632
ends,2,0.000632
vein,2,0.000632
poteein,2,0.000632
queens,2,0.000632
rescue,2,0.000632
vengeance,2,0.000632
cutter,2,0.000632
agents,2,0.000632
Lords_in,2,0.000632
creed,2,0.000632
competition,2,0.000632
bedfellow,2,0.000632
honesty_,2,0.000632
territory,2,0.000632
thirst_I,2,0.000632
comrades,2,0.000632
juice,2,0.000632
tie,2,0.000632
allies,2,0.000632
correction,2,0.000632
scratch,2,0.000632
corners,2,0.000632
Gawky,2,0.000632
Monsieur_brother,2,0.000632
button,2,0.000632
meditation,2,0.000632
Luxemburgh,2,0.000632
incarnate,2,0.000632
stairs_to,2,0.000632
Ministry_,2,0.000632
invectives,2,0.000632
generals,2,0.000632
sanction,2,0.000632
indignity,2,0.000632
train,2,0.000632
reflections,2,0.000632
Melopogn,2,0.000632
fable,2,0.000632
wagon,2,0.000632
kitchen,2,0.000632
industry_,2,0.000632
farthing,2,0.000632
ecclogues,2,0.000632
poems,2,0.000632
class,2,0.000632
prose,2,0.000632
wire,1,0.000316
vocal,1,0.000316
children,1,0.000316
hail,1,0.000316
Lizzard,1,0.000316
post_that,1,0.000316
modesty_and,1,0.000316
curtain,1,0.000316
stages_,1,0.000316
courtyard,1,0.000316
patronage,1,0.000316
finesse,1,0.000316
Pshaw,1,0.000316
swords,1,0.000316
stock_on,1,0.000316
Strap_show,1,0.000316
Strutwell_with,1,0.000316
quaker,1,0.000316
breast_high,1,0.000316
standard_carried,1,0.000316
standard_off,1,0.000316
rogue,1,0.000316
boh,1,0.000316
nonresistance_,1,0.000316
coachman,1,0.000316
pistols_on,1,0.000316
pistols_rode,1,0.000316
imperfections,1,0.000316
check,1,0.000316
interest_The,1,0.000316
homage,1,0.000316
velocity,1,0.000316
palate,1,0.000316
bashfulness,1,0.000316
Sir_would,1,0.000316
excellence,1,0.000316
fondness,1,0.000316
relapse,1,0.000316
preparation,1,0.000316
risks,1,0.000316
catches,1,0.000316
constable_,1,0.000316
confederacy,1,0.000316
complainant,1,0.000316
cautery,1,0.000316
imputation,1,0.000316
furniture,1,0.000316
disgust_,1,0.000316
Mall,1,0.000316
stand_,1,0.000316
parley,1,0.000316
sity,1,0.000316
lock,1,0.000316
morrow,1,0.000316
admirer,1,0.000316
rigor,1,0.000316
sufficiency,1,0.000316
bolus,1,0.000316
cavalier,1,0.000316
stairs_as,1,0.000316
Minister_by,1,0.000316
pardons,1,0.000316
farce,1,0.000316
nobility,1,0.000316
hint,1,0.000316
rudeness,1,0.000316
thrusts_with,1,0.000316
fall,1,0.000316
threat,1,0.000316
detection,1,0.000316
client,1,0.000316
losses,1,0.000316
pistol_in,1,0.000316
captivity,1,0.000316
snug,1,0.000316
differences,1,0.000316
creditor,1,0.000316
concealment,1,0.000316
drift,1,0.000316
hypocrisy,1,0.000316
masts_,1,0.000316
recompense,1,0.000316
decrees,1,0.000316
pupil,1,0.000316
ways,1,0.000316
griefs,1,0.000316
confinement,1,0.000316
crew,1,0.000316
pistol_at,1,0.000316
clown,1,0.000316
Richard,1,0.000316
burial,1,0.000316
mischief,1,0.000316
strength_,1,0.000316
step_We,1,0.000316
being,1,0.000316
cookmaid,1,0.000316
knife,1,0.000316
cavalcade,1,0.000316
hunters,1,0.000316
conflagration,1,0.000316
conquest_over,1,0.000316
paragraph,1,0.000316
breast_by,1,0.000316
betimes,1,0.000316
stem_,1,0.000316
theme,1,0.000316
paradise,1,0.000316
outrage,1,0.000316
garden,1,0.000316
cold,1,0.000316
whispers,1,0.000316
public,1,0.000316
no,1,0.000316
forenoon,1,0.000316
occasions,1,0.000316
cudgel,1,0.000316
suffusion,1,0.000316
color,1,0.000316
calamity,1,0.000316
tar,1,0.000316
sermon,1,0.000316
pope,1,0.000316
admission,1,0.000316
tendresse,1,0.000316
incest_,1,0.000316
Noyons,1,0.000316
pockets,1,0.000316
stairs_immediately,1,0.000316
satigue,1,0.000316
fist_,1,0.000316
adversary,1,0.000316
mice,1,0.000316
onset,1,0.000316
Netherlands,1,0.000316
tartness,1,0.000316
martyrs,1,0.000316
excogitations,1,0.000316
Louvre,1,0.000316
nose,1,0.000316
conquests_the,1,0.000316
blunders,1,0.000316
acts,1,0.000316
restitution_,1,0.000316
papers,1,0.000316
error,1,0.000316
songs,1,0.000316
Narcissas,1,0.000316
