Percival,30446,8.164415
Laura,14084,3.776772
I,13270,3.55849
me,12584,3.374532
Marian,8494,2.277755
Fairlie,8271,2.217955
Catherick,5274,1.414278
husband,4437,1.189828
it,4356,1.168107
Anne,3968,1.064061
Frederick,3830,1.027055
Fosco,3707,0.994071
house,3459,0.927567
time,3262,0.87474
sister_s,3060,0.820571
Limmeridge,2924,0.784101
wife,2779,0.745218
Mrs_Clements,2320,0.622132
Clements,2320,0.622132
Mrs_Catherick,2309,0.619183
us,2240,0.60068
Walter,2115,0.567159
Hartright,1946,0.52184
letter,1695,0.454532
we,1655,0.443806
Blackwater,1474,0.395269
day,1443,0.386956
words,1357,0.363894
Rubelle,1324,0.355045
mind,1278,0.342709
recollections,1275,0.341905
scholar,1254,0.336273
place,1206,0.323402
Park,1166,0.312675
mother,1166,0.312675
Gilmore,1163,0.311871
Madame_Fosco,1155,0.309725
marriage,1144,0.306776
way,1130,0.303021
friend,1129,0.302753
London,1106,0.296586
life,1077,0.288809
niece,1065,0.285591
name,1054,0.282641
nothing,1051,0.281837
room,1039,0.278619
direction,935,0.25073
himself,934,0.250462
Mrs_Rubelle,916,0.245635
visit,894,0.239735
residence,879,0.235713
side,858,0.230082
invitation,856,0.229545
days,848,0.2274
She,823,0.220696
Mr_Gilmore,796,0.213456
permission,791,0.212115
Asylum,786,0.210774
Vesey,785,0.210506
moment,781,0.209433
death,771,0.206752
farm,743,0.199243
order,742,0.198975
door,738,0.197902
myself,725,0.194416
part,725,0.194416
Kyrle,705,0.189053
affairs,705,0.189053
position,702,0.188249
father,688,0.184494
House,682,0.182885
light,681,0.182617
lady,679,0.182081
hand,678,0.181813
uncle,661,0.177254
gentleman,650,0.174304
manner,646,0.173232
Mrs_Fairlie,646,0.173232
daughter,641,0.171891
subject,641,0.171891
face,635,0.170282
heart,624,0.167332
health,617,0.165455
people,616,0.165187
opinion,605,0.162237
deal,594,0.159287
Mr_Dawson,591,0.158483
Dawson,591,0.158483
something,586,0.157142
Mr_Kyrle,576,0.15446
ladies,572,0.153388
meeting,567,0.152047
home,564,0.151243
matter,556,0.149097
neighbourhood,551,0.147756
presence,547,0.146684
table,541,0.145075
character,541,0.145075
Hampshire,537,0.144002
word,534,0.143198
person,530,0.142125
influence,527,0.141321
doctor,519,0.139175
farewell,514,0.137834
times,505,0.135421
fortune,504,0.135153
particulars,501,0.134348
son,488,0.130862
address,479,0.128449
necessity,472,0.126572
hands,470,0.126035
We,467,0.125231
letters,467,0.125231
head,467,0.125231
case,466,0.124963
purpose,464,0.124426
men,461,0.123622
gratitude,461,0.123622
interference,460,0.123354
eyes,458,0.122818
attention,455,0.122013
nature,455,0.122013
chance,447,0.119868
clerk,445,0.119331
employment,438,0.117454
anything,433,0.116113
Mrs_Vesey,432,0.115845
morning,427,0.114505
scandal,427,0.114505
family,425,0.113968
friends,423,0.113432
period,421,0.112896
secret,420,0.112627
pretext,417,0.111823
wishes,415,0.111287
means,414,0.111018
lunch,413,0.11075
importance,409,0.109678
behalf,405,0.108605
conduct,401,0.107532
England,395,0.105923
child,392,0.105119
patient,392,0.105119
women,389,0.104314
Welmingham,388,0.104046
night,385,0.103242
Count_,384,0.102974
sake,384,0.102974
village,384,0.102974
creature,383,0.102705
inquiries,380,0.101901
interview,379,0.101633
money,378,0.101365
town,378,0.101365
spot,378,0.101365
form,375,0.10056
ground,374,0.100292
change,371,0.099488
property,371,0.099488
Pesca,371,0.099488
right,360,0.096538
events,358,0.096001
servant,356,0.095465
anxiety,352,0.094392
idea,352,0.094392
years,346,0.092784
Count_himself,343,0.091979
one,341,0.091443
condition,340,0.091175
nurse,340,0.091175
school,335,0.089834
plan,333,0.089297
mine,332,0.089029
doubt,331,0.088761
housekeeper,324,0.086884
round,317,0.085007
book,314,0.084202
recognition,313,0.083934
absence,306,0.082057
view,305,0.081789
memory,305,0.081789
children,305,0.081789
Monsieur_Rubelle,302,0.080984
wood,299,0.08018
writer,299,0.08018
itself,298,0.079912
income,297,0.079644
return,297,0.079644
result,293,0.078571
He,293,0.078571
Todd,287,0.076962
feeling,286,0.076694
information,285,0.076426
names,280,0.075085
care,280,0.075085
jealousy,278,0.074549
knowledge,276,0.074012
engagement,276,0.074012
pounds,275,0.073744
tenants,274,0.073476
end,273,0.073208
floor,273,0.073208
reason,272,0.07294
terms,272,0.07294
journey,272,0.07294
illness,270,0.072403
dinner,268,0.071867
engraving,267,0.071599
movements,266,0.071331
business,265,0.071063
persons,264,0.070794
service,263,0.070526
voice,260,0.069722
half,260,0.069722
window,260,0.069722
experience,260,0.069722
identity,260,0.069722
country,256,0.068649
hope,255,0.068381
Mrs_Michelson,254,0.068113
Michelson,254,0.068113
departure,252,0.067576
respect,252,0.067576
Count_s,251,0.067308
Mr_Walter,250,0.06704
advice,250,0.06704
signature,250,0.06704
object,249,0.066772
date,248,0.066504
honour,248,0.066504
boat,247,0.066236
prescription,244,0.065431
church,243,0.065163
music,241,0.064627
lips,240,0.064359
places,238,0.063822
fear,238,0.063822
arm,238,0.063822
proprietor,237,0.063554
appearance,236,0.063286
reference,235,0.063018
wine,234,0.06275
truth,232,0.062213
conviction,232,0.062213
sister_,232,0.062213
maid,230,0.061677
likeness,227,0.060872
churchyard,227,0.060872
world,226,0.060604
course,225,0.060336
Cumberland,223,0.0598
future,223,0.0598
Fanny,223,0.0598
answer,222,0.059532
solicitor,222,0.059532
things,221,0.059263
surprise,220,0.058995
society,220,0.058995
benefit,220,0.058995
point,219,0.058727
gift,219,0.058727
confidence,218,0.058459
news,216,0.057923
explanation,216,0.057923
motives,216,0.057923
intellect,216,0.057923
dresses,216,0.057923
circumstances_,215,0.057655
power,212,0.05685
evening,212,0.05685
lake,211,0.056582
pupil,210,0.056314
owner,210,0.056314
lawyer,208,0.055777
soul,206,0.055241
probability,206,0.055241
approval,206,0.055241
expression,205,0.054973
English,204,0.054705
authority,203,0.054437
body,200,0.053632
situation,200,0.053632
peculiarity,200,0.053632
account,199,0.053364
Sir_Sir,198,0.053096
series,198,0.053096
errand,198,0.053096
year,197,0.052828
inheritance,197,0.052828
Sir_Felix,196,0.052559
Felix,196,0.052559
messenger,196,0.052559
continuance,196,0.052559
dog,195,0.052291
disposal,194,0.052023
escape,194,0.052023
John,194,0.052023
interests_of,193,0.051755
party,193,0.051755
danger,192,0.051487
alternatives,191,0.051219
spy,189,0.050682
suspicion,188,0.050414
hopes,188,0.050414
thoughts,187,0.050146
whisper,187,0.050146
months,186,0.049878
others,186,0.049878
love,185,0.04961
gardener,183,0.049073
spirits,183,0.049073
uncertainty,183,0.049073
shoulder,182,0.048805
discovery,182,0.048805
results,182,0.048805
hours,182,0.048805
handwriting,182,0.048805
attachment,182,0.048805
ME,179,0.048001
pig,179,0.048001
legacy,177,0.047464
library,176,0.047196
effect,175,0.046928
advantage,174,0.04666
fingers,173,0.046392
sight,173,0.046392
dress,173,0.046392
aunt,173,0.046392
law,173,0.046392
deed,173,0.046392
iron,172,0.046124
opportunity,171,0.045855
conversation,170,0.045587
questions_which,170,0.045587
guardian,170,0.045587
relation,170,0.045587
neighbours,168,0.045051
temptation,168,0.045051
certificates,167,0.044783
question_and,166,0.044515
consideration,165,0.044246
admiration,165,0.044246
suicide,165,0.044246
advance,163,0.04371
bottles,163,0.04371
drawings,162,0.043442
report,162,0.043442
thing,162,0.043442
possession,162,0.043442
addresses,162,0.043442
doctors,162,0.043442
conclusion,161,0.043174
choosing,161,0.043174
cheek,160,0.042906
delicacy,160,0.042906
grandeur,160,0.042906
Sir_wife,159,0.042638
mistress_of,159,0.042638
recollection,158,0.042369
train,155,0.041565
grave,155,0.041565
doors,155,0.041565
control,154,0.041297
consequences,154,0.041297
fly,153,0.041029
integrity,153,0.041029
defiance,153,0.041029
offence,152,0.04076
work,151,0.040492
freedom,151,0.040492
hour,151,0.040492
Mr_Frederick,151,0.040492
kind,150,0.040224
resolution,150,0.040224
It,150,0.040224
debts,150,0.040224
estate_were,150,0.040224
thanks,149,0.039956
air,149,0.039956
partner,149,0.039956
stick_,148,0.039688
conscience,148,0.039688
fire,148,0.039688
chair,147,0.03942
houses,147,0.03942
cause,147,0.03942
lines,147,0.03942
Mr_butler,147,0.03942
butler,147,0.03942
feet,146,0.039151
proposal,146,0.039151
submission,146,0.039151
maturer,146,0.039151
curiosity,145,0.038883
speeches,145,0.038883
minutes,145,0.038883
communication,144,0.038615
Old,144,0.038615
copy,144,0.038615
interest_of,144,0.038615
use,144,0.038615
God,143,0.038347
visitor,143,0.038347
pursuit,143,0.038347
persuasion,143,0.038347
succession,140,0.037542
road,140,0.037542
fever,140,0.037542
progress,139,0.037274
consequence,139,0.037274
fortnight,139,0.037274
accordance,139,0.037274
courage,137,0.036738
decision,137,0.036738
shawl,137,0.036738
nerves,137,0.036738
regard,137,0.036738
duty,136,0.03647
inn,135,0.036202
satisfaction,135,0.036202
narrative,134,0.035934
Jacob,134,0.035934
impression,133,0.035665
Englishman,133,0.035665
interest_in,132,0.035397
Knowlesbury,132,0.035397
interests_,132,0.035397
blame,132,0.035397
responsibility,131,0.035129
services,131,0.035129
mass,131,0.035129
pardon,131,0.035129
motive,130,0.034861
proceedings,130,0.034861
pages,129,0.034593
bed,129,0.034593
trouble,129,0.034593
attempt,128,0.034325
occasion,127,0.034056
turn,127,0.034056
document,127,0.034056
atonement,127,0.034056
clergyman,126,0.033788
sense,126,0.033788
risk,126,0.033788
delusion,126,0.033788
ladyship,126,0.033788
silence,125,0.03352
sort,125,0.03352
prospect,125,0.03352
note,125,0.03352
claims,125,0.03352
Merriman,125,0.03352
matters,125,0.03352
shadow,125,0.03352
bosom,124,0.033252
medicine,124,0.033252
loan,124,0.033252
piano,123,0.032984
station_,123,0.032984
reasons,123,0.032984
Misses_,123,0.032984
morrow,123,0.032984
feelings,123,0.032984
obligations,122,0.032716
watch,122,0.032716
protest_against,122,0.032716
portion,122,0.032716
servants,121,0.032447
livery,121,0.032447
objection,120,0.032179
hospitality,120,0.032179
answering,120,0.032179
failure,119,0.031911
healths,119,0.031911
fraud,119,0.031911
spies,118,0.031643
Mr_Merriman,118,0.031643
humanity,118,0.031643
landlord,117,0.031375
girl,117,0.031375
tone,116,0.031107
brother,116,0.031107
will,116,0.031107
affair,116,0.031107
powers,116,0.031107
You,115,0.030838
secrets,115,0.030838
wish,115,0.030838
tea,115,0.030838
pocket,114,0.03057
messages,114,0.03057
warning,113,0.030302
opposition,113,0.030302
message,112,0.030034
inquiry,112,0.030034
block,112,0.030034
past_,111,0.029766
tongue,111,0.029766
state_of,111,0.029766
spite,111,0.029766
difference,111,0.029766
roof,110,0.029498
command,110,0.029498
water,110,0.029498
tact,110,0.029498
arrival,109,0.029229
language,109,0.029229
funeral,109,0.029229
paper,108,0.028961
physician,108,0.028961
luggage,108,0.028961
scar,108,0.028961
advantages,107,0.028693
bottle,107,0.028693
breakfast_,107,0.028693
circumstances_under,106,0.028425
ears,106,0.028425
St_John,106,0.028425
Wood,106,0.028425
measures,106,0.028425
Madame_Rubelle,106,0.028425
companion,106,0.028425
suspicions,105,0.028157
glass,105,0.028157
tidings,105,0.028157
distrust_of,105,0.028157
sister_Laura,105,0.028157
sea,104,0.027889
pleasure,104,0.027889
sisters_,104,0.027889
suggestion_as,104,0.027889
share,103,0.027621
parlour,103,0.027621
embarrassments,103,0.027621
innocence,103,0.027621
connection,102,0.027352
accident,102,0.027352
desert,102,0.027352
statement_of,102,0.027352
trial,102,0.027352
help,102,0.027352
explanations,101,0.027084
lives,101,0.027084
bonnet,101,0.027084
notice,100,0.026816
effort,100,0.026816
actions,100,0.026816
resemblance,100,0.026816
settlement,100,0.026816
happiness,99,0.026548
They,99,0.026548
scene,99,0.026548
rest_,99,0.026548
game,99,0.026548
beginning,98,0.02628
conspiracy,98,0.02628
post_,98,0.02628
Mrs_Kempe,98,0.02628
Kempe,98,0.02628
manners,97,0.026012
pen,97,0.026012
brooch,97,0.026012
Mr_Dempster,97,0.026012
application,96,0.025743
beauty,96,0.025743
attendance,96,0.025743
depositary,96,0.025743
Hitherto,96,0.025743
proof,95,0.025475
leisure,95,0.025475
Mrs_Todd,95,0.025475
scenes,95,0.025475
dominoes,95,0.025475
circumstances_of,94,0.025207
repose,94,0.025207
anybody,94,0.025207
Sir_had,94,0.025207
acquaintance,94,0.025207
keys,93,0.024939
Mr_Wansborough,93,0.024939
Wansborough,93,0.024939
reply,93,0.024939
question_,93,0.024939
outrage,93,0.024939
dread,93,0.024939
rest_of,92,0.024671
Corner,92,0.024671
sympathy,92,0.024671
sojourn,92,0.024671
Sir_these,92,0.024671
Sir_own,92,0.024671
Sir_survived,92,0.024671
Sir_son,92,0.024671
questions_,91,0.024403
rank,91,0.024403
nobody,91,0.024403
bread,91,0.024403
path,91,0.024403
Polesdean,91,0.024403
relief,91,0.024403
probabilities,91,0.024403
guide,91,0.024403
interest_to,90,0.024134
cart,90,0.024134
tenderness,90,0.024134
cousin,90,0.024134
officer,90,0.024134
East_Indiaman,90,0.024134
Indiaman,90,0.024134
rectory,90,0.024134
cab,90,0.024134
caution,89,0.023866
search,89,0.023866
garden,89,0.023866
handkerchief,89,0.023866
loss,89,0.023866
approach,88,0.023598
master_,88,0.023598
event,88,0.023598
offer,88,0.023598
Lodge,88,0.023598
assertion,88,0.023598
instructions_,88,0.023598
want,88,0.023598
quarter,87,0.02333
rooms,87,0.02333
excuse,86,0.023062
winter,86,0.023062
passage,86,0.023062
everything,85,0.022794
mistress_,85,0.022794
month,85,0.022794
assistance_which,85,0.022794
release,85,0.022794
interest_,84,0.022525
reflection,84,0.022525
disclosure,84,0.022525
arrangements,84,0.022525
figure,84,0.022525
Road,84,0.022525
stranger_and,84,0.022525
appeal,84,0.022525
civility,84,0.022525
yourself,83,0.022257
evidence,83,0.022257
hesitation,83,0.022257
Count_had,83,0.022257
misery,82,0.021989
Madame_Madame,82,0.021989
burial,82,0.021989
embarrassment,82,0.021989
deceit,82,0.021989
steps_outside,82,0.021989
promise,81,0.021721
story_,81,0.021721
thought,81,0.021721
afternoon,81,0.021721
sensibilities,81,0.021721
difficulty,80,0.021453
summer,80,0.021453
stranger_,80,0.021453
fact,80,0.021453
questions_to,80,0.021453
contrary,80,0.021453
vengeance,80,0.021453
Grimsby,80,0.021453
Lincolnshire,80,0.021453
accord,79,0.021185
force,79,0.021185
mystery_of,79,0.021185
windows,79,0.021185
none,78,0.020917
certainty,78,0.020917
housemaid,78,0.020917
Major_Donthorne,78,0.020917
Donthorne,78,0.020917
boy,78,0.020917
gentleness,78,0.020917
mortifications,78,0.020917
insults,78,0.020917
threats,78,0.020917
crime,77,0.020648
birds,77,0.020648
minute,77,0.020648
kindness,77,0.020648
preservation,77,0.020648
tears,76,0.02038
terror,76,0.02038
difficulties,76,0.02038
box,76,0.02038
alarm,76,0.02038
hall,76,0.02038
look,76,0.02038
enemies,76,0.02038
attentions,76,0.02038
request_,75,0.020112
faces,75,0.020112
distance_,75,0.020112
hat,75,0.020112
Mr_or,75,0.020112
personation,75,0.020112
mistake_between,75,0.020112
assumptions,75,0.020112
Waterloo,75,0.020112
Bridge,75,0.020112
drawing,74,0.019844
office,74,0.019844
corner,74,0.019844
page,74,0.019844
walk,74,0.019844
herself,74,0.019844
trees,74,0.019844
mouth,74,0.019844
vestry_of,73,0.019576
inscription,73,0.019576
forbearance,73,0.019576
fitness,73,0.019576
trust_,73,0.019576
Dempster_,73,0.019576
peculiarities,72,0.019308
Papa,72,0.019308
books,72,0.019308
carriage,72,0.019308
breach,72,0.019308
Church,72,0.019308
arms,71,0.019039
bag,71,0.019039
Sir_,71,0.019039
hold,71,0.019039
reach,71,0.019039
Count_own,71,0.019039
suggestion_,71,0.019039
sketch,70,0.018771
facts,70,0.018771
grounds,70,0.018771
gate,70,0.018771
top,70,0.018771
virtue,70,0.018771
Count_to,70,0.018771
habits,70,0.018771
plenty,70,0.018771
Italy,70,0.018771
assurances,70,0.018771
story_under,69,0.018503
signs,69,0.018503
success,69,0.018503
points,69,0.018503
writing,69,0.018503
alteration,69,0.018503
claim,69,0.018503
treachery,68,0.018235
objects,68,0.018235
stranger_to,68,0.018235
record,68,0.018235
duplicate,68,0.018235
excitement,67,0.017967
Mr_Mr,67,0.017967
hatred,67,0.017967
middle,67,0.017967
Narrative,66,0.017699
gain,66,0.017699
precaution,66,0.017699
Central,66,0.017699
America,66,0.017699
while,66,0.017699
testimony_of,66,0.017699
darling,65,0.01743
bank,65,0.01743
action,65,0.01743
completion,65,0.01743
Mr_had,65,0.01743
silk,65,0.01743
supper,65,0.01743
goodbye,65,0.01743
flowers,65,0.01743
wheels,65,0.01743
treasures,65,0.01743
temper,64,0.017162
wall,64,0.017162
well,64,0.017162
number,64,0.017162
bill,64,0.017162
don,64,0.017162
leave,64,0.017162
complexion,64,0.017162
assistance_I,64,0.017162
ounce,64,0.017162
decease,64,0.017162
cup,64,0.017162
courtship,64,0.017162
precedence,63,0.016894
deception,63,0.016894
instance_,63,0.016894
directions,63,0.016894
plantation,63,0.016894
darkness,63,0.016894
estate_,63,0.016894
insanity,63,0.016894
discretion,63,0.016894
foreigner,63,0.016894
drink,63,0.016894
pursuits,63,0.016894
Secret,62,0.016626
regret,62,0.016626
acquaintances,62,0.016626
affection,62,0.016626
views,62,0.016626
ear,62,0.016626
stage_of,62,0.016626
imputation,62,0.016626
Count_escape,62,0.016626
colour,62,0.016626
respects,62,0.016626
trust_money,62,0.016626
contemplation,62,0.016626
changes,61,0.016358
marks,61,0.016358
notes,61,0.016358
villain,61,0.016358
theatre,61,0.016358
yard,61,0.016358
present,61,0.016358
hearing,61,0.016358
Count_all,61,0.016358
noise,61,0.016358
ghost_,61,0.016358
design,60,0.01609
Strangers_,60,0.01609
alterations,60,0.01609
troubles,60,0.01609
intelligence,60,0.01609
choice,60,0.01609
relatives,60,0.01609
Count_whole,60,0.01609
minds,60,0.01609
autumn,60,0.01609
intercession,60,0.01609
valet,60,0.01609
vagueness,60,0.01609
betrayals,60,0.01609
hair,59,0.015821
Count_and,59,0.015821
reputation,59,0.015821
age,59,0.015821
chances,59,0.015821
seat,59,0.015821
arrangement,59,0.015821
distrust_by,59,0.015821
distrust_at,59,0.015821
distrust_marriage,59,0.015821
intention,59,0.015821
Louis,59,0.015821
cottage,58,0.015553
remedy,58,0.015553
driver,58,0.015553
amusements,58,0.015553
protection,58,0.015553
Countess_,58,0.015553
witnesses,58,0.015553
oclock,58,0.015553
energy,58,0.015553
everybody,57,0.015285
tranquillity,57,0.015285
question_of,57,0.015285
aspect,57,0.015285
sign,57,0.015285
treatment,57,0.015285
altar,57,0.015285
Varneck,57,0.015285
Hall,57,0.015285
president,57,0.015285
inch,57,0.015285
sensitiveness,57,0.015285
hotel,56,0.015017
forms,56,0.015017
remonstrance_to,56,0.015017
weakness,56,0.015017
step_farther,56,0.015017
questions_Sir,56,0.015017
trait,56,0.015017
confession,56,0.015017
Count_was,56,0.015017
Her,56,0.015017
shore,56,0.015017
Square,56,0.015017
trust_Walter,56,0.015017
guiltless,56,0.015017
square,55,0.014749
spirit,55,0.014749
confusion,55,0.014749
agent,55,0.014749
Forest_Road,55,0.014749
hill,55,0.014749
shadows,55,0.014749
album,54,0.014481
Margaret,54,0.014481
lie,54,0.014481
front,54,0.014481
lordship,54,0.014481
parts,54,0.014481
assurance,54,0.014481
cloth,54,0.014481
transactions,54,0.014481
judges,54,0.014481
reluctance,53,0.014213
court,53,0.014213
harm,53,0.014213
creditors,53,0.014213
entries,53,0.014213
sides,53,0.014213
violence,53,0.014213
distress_of,53,0.014213
trifle,53,0.014213
vestry_,52,0.013944
repairs,52,0.013944
principles,52,0.013944
example,52,0.013944
modesty_as,52,0.013944
ignorance,52,0.013944
exertion,52,0.013944
request_to,52,0.013944
pictures,52,0.013944
extent,52,0.013944
themselves,51,0.013676
steadiness_and,51,0.013676
impressions,51,0.013676
wilds,51,0.013676
description,51,0.013676
horse,51,0.013676
friendship,51,0.013676
sentiments,51,0.013676
agitation,51,0.013676
judgment,51,0.013676
detection,51,0.013676
Society,51,0.013676
alternative,51,0.013676
familiarity,51,0.013676
drawer,51,0.013676
greyhound,51,0.013676
details,51,0.013676
eleventh,51,0.013676
editor,51,0.013676
living,50,0.013408
Mr_house,50,0.013408
etiquette,50,0.013408
grace,50,0.013408
second,50,0.013408
considerations,50,0.013408
privilege,50,0.013408
company,50,0.013408
sacrifice,50,0.013408
upstairs_,50,0.013408
sentences,50,0.013408
sugar,50,0.013408
sun,50,0.013408
perplexity,50,0.013408
charity,49,0.01314
gentlemen,49,0.01314
Porcher,49,0.01314
favour,49,0.01314
compassion,49,0.01314
justice_to,49,0.01314
duties,49,0.01314
chain,49,0.01314
piece,49,0.01314
clothes,49,0.01314
background,49,0.01314
compliment,49,0.01314
edge,49,0.01314
gown,48,0.012872
parish,48,0.012872
exception,48,0.012872
disappearance,48,0.012872
phlegm,48,0.012872
reception,48,0.012872
appearances,48,0.012872
prejudice,48,0.012872
argument,48,0.012872
stranger_from,48,0.012872
symptoms,48,0.012872
credit,48,0.012872
amount,48,0.012872
talk,48,0.012872
original,48,0.012872
imprisonment,48,0.012872
Carlisle,48,0.012872
instant_I,48,0.012872
Brotherhood,48,0.012872
verandah,48,0.012872
cloak,48,0.012872
interest_or,48,0.012872
welfare,48,0.012872
tribute,47,0.012604
sketches,47,0.012604
lace,47,0.012604
composure,47,0.012604
girls,47,0.012604
apologies,47,0.012604
sum,47,0.012604
Sir_may,47,0.012604
species,47,0.012604
credential,47,0.012604
October,47,0.012604
newspaper,47,0.012604
obedience,47,0.012604
break,47,0.012604
monotony,47,0.012604
dream,47,0.012604
Countess_to,47,0.012604
abode,46,0.012335
register_of,46,0.012335
shock,46,0.012335
expedition,46,0.012335
intervals,46,0.012335
relative,46,0.012335
vestry_on,46,0.012335
pang,46,0.012335
questions_and,46,0.012335
strength_of,45,0.012067
card,45,0.012067
conclusions,45,0.012067
inspection,45,0.012067
canaries,45,0.012067
yesterday_,45,0.012067
degree,45,0.012067
correspondent,45,0.012067
Women,45,0.012067
candle,45,0.012067
level,45,0.012067
Diary,45,0.012067
maids,45,0.012067
Count_speaks,45,0.012067
vestry_the,44,0.011799
Mr_,44,0.011799
parting,44,0.011799
stone_,44,0.011799
groom,44,0.011799
display,44,0.011799
destinies_,44,0.011799
patience,44,0.011799
Count_know,44,0.011799
quantity,44,0.011799
diary,44,0.011799
bachelor,44,0.011799
sister_had,44,0.011799
mistress_is,44,0.011799
landlady,44,0.011799
mistakes_,44,0.011799
artless,44,0.011799
vestry_was,44,0.011799
interest_only,44,0.011799
railway,43,0.011531
liberty,43,0.011531
Mrs_Mrs,43,0.011531
delay,43,0.011531
retreat,43,0.011531
shop,43,0.011531
pity,43,0.011531
Count_that,43,0.011531
vanity,43,0.011531
emergency,43,0.011531
falsehoods,43,0.011531
cloud,43,0.011531
coins,43,0.011531
Parish,43,0.011531
amazement,42,0.011263
fellow,42,0.011263
pupils,42,0.011263
unwillingness,42,0.011263
habit,42,0.011263
Yes,42,0.011263
passion,42,0.011263
enemy,42,0.011263
disposition,42,0.011263
mistress_many,42,0.011263
Leicester_Square,42,0.011263
notion,42,0.011263
scream,42,0.011263
burst_from,42,0.011263
leap,42,0.011263
etchings,42,0.011263
generosity,42,0.011263
instinct_as,42,0.011263
tastes_and,42,0.011263
papers,41,0.010995
excuses,41,0.010995
devotion,41,0.010995
sister_to,41,0.010995
salts,41,0.010995
history_of,41,0.010995
chaise,41,0.010995
terminus,41,0.010995
maam,41,0.010995
sister_and,41,0.010995
forfeit,41,0.010995
flower,41,0.010995
monument,41,0.010995
locality,40,0.010726
need,40,0.010726
sentinel,40,0.010726
voices,40,0.010726
assistance_of,40,0.010726
Man,40,0.010726
discoveries,40,0.010726
back,40,0.010726
story_to,40,0.010726
exercise,40,0.010726
despair,40,0.010726
bedroom,40,0.010726
stables_,40,0.010726
photographs,40,0.010726
baronet,40,0.010726
Christian_name,40,0.010726
Mrs_happened,40,0.010726
distinction_between,40,0.010726
defence,39,0.010458
firm,39,0.010458
mercy,39,0.010458
victim,39,0.010458
impostor_could,39,0.010458
hint,39,0.010458
references,39,0.010458
opera,39,0.010458
performance,39,0.010458
circumstances_yet,39,0.010458
justice_,39,0.010458
disputes,39,0.010458
sympathies,39,0.010458
dining,39,0.010458
lies,39,0.010458
telling,39,0.010458
sensibility,39,0.010458
parchment,39,0.010458
photographer,39,0.010458
amusement,39,0.010458
occupations,38,0.01019
tinkling,38,0.01019
clue,38,0.01019
space,38,0.01019
instances_of,38,0.01019
youth,38,0.01019
patron,38,0.01019
neglect,38,0.01019
inclination,38,0.01019
management,38,0.01019
assistance_in,38,0.01019
journal,38,0.01019
assistance_,38,0.01019
contradiction,38,0.01019
stairs_,38,0.01019
bearer,38,0.01019
titles,38,0.01019
disappointment,38,0.01019
extremities,38,0.01019
portrait,38,0.01019
inducement,38,0.01019
week,37,0.009922
reserve,37,0.009922
fireplace,37,0.009922
foot,37,0.009922
existence_,37,0.009922
shed,37,0.009922
improvement,37,0.009922
brains,37,0.009922
slip,37,0.009922
falsehood,37,0.009922
bird,37,0.009922
recess,37,0.009922
introduction,37,0.009922
canary,37,0.009922
curiosities,37,0.009922
master_of,36,0.009654
collection,36,0.009654
interest_and,36,0.009654
wilderness,36,0.009654
sand,36,0.009654
consent,36,0.009654
convictions,36,0.009654
astonishment_by,36,0.009654
breath,36,0.009654
ease,36,0.009654
oath,36,0.009654
cold,36,0.009654
Professor_lead,36,0.009654
lead,36,0.009654
seats,36,0.009654
struggle_,36,0.009654
sister_Miss,36,0.009654
milk,36,0.009654
dupe,36,0.009654
adventuress,36,0.009654
silver,36,0.009654
vexation,36,0.009654
calmest_superiority,36,0.009654
superiority,36,0.009654
benignantly,36,0.009654
volume,35,0.009386
story_of,35,0.009386
firmness,35,0.009386
carpet,35,0.009386
perversity,35,0.009386
jury,35,0.009386
hats,35,0.009386
sister_at,35,0.009386
fatigue,35,0.009386
forests_of,35,0.009386
imagination,35,0.009386
straw_,35,0.009386
compliments,35,0.009386
refusal,35,0.009386
stranger_s,35,0.009386
nighttime,35,0.009386
lap,34,0.009117
streets_of,34,0.009117
grass,34,0.009117
pains,34,0.009117
strangers_who,34,0.009117
pretence,34,0.009117
suffering,34,0.009117
separation,34,0.009117
birth,34,0.009117
cigarettes,34,0.009117
surface,34,0.009117
mice,34,0.009117
crimes,34,0.009117
host_of,34,0.009117
midday,34,0.009117
circumstances_would,34,0.009117
sweetheart,34,0.009117
balance,34,0.009117
chamber,34,0.009117
misinterpretations,34,0.009117
possibility,34,0.009117
institution_at,34,0.009117
Mr_Catherick,34,0.009117
guard,33,0.008849
vindication,33,0.008849
lock,33,0.008849
register_,33,0.008849
remembrances,33,0.008849
pieces,33,0.008849
discussion,33,0.008849
pit,33,0.008849
oppression,33,0.008849
ability,33,0.008849
luncheon,33,0.008849
sofa,33,0.008849
outbreak,33,0.008849
tombstone_,33,0.008849
cockatoo,33,0.008849
purposes,33,0.008849
Sentiment,33,0.008849
Woodlived,33,0.008849
refuge,33,0.008849
station_at,33,0.008849
Goodricke,33,0.008849
misfortune,33,0.008849
sex,33,0.008849
fields,33,0.008849
lamps,33,0.008849
cages,33,0.008849
price,32,0.008581
waters,32,0.008581
certificate,32,0.008581
cases,32,0.008581
disinclination,32,0.008581
seller,32,0.008581
wretchedness,32,0.008581
breathing,32,0.008581
negotiations,32,0.008581
declaration,32,0.008581
Figaro,32,0.008581
song,32,0.008581
confidences,32,0.008581
apprehension,32,0.008581
anxieties,32,0.008581
pedestal_on,32,0.008581
Count_vanity,32,0.008581
sanction,32,0.008581
unkindness,32,0.008581
roundabout,32,0.008581
suddenness,32,0.008581
lifetime,32,0.008581
coin,32,0.008581
corn,32,0.008581
breezes,32,0.008581
suppression,32,0.008581
Bart,32,0.008581
spinster_,32,0.008581
snug,32,0.008581
lumbering,32,0.008581
injury,31,0.008313
offices,31,0.008313
master_s,31,0.008313
mile,31,0.008313
religion,31,0.008313
Continent,31,0.008313
march,31,0.008313
hearts,31,0.008313
entrance,31,0.008313
gloom,31,0.008313
tones,31,0.008313
upstairs_with,31,0.008313
breast_,31,0.008313
conception,31,0.008313
plans,31,0.008313
connections,31,0.008313
dark,31,0.008313
Philip,31,0.008313
ante,31,0.008313
holiday,31,0.008313
ticket,30,0.008045
presses,30,0.008045
distances_,30,0.008045
facility,30,0.008045
families,30,0.008045
deformity,30,0.008045
official,30,0.008045
exiles,30,0.008045
strangers_,30,0.008045
wedding,30,0.008045
tombstone_by,30,0.008045
No,30,0.008045
Count_would,30,0.008045
allowance,30,0.008045
coat,30,0.008045
farthing,30,0.008045
restraint_,30,0.008045
daughters,30,0.008045
mite,30,0.008045
assistance_towards,30,0.008045
wing,30,0.008045
key,30,0.008045
provisions,30,0.008045
necessaries,30,0.008045
heating,30,0.008045
broth,30,0.008045
legs,30,0.008045
wildness,30,0.008045
gesticulations_,30,0.008045
raising,30,0.008045
marrying,30,0.008045
proceeding,30,0.008045
abstraction_of,30,0.008045
gold,30,0.008045
chairs,30,0.008045
indignation,30,0.008045
profile,30,0.008045
Art,30,0.008045
finery,30,0.008045
waistcoat_Sir,30,0.008045
braid,30,0.008045
stranger_like,30,0.008045
distrust_knew,30,0.008045
Poor,30,0.008045
photographers,30,0.008045
Sandon,30,0.008045
pony,29,0.007777
sorrow,29,0.007777
test_of,29,0.007777
occupation,29,0.007777
shoulders,29,0.007777
fall,29,0.007777
wonder,29,0.007777
praise,29,0.007777
complacency,29,0.007777
William,29,0.007777
affliction,29,0.007777
wages,29,0.007777
Opera,29,0.007777
Where,29,0.007777
attendant,29,0.007777
hurry,29,0.007777
blood,29,0.007777
addition,29,0.007777
pots,29,0.007777
Count_sitting,29,0.007777
nights,29,0.007777
Count_chairs,29,0.007777
Count_feet,29,0.007777
zinc,29,0.007777
Count_said,29,0.007777
pockets,29,0.007777
ill,29,0.007777
purchasers,28,0.007508
concealment,28,0.007508
College,28,0.007508
revolutionist_in,28,0.007508
politics,28,0.007508
infidel,28,0.007508
smoke,28,0.007508
silent,28,0.007508
envelope,28,0.007508
looks,28,0.007508
pale,28,0.007508
dreams,28,0.007508
forwards,28,0.007508
grasp,28,0.007508
senses,28,0.007508
insult,28,0.007508
Finchley,28,0.007508
sentence,28,0.007508
mistress_again,28,0.007508
limbs,28,0.007508
preface,28,0.007508
art,28,0.007508
lot,28,0.007508
handkerchiefs,28,0.007508
rings,28,0.007508
existence_on,28,0.007508
suggestion_which,28,0.007508
prospects,27,0.00724
rule,27,0.00724
topics,27,0.00724
Germany,27,0.00724
ringing,27,0.00724
Cecilia,27,0.00724
calamity,27,0.00724
propriety,27,0.00724
length,27,0.00724
affections,27,0.00724
obligation,27,0.00724
ring,27,0.00724
ornament,27,0.00724
opinions,27,0.00724
question_which,27,0.00724
modifications,27,0.00724
knees,27,0.00724
faculties,27,0.00724
size,27,0.00724
mistress_or,27,0.00724
pause,27,0.00724
breakfast_about,27,0.00724
mankind,27,0.00724
nose,27,0.00724
fault,27,0.00724
sentiment,27,0.00724
deceptions,27,0.00724
regularity,27,0.00724
brushes,27,0.00724
sister_should,27,0.00724
entry,26,0.006972
inference,26,0.006972
exertions,26,0.006972
protectress,26,0.006972
retirement,26,0.006972
Count_a,26,0.006972
Paris,26,0.006972
cage,26,0.006972
making,26,0.006972
ideas,26,0.006972
nursing,26,0.006972
malady,26,0.006972
Esquire,26,0.006972
Countess_Fosco,26,0.006972
sister_is,26,0.006972
allowances,26,0.006972
dates,26,0.006972
mistake_,26,0.006972
assistance_to,26,0.006972
serenity,26,0.006972
shares,26,0.006972
revelation,26,0.006972
Eleanor,26,0.006972
moments,26,0.006972
questioning_,26,0.006972
Mrs_ClementsClements,26,0.006972
ClementsClements,26,0.006972
sister_release,26,0.006972
Sir_was,25,0.006704
rights,25,0.006704
aught,25,0.006704
variance,25,0.006704
agents,25,0.006704
consolation,25,0.006704
admission,25,0.006704
crowd,25,0.006704
disadvantage,25,0.006704
Sir_to,25,0.006704
stand_,25,0.006704
dungeon,25,0.006704
bit,25,0.006704
calamities,25,0.006704
Torquay,25,0.006704
sister_even,25,0.006704
master_give,25,0.006704
narratives,25,0.006704
adviser,25,0.006704
drop,25,0.006704
warrant,25,0.006704
sharpness,25,0.006704
stock_of,25,0.006704
base,25,0.006704
reckoning,25,0.006704
ghost_out,25,0.006704
sensations,25,0.006704
taste_in,25,0.006704
charms,25,0.006704
circumstance_,25,0.006704
halo,25,0.006704
Chorus,25,0.006704
Egyptians,25,0.006704
Plague,25,0.006704
Darkness,25,0.006704
thousands,24,0.006436
disgrace,24,0.006436
perception,24,0.006436
indifference,24,0.006436
rector,24,0.006436
joy,24,0.006436
Mrs_Markland,24,0.006436
Markland,24,0.006436
parents,24,0.006436
hindrance,24,0.006436
Count_inquiries,24,0.006436
remark,24,0.006436
charge,24,0.006436
taint,24,0.006436
angel,24,0.006436
shillings,24,0.006436
Alexander,24,0.006436
Friday,24,0.006436
Sir_friendly,24,0.006436
concern,24,0.006436
adventure,24,0.006436
CatherickAnne,24,0.006436
Catherickwas,24,0.006436
paths,24,0.006436
astonishment_,24,0.006436
sister_what,24,0.006436
sister_not,24,0.006436
coroner,24,0.006436
interest_that,24,0.006436
calmness,24,0.006436
opportunities,24,0.006436
farmhouse,24,0.006436
laws,24,0.006436
field,24,0.006436
sounds,24,0.006436
Count_voices,24,0.006436
cross,24,0.006436
dissimilarity,24,0.006436
toys,24,0.006436
speech,24,0.006436
Dempster_s,24,0.006436
seer,24,0.006436
lane,24,0.006436
plums,24,0.006436
tart,24,0.006436
persistency_in,24,0.006436
barrenness,24,0.006436
employers,24,0.006436
banisters_as,24,0.006436
circumstance_the,24,0.006436
tips,24,0.006436
sister_claims,24,0.006436
Sir_influence,24,0.006436
enlightenment,23,0.006168
purse,23,0.006168
expectation,23,0.006168
foundation,23,0.006168
practice,23,0.006168
debt,23,0.006168
creatures,23,0.006168
distress_and,23,0.006168
boys,23,0.006168
abilities,23,0.006168
employer,23,0.006168
cheeks,23,0.006168
statement_,23,0.006168
drive,23,0.006168
street_,23,0.006168
ways,23,0.006168
weight,23,0.006168
apology,23,0.006168
questions_about,23,0.006168
thereabouts,23,0.006168
brown,23,0.006168
Creole,23,0.006168
conditions,23,0.006168
countrymen,23,0.006168
bedrooms,23,0.006168
Regent,23,0.006168
briefly,23,0.006168
clause,23,0.006168
clients,23,0.006168
Count_wife,23,0.006168
trust_which,23,0.006168
statement_by,23,0.006168
Great,23,0.006168
Soldier,23,0.006168
margin,23,0.006168
announcement,23,0.006168
seclusion,23,0.006168
waste_of,23,0.006168
La,23,0.006168
mia,23,0.006168
weapons,22,0.0059
anger,22,0.0059
kitchen,22,0.0059
investigation_,22,0.0059
Professor_friend,22,0.0059
neck,22,0.0059
class,22,0.0059
sound,22,0.0059
waist_,22,0.0059
earth,22,0.0059
meaning,22,0.0059
Rights,22,0.0059
criminal,22,0.0059
boots,22,0.0059
determination,22,0.0059
dignity,22,0.0059
interests_were,22,0.0059
knot,22,0.0059
midnight,22,0.0059
STORY,22,0.0059
sister_anywhere,22,0.0059
sister_mind,22,0.0059
line,22,0.0059
energies,22,0.0059
building,22,0.0059
gallop,22,0.0059
moor,22,0.0059
guidance,22,0.0059
Lady_,22,0.0059
madwoman,22,0.0059
fugitive,22,0.0059
heath,22,0.0059
End,22,0.0059
mark,22,0.0059
root,22,0.0059
misconduct,22,0.0059
consciousness,22,0.0059
pillow,22,0.0059
dwarf,22,0.0059
Postlethwaite_saw,22,0.0059
intercourse,22,0.0059
accomplishments,22,0.0059
wit,22,0.0059
breeding,22,0.0059
Mrs_Clementsfelt,22,0.0059
Clementsfelt,22,0.0059
docility,22,0.0059
carter,22,0.0059
mittens,21,0.005631
outskirts,21,0.005631
vestry_and,21,0.005631
leaves,21,0.005631
industry_,21,0.005631
enjoyment,21,0.005631
Professor_s,21,0.005631
bottom,21,0.005631
daytime,21,0.005631
climate,21,0.005631
recovery,21,0.005631
Sir_creditors,21,0.005631
Sir_at,21,0.005631
rescue,21,0.005631
bedside,21,0.005631
indulgence,21,0.005631
texture,21,0.005631
trimming,21,0.005631
rations,21,0.005631
food,21,0.005631
pulse,21,0.005631
documents,21,0.005631
obstinacy_,21,0.005631
Scotland,21,0.005631
sensation,21,0.005631
keeper,21,0.005631
fit,21,0.005631
winding,21,0.005631
question_was,21,0.005631
gravel,21,0.005631
negative,21,0.005631
sunlight,21,0.005631
doubts,21,0.005631
Person,21,0.005631
whereabouts,21,0.005631
Southampton,21,0.005631
chin,21,0.005631
His,21,0.005631
process,21,0.005631
accomplishment,21,0.005631
request_of,20,0.005363
torpor,20,0.005363
circumstance_of,20,0.005363
lodge,20,0.005363
advances,20,0.005363
generation,20,0.005363
phrase,20,0.005363
A,20,0.005363
dishes,20,0.005363
county,20,0.005363
resources,20,0.005363
pain,20,0.005363
recital,20,0.005363
truths,20,0.005363
Mr_Arnold,20,0.005363
Arnold,20,0.005363
security,20,0.005363
daylight,20,0.005363
politeness,20,0.005363
jacket,20,0.005363
cooling,20,0.005363
lotion,20,0.005363
high,20,0.005363
concession,20,0.005363
impostor_,20,0.005363
ruin,20,0.005363
story_should,20,0.005363
restraint_in,20,0.005363
withdrawal,20,0.005363
pauper,20,0.005363
counsel,20,0.005363
Mr_Philip,20,0.005363
instant_,20,0.005363
intensity,20,0.005363
taste_that,20,0.005363
faintness,20,0.005363
suburb,20,0.005363
entreaty,20,0.005363
Count_by,20,0.005363
incoherently,20,0.005363
title,20,0.005363
eagerness,20,0.005363
faculty,20,0.005363
Sir_possessed,20,0.005363
inquest_,20,0.005363
whites,20,0.005363
footsteps_in,20,0.005363
taste_of,20,0.005363
pan,20,0.005363
fish,20,0.005363
forehead,20,0.005363
restraint_of,20,0.005363
fondness,20,0.005363
reading,20,0.005363
Our,20,0.005363
labyrinth,20,0.005363
spring,20,0.005363
mania,20,0.005363
correspondence,20,0.005363
Sir_country,20,0.005363
antiquity,20,0.005363
damp,20,0.005363
rats,20,0.005363
brush,20,0.005363
folds,20,0.005363
moonlight,20,0.005363
quaintest_,20,0.005363
enthusiasm,20,0.005363
superintendence,20,0.005363
Sir_lifetime,20,0.005363
Sir_by,20,0.005363
rustling_of,20,0.005363
Moses,20,0.005363
enclosure,19,0.005095
quail,19,0.005095
witness,19,0.005095
parentage,19,0.005095
appointment,19,0.005095
exposure,19,0.005095
Jane,19,0.005095
projects,19,0.005095
Something,19,0.005095
baggage,19,0.005095
cessation,19,0.005095
weather,19,0.005095
tender,19,0.005095
error,19,0.005095
preference,19,0.005095
sums,19,0.005095
dogs,19,0.005095
Count_the,19,0.005095
mixture,19,0.005095
household,19,0.005095
intrusion,19,0.005095
penalty,19,0.005095
Nature,19,0.005095
Life,19,0.005095
allusion,19,0.005095
Sir_admiration,19,0.005095
sin,19,0.005095
mahogany,19,0.005095
mischief,19,0.005095
Mr_Fairliethat,19,0.005095
Fairliethat,19,0.005095
delusions,19,0.005095
Miss_Miss,19,0.005095
client,19,0.005095
humour,19,0.005095
marriages,19,0.005095
acting,19,0.005095
Count_meant,19,0.005095
staircase_as,19,0.005095
Count_entered,19,0.005095
schoolmaster_from,19,0.005095
topic,19,0.005095
check,19,0.005095
skirt,19,0.005095
fir,19,0.005095
lessons,19,0.005095
frocks,19,0.005095
hopelessness,19,0.005095
materials,18,0.004827
wickedness,18,0.004827
safety,18,0.004827
bow,18,0.004827
circumstances_had,18,0.004827
struggle_for,18,0.004827
existence_among,18,0.004827
sleeves,18,0.004827
prints,18,0.004827
qualities,18,0.004827
emotions,18,0.004827
singing,18,0.004827
lodgings,18,0.004827
bride,18,0.004827
reproach,18,0.004827
betrayal,18,0.004827
HER,18,0.004827
leaders,18,0.004827
Liverpool,18,0.004827
desire,18,0.004827
annoyance,18,0.004827
rascal,18,0.004827
chest_,18,0.004827
temples,18,0.004827
horses,18,0.004827
coffee,18,0.004827
blindfold,18,0.004827
expectations,18,0.004827
showing,18,0.004827
impulse,18,0.004827
Count_full,18,0.004827
YOU,18,0.004827
nosegay,18,0.004827
hasn,18,0.004827
Count_in,18,0.004827
cool,18,0.004827
rays,18,0.004827
inside,18,0.004827
Come,18,0.004827
pauses,18,0.004827
content,18,0.004827
shrubbery,18,0.004827
Baronet_whom,18,0.004827
dairy,18,0.004827
saint,18,0.004827
pond,18,0.004827
railing,18,0.004827
rest_into,18,0.004827
relations,18,0.004827
interest_which,18,0.004827
sorrows,18,0.004827
marble,18,0.004827
presentation,18,0.004827
copies,18,0.004827
foreboding,18,0.004827
awe,18,0.004827
flutter,18,0.004827
chattering,18,0.004827
Frenchwomen,18,0.004827
contrast_,18,0.004827
Titian,18,0.004827
willingness,18,0.004827
instruction_in,18,0.004827
sketching,18,0.004827
dismay,18,0.004827
Breakfast_at,18,0.004827
tongs,18,0.004827
ambition,17,0.004559
pair,17,0.004559
bell,17,0.004559
atmosphere,17,0.004559
encouragement,17,0.004559
finger,17,0.004559
complaint,17,0.004559
self,17,0.004559
memorandum,17,0.004559
moon,17,0.004559
Count_is,17,0.004559
whistling_and,17,0.004559
step_,17,0.004559
memories,17,0.004559
close,17,0.004559
sister_from,17,0.004559
rest_in,17,0.004559
ceremony,17,0.004559
distance_from,17,0.004559
bones,17,0.004559
Count_stood,17,0.004559
Typhus,17,0.004559
questions_by,17,0.004559
belief,17,0.004559
questions_put,17,0.004559
boxes,17,0.004559
bar,17,0.004559
Beg,17,0.004559
shame,17,0.004559
blouse,17,0.004559
flesh,17,0.004559
station_to,17,0.004559
Owen,17,0.004559
Postlethwaite_that,17,0.004559
execution,17,0.004559
L,17,0.004559
readiness,17,0.004559
animals,17,0.004559
meleaves,17,0.004559
tablettes,17,0.004559
quill,17,0.004559
pride,16,0.004291
demand,16,0.004291
accomplice,16,0.004291
talkativeness,16,0.004291
streets_and,16,0.004291
detail,16,0.004291
assistance_from,16,0.004291
stratagem_against,16,0.004291
merchant,16,0.004291
trumpets,16,0.004291
exile,16,0.004291
vocation,16,0.004291
shores,16,0.004291
fidelity,16,0.004291
lesson,16,0.004291
asylum,16,0.004291
parties,16,0.004291
idiot,16,0.004291
Whose,16,0.004291
exhaustion_,16,0.004291
Oh,16,0.004291
mansion,16,0.004291
My,16,0.004291
destination_,16,0.004291
stage_in,16,0.004291
Miss_Halcombeby,16,0.004291
Halcombeby,16,0.004291
Sir_request,16,0.004291
request_as,16,0.004291
wasn,16,0.004291
whip,16,0.004291
convenience,16,0.004291
inability,16,0.004291
TwentyOne,16,0.004291
Birthday,16,0.004291
wreck,16,0.004291
intellects,16,0.004291
throng,16,0.004291
strangers_passing,16,0.004291
instructions_for,16,0.004291
correctness,16,0.004291
fine,16,0.004291
mule,16,0.004291
announcements,16,0.004291
Marriages,16,0.004291
High,16,0.004291
yesterday_evening,16,0.004291
scruples,16,0.004291
cupboard,16,0.004291
threshold,16,0.004291
esteem_and,16,0.004291
melodies,16,0.004291
ghost_after,16,0.004291
schoolmaster_had,16,0.004291
sunset,16,0.004291
protest_,16,0.004291
Young,16,0.004291
Countess_ridiculous,16,0.004291
ostentation_of,16,0.004291
humility,16,0.004291
People,16,0.004291
advertisement,16,0.004291
Mr_neighbours,16,0.004291
meetings,16,0.004291
regions,16,0.004291
brute,16,0.004291
visits,16,0.004291
passages,16,0.004291
agrees,16,0.004291
easel,16,0.004291
trust_reposed,16,0.004291
summun,16,0.004291
yander,16,0.004291
injustice_which,16,0.004291
baby,15,0.004022
earnings,15,0.004022
growth,15,0.004022
labourer,15,0.004022
mouldy,15,0.004022
carvings,15,0.004022
contempt,15,0.004022
pointers,15,0.004022
grandchildren,15,0.004022
extract,15,0.004022
caprice,15,0.004022
corpulence,15,0.004022
patronage,15,0.004022
painters,15,0.004022
orders,15,0.004022
tomb,15,0.004022
Men,15,0.004022
sting_and,15,0.004022
torment,15,0.004022
remorse,15,0.004022
vice,15,0.004022
sister_was,15,0.004022
member,15,0.004022
attire,15,0.004022
walking,15,0.004022
curse,15,0.004022
murder,15,0.004022
tops,15,0.004022
machinery,15,0.004022
victory,15,0.004022
corners,15,0.004022
blessings,15,0.004022
birthplace,15,0.004022
faith,15,0.004022
attractions,15,0.004022
keenness,15,0.004022
instincts_in,15,0.004022
destruction_of,15,0.004022
component,15,0.004022
sufferer,15,0.004022
sheet,15,0.004022
uneasiness,15,0.004022
measure,15,0.004022
Major_s,15,0.004022
evil,15,0.004022
Miss_Halcombeand,15,0.004022
Halcombeand,15,0.004022
master_was,15,0.004022
Good,15,0.004022
Mrs_Cook,15,0.004022
Cook,15,0.004022
article,15,0.004022
device,15,0.004022
readers,15,0.004022
nay,15,0.004022
profession,15,0.004022
flames,15,0.004022
skylight,15,0.004022
bail,15,0.004022
hole,15,0.004022
picture,15,0.004022
instant_s,15,0.004022
interval,15,0.004022
alight,15,0.004022
teeth,15,0.004022
stables_what,15,0.004022
stables_order,15,0.004022
stables_driver,15,0.004022
accommodation,15,0.004022
outline,15,0.004022
enterprise,15,0.004022
instance_your,15,0.004022
master_would,15,0.004022
master_instructions,15,0.004022
instructions_by,15,0.004022
clump,15,0.004022
distrust_with,15,0.004022
distrust_mind,15,0.004022
grossness,15,0.004022
allies,15,0.004022
ceiling,15,0.004022
sister_of,15,0.004022
Clapham,15,0.004022
hum,15,0.004022
firs,15,0.004022
steps_to,15,0.004022
Madonna,15,0.004022
reappearance,15,0.004022
studio_,14,0.003754
expenses,14,0.003754
disdain,14,0.003754
master_that,14,0.003754
story_about,14,0.003754
master_opened,14,0.003754
touch,14,0.003754
July,14,0.003754
investigations_thus,14,0.003754
entreating,14,0.003754
Professor_,14,0.003754
audience,14,0.003754
Business,14,0.003754
gardens,14,0.003754
veil,14,0.003754
bridegroom,14,0.003754
source,14,0.003754
ends,14,0.003754
Rome,14,0.003754
Sir_Percivalto,14,0.003754
Percivalto,14,0.003754
presents,14,0.003754
jewellery,14,0.003754
fancy,14,0.003754
justice_that,14,0.003754
tribunals,14,0.003754
concertina,14,0.003754
pagoda,14,0.003754
bailiff,14,0.003754
Dead,14,0.003754
Sea,14,0.003754
Count_with,14,0.003754
horror,14,0.003754
exultation,14,0.003754
request_which,14,0.003754
medicines,14,0.003754
Countess_could,14,0.003754
Countess_should,14,0.003754
Countess_husband,14,0.003754
relapse,14,0.003754
thump,14,0.003754
fist_on,14,0.003754
impossibilities,14,0.003754
quacks,14,0.003754
corns,14,0.003754
repentance,14,0.003754
inconvenience,14,0.003754
limit,14,0.003754
call,14,0.003754
destination_Sir,14,0.003754
somebody,14,0.003754
brook,14,0.003754
effects,14,0.003754
dereliction,14,0.003754
questions_never,14,0.003754
linen,14,0.003754
cautions,14,0.003754
vehicle,14,0.003754
working,14,0.003754
brand,14,0.003754
ink,14,0.003754
interests_in,14,0.003754
Euston_Square,14,0.003754
burning,14,0.003754
floors,14,0.003754
impostor_whom,14,0.003754
sakes,14,0.003754
sister_marriage,14,0.003754
paragraph,14,0.003754
pitch,14,0.003754
cleansing,14,0.003754
investigation_which,14,0.003754
circumstance_which,14,0.003754
cruelty,14,0.003754
restraint_which,14,0.003754
justice_existence,14,0.003754
existence_in,14,0.003754
blots,14,0.003754
scratches,14,0.003754
Truth,14,0.003754
misfortunes,14,0.003754
Mrs_Anne,14,0.003754
charm,14,0.003754
Lord_s,14,0.003754
ribbon,14,0.003754
gratification,14,0.003754
shake,14,0.003754
investigation_I,14,0.003754
heathy,14,0.003754
project,14,0.003754
affectation,14,0.003754
question_had,14,0.003754
lantern,14,0.003754
strength_in,13,0.003486
quarrel,13,0.003486
precautions,13,0.003486
Office,13,0.003486
sinking,13,0.003486
engraver,13,0.003486
island,13,0.003486
network,13,0.003486
colours,13,0.003486
embarkation,13,0.003486
transport,13,0.003486
cheerfulness,13,0.003486
sister_silence,13,0.003486
sigh,13,0.003486
defects,13,0.003486
subjects,13,0.003486
carriages,13,0.003486
throwings,13,0.003486
twistings_and,13,0.003486
turnings,13,0.003486
St_Cecilia,13,0.003486
prison,13,0.003486
classes,13,0.003486
palm,13,0.003486
shortcomings,13,0.003486
clap,13,0.003486
trap,13,0.003486
June,13,0.003486
asseveration,13,0.003486
metropolis,13,0.003486
sister_has,13,0.003486
ride,13,0.003486
stop_by,13,0.003486
stoppage_caused,13,0.003486
nation,13,0.003486
blow,13,0.003486
contingency,13,0.003486
lad,13,0.003486
questions_that,13,0.003486
graces,13,0.003486
carpets,13,0.003486
fragments,13,0.003486
dismissal,13,0.003486
Count_say,13,0.003486
farmer,13,0.003486
apologist_for,13,0.003486
male,13,0.003486
transaction,13,0.003486
spark,13,0.003486
start_,13,0.003486
sexton,13,0.003486
sorts,13,0.003486
characters,13,0.003486
investigation_to,13,0.003486
dwelling,13,0.003486
bedchamber,13,0.003486
schoolmaster_was,13,0.003486
schoolmaster_and,13,0.003486
skin,13,0.003486
justification_for,13,0.003486
chemistry_,13,0.003486
pools,13,0.003486
ponds,13,0.003486
reeds,13,0.003486
knolls,13,0.003486
engagements,13,0.003486
cherubs,13,0.003486
mischance,13,0.003486
thickness,13,0.003486
oak,13,0.003486
engine,13,0.003486
purchaser,12,0.003218
statement_you,12,0.003218
ugliness,12,0.003218
grudge,12,0.003218
maiden,12,0.003218
France,12,0.003218
item,12,0.003218
seniors,12,0.003218
flood,12,0.003218
Infernal,12,0.003218
Region,12,0.003218
interests_and,12,0.003218
atom,12,0.003218
composition,12,0.003218
frontiers,12,0.003218
mourning,12,0.003218
countryman,12,0.003218
tobacco,12,0.003218
Coroner,12,0.003218
lawyers,12,0.003218
reproof,12,0.003218
nobleman,12,0.003218
impropriety,12,0.003218
remedies,12,0.003218
infection,12,0.003218
exhaustion_of,12,0.003218
pennies,12,0.003218
access,12,0.003218
modicum,12,0.003218
chemical,12,0.003218
affinities,12,0.003218
beast_,12,0.003218
pet,12,0.003218
Fulham,12,0.003218
glance,12,0.003218
cunning,12,0.003218
Count_message,12,0.003218
Count_but,12,0.003218
riding,12,0.003218
rest_on,12,0.003218
Hester_Pinhorn,12,0.003218
Pinhorn,12,0.003218
establishment_,12,0.003218
past_as,12,0.003218
prudence,12,0.003218
preparations,12,0.003218
past_with,12,0.003218
abruptness,12,0.003218
solemnity,12,0.003218
phrases,12,0.003218
members,12,0.003218
tokens,12,0.003218
ones,12,0.003218
notions,12,0.003218
wind,12,0.003218
outcast_whose,12,0.003218
Lauramust_,12,0.003218
rage,12,0.003218
calmest_and,12,0.003218
intruder,12,0.003218
obstinacy_is,12,0.003218
elbow,12,0.003218
conventionalities,12,0.003218
lawn,12,0.003218
footfall,12,0.003218
deaths,12,0.003218
beating,12,0.003218
surf,12,0.003218
feature,12,0.003218
smote,12,0.003218
remembrance,12,0.003218
interests_by,12,0.003218
vigour,12,0.003218
master_and,12,0.003218
district_registrar,12,0.003218
registrar_s,12,0.003218
exceptions,12,0.003218
Postlethwaite_,12,0.003218
betters,12,0.003218
wicket,12,0.003218
gates,12,0.003218
forest_,12,0.003218
structure_of,12,0.003218
female,12,0.003218
skeleton,12,0.003218
throats,12,0.003218
circumstances_to,12,0.003218
ascendency,12,0.003218
medium,12,0.003218
kingdom,12,0.003218
centre,12,0.003218
sandy,12,0.003218
aversion,12,0.003218
wealth,12,0.003218
punishment,12,0.003218
Count_approach,12,0.003218
sister_husband,12,0.003218
Oak,12,0.003218
interests_with,12,0.003218
rain,12,0.003218
lanterns,12,0.003218
scraping,12,0.003218
experiment,11,0.00295
T,11,0.00295
story_which,11,0.00295
register_from,11,0.00295
value,11,0.00295
observation,11,0.00295
stratagem_again,11,0.00295
stature_,11,0.00295
garments,11,0.00295
freshness,11,0.00295
vitality,11,0.00295
poverty,11,0.00295
insensibility,11,0.00295
folly,11,0.00295
stand_came,11,0.00295
station_in,11,0.00295
Madame_Foscofor,11,0.00295
Foscofor,11,0.00295
pigtail,11,0.00295
mystery_in,11,0.00295
question_to,11,0.00295
estimation_to,11,0.00295
receipt,11,0.00295
bargain,11,0.00295
obstinacy_and,11,0.00295
reprieve,11,0.00295
Count_till,11,0.00295
panic,11,0.00295
frenzy,11,0.00295
play,11,0.00295
peril,11,0.00295
sister_for,11,0.00295
funds,11,0.00295
story_that,11,0.00295
charges,11,0.00295
register_appear,11,0.00295
fate,11,0.00295
branch,11,0.00295
origin,11,0.00295
indecision,11,0.00295
prisoner,11,0.00295
interchange,11,0.00295
impulses,11,0.00295
draught,11,0.00295
clearness,11,0.00295
objections,11,0.00295
file,11,0.00295
stages_,11,0.00295
circumstances_on,11,0.00295
virtues,11,0.00295
refinement,11,0.00295
architecture,11,0.00295
boudoir,11,0.00295
luxuries,11,0.00295
arbour,11,0.00295
stools_,11,0.00295
stranger_by,11,0.00295
doom,11,0.00295
processes,11,0.00295
tenacity,11,0.00295
Annestrength_to,11,0.00295
Italian,11,0.00295
chins,11,0.00295
balloons,11,0.00295
buff,11,0.00295
summoning,11,0.00295
suggestion_on,11,0.00295
inclinations,11,0.00295
trifling,11,0.00295
dilemma,11,0.00295
Elster_in,11,0.00295
extremity,11,0.00295
mystery_which,11,0.00295
story_high,10,0.002682
womanwas,10,0.002682
outset,10,0.002682
footsteps_approaching,10,0.002682
step_of,10,0.002682
tickets,10,0.002682
impunity,10,0.002682
purchase,10,0.002682
consultation,10,0.002682
forenoon,10,0.002682
accounts,10,0.002682
Professor_was,10,0.002682
teacup,10,0.002682
Professor_says,10,0.002682
Professor_has,10,0.002682
Professor_respectable,10,0.002682
depths,10,0.002682
cook,10,0.002682
rival,10,0.002682
bitterness,10,0.002682
whiteness,10,0.002682
Shetland,10,0.002682
circumstance_by,10,0.002682
hundreds,10,0.002682
start_of,10,0.002682
stick_with,10,0.002682
axe,10,0.002682
equanimity,10,0.002682
pressure,10,0.002682
direst_want,10,0.002682
Howard,10,0.002682
Philanthropist_goes,10,0.002682
prisons,10,0.002682
huts,10,0.002682
hovels,10,0.002682
answers,10,0.002682
formality,10,0.002682
eye,10,0.002682
judgments,10,0.002682
Count_returned,10,0.002682
typhus,10,0.002682
dispute,10,0.002682
nourishment,10,0.002682
convalescence,10,0.002682
grooms,10,0.002682
stablemen_,10,0.002682
superstition_,10,0.002682
move,10,0.002682
efforts,10,0.002682
blessing,10,0.002682
interests_being,10,0.002682
rest_with,10,0.002682
remains,10,0.002682
Sir_Percivalif,10,0.002682
Percivalif,10,0.002682
good,10,0.002682
gallery,10,0.002682
convulsions,10,0.002682
downstairs_,10,0.002682
brow,10,0.002682
speakers,10,0.002682
abstract_which,10,0.002682
recourse,10,0.002682
Hampstead_,10,0.002682
West_End,10,0.002682
assistance_or,10,0.002682
Professor_pupils,10,0.002682
Pesco,10,0.002682
statement_to,10,0.002682
suppressions,10,0.002682
fag,10,0.002682
tune,10,0.002682
bass,10,0.002682
police,10,0.002682
worms,10,0.002682
rate,10,0.002682
strength_which,10,0.002682
provocation,10,0.002682
pace,10,0.002682
relationship,10,0.002682
restraint_to,10,0.002682
guests_,10,0.002682
circumstances_may,10,0.002682
representatives,10,0.002682
longwise,10,0.002682
belt,10,0.002682
licence,10,0.002682
contents,10,0.002682
obstacle_was,10,0.002682
Countess_sympathy,10,0.002682
cigars,10,0.002682
row,10,0.002682
pot,10,0.002682
winds,10,0.002682
Count_might,10,0.002682
accidents,10,0.002682
trellis,10,0.002682
pillar,10,0.002682
kiss,10,0.002682
policeman,10,0.002682
testimony_,10,0.002682
schools,10,0.002682
justice_is,10,0.002682
fondest_and,10,0.002682
steps_were,10,0.002682
frank,10,0.002682
weapon,10,0.002682
faceMarian,10,0.002682
instinct_was,10,0.002682
Count_at,10,0.002682
schoolmaster_,10,0.002682
ghost_last,10,0.002682
stranger_of,10,0.002682
horrors,10,0.002682
fluency,10,0.002682
thrust_Sir,10,0.002682
cease,10,0.002682
handful,10,0.002682
inflexions,10,0.002682
adventurers,10,0.002682
rifle,10,0.002682
dust_and,10,0.002682
cutting,10,0.002682
timber,10,0.002682
estate_before,10,0.002682
possessor,10,0.002682
gaps,10,0.002682
gap,10,0.002682
snake,10,0.002682
midst_of,10,0.002682
artisan,10,0.002682
Mrs_had,10,0.002682
Mrs_birth,10,0.002682
Mrs_is,10,0.002682
ordeal,10,0.002682
condescension,10,0.002682
monarch,10,0.002682
stimulant_,10,0.002682
Charles,10,0.002682
Wednesday,10,0.002682
pretensions,10,0.002682
gamekeeper,10,0.002682
magistrate_was,10,0.002682
magistrate_immediately,10,0.002682
assistance_quite,10,0.002682
register_Mr,10,0.002682
hedges,10,0.002682
doves,10,0.002682
sheets,10,0.002682
waggon,10,0.002682
question_as,9,0.002413
goat,9,0.002413
barrier,9,0.002413
opening,9,0.002413
Mrs_Catherickknew,9,0.002413
Catherickknew,9,0.002413
register_also,9,0.002413
Bits,9,0.002413
pulpit,9,0.002413
panels,9,0.002413
chancel,9,0.002413
images,9,0.002413
organ,9,0.002413
loft,9,0.002413
stain_on,9,0.002413
investigations_which,9,0.002413
apprehensions,9,0.002413
instinct_of,9,0.002413
revenge,9,0.002413
O,9,0.002413
throat,9,0.002413
obstacle_by,9,0.002413
discipline,9,0.002413
government,9,0.002413
organisation,9,0.002413
recall,9,0.002413
battle,9,0.002413
system_for,9,0.002413
print,9,0.002413
statement_I,9,0.002413
lapse,9,0.002413
shade,9,0.002413
mistress_by,9,0.002413
Countess_and,9,0.002413
saline,9,0.002413
attacks,9,0.002413
question_about,9,0.002413
swoon,9,0.002413
strip_of,9,0.002413
visionaries,9,0.002413
matron,9,0.002413
resentment,9,0.002413
scheme,9,0.002413
HalcombeMiss_Fairlie,9,0.002413
de,9,0.002413
ar,9,0.002413
term,9,0.002413
slur,9,0.002413
step_or,9,0.002413
savings,9,0.002413
landing,9,0.002413
cry,9,0.002413
removal,9,0.002413
sister_that,9,0.002413
secretary,9,0.002413
Sir_marriage,9,0.002413
rush,9,0.002413
peep,9,0.002413
whims,9,0.002413
circumstances_which,9,0.002413
avowal,9,0.002413
doorway,9,0.002413
step_on,9,0.002413
Miss_Mr,9,0.002413
Hannah,9,0.002413
Sir_that,9,0.002413
grief,9,0.002413
Madame_Foscoshadow,9,0.002413
Foscoshadow,9,0.002413
shutters,9,0.002413
stile_,9,0.002413
impatience,9,0.002413
show,9,0.002413
Professor_could,9,0.002413
Professor_gratitude,9,0.002413
restraint_on,9,0.002413
complications,9,0.002413
justice_on,9,0.002413
past_which,9,0.002413
assistance_had,9,0.002413
Count_part,9,0.002413
School,9,0.002413
strength_to,9,0.002413
shelter,9,0.002413
clock,9,0.002413
POSTSCRIPT,9,0.002413
FRIEND,9,0.002413
selfishness,9,0.002413
disturbance_,9,0.002413
hints,9,0.002413
examples,9,0.002413
leanest_and,9,0.002413
wings,9,0.002413
screech,9,0.002413
state_in,9,0.002413
willows,9,0.002413
piles,9,0.002413
velvet,9,0.002413
gentry,9,0.002413
conveyance,9,0.002413
thickets,9,0.002413
circle,9,0.002413
dial,9,0.002413
question_on,8,0.002145
helplessness,8,0.002145
longing,8,0.002145
estimation_and,8,0.002145
strangers_for,8,0.002145
desolation,8,0.002145
pattern,8,0.002145
question_without,8,0.002145
sermon,8,0.002145
chemist_I,8,0.002145
quarters,8,0.002145
distance_off,8,0.002145
Sir_cottage,8,0.002145
Nobody,8,0.002145
encumbrances,8,0.002145
master_say,8,0.002145
register_in,8,0.002145
sale,8,0.002145
Gould,8,0.002145
Mrs_Toddaccordingly,8,0.002145
Toddaccordingly,8,0.002145
elders,8,0.002145
Professor_had,8,0.002145
Professor_precipitate,8,0.002145
trace,8,0.002145
hazard,8,0.002145
history_and,8,0.002145
steps_,8,0.002145
adventures,8,0.002145
kennel,8,0.002145
ceremonies,8,0.002145
bills,8,0.002145
sticks_of,8,0.002145
acknowledgments,8,0.002145
foreigners,8,0.002145
scrutiny,8,0.002145
Countess_in,8,0.002145
occasions,8,0.002145
pack,8,0.002145
traces,8,0.002145
acknowledgment,8,0.002145
reader,8,0.002145
Count_manner,8,0.002145
establishment_ready,8,0.002145
disease,8,0.002145
resurrection,8,0.002145
circumstances_did,8,0.002145
risks,8,0.002145
question_still,8,0.002145
requisites,8,0.002145
yesterday_morning,8,0.002145
mistress_name,8,0.002145
cooking,8,0.002145
peacefulness,8,0.002145
investigation_proposed,8,0.002145
fragment,8,0.002145
interim,8,0.002145
nurses,8,0.002145
distrustfully_,8,0.002145
turns,8,0.002145
vocabulary,8,0.002145
wellbeing,8,0.002145
souls,8,0.002145
obscurities,8,0.002145
technicalities,8,0.002145
heiress,8,0.002145
manifestation_of,8,0.002145
communion,8,0.002145
rails,8,0.002145
stranger_in,8,0.002145
keeping,8,0.002145
nonsense,8,0.002145
whim,8,0.002145
footsteps_of,8,0.002145
fringe,8,0.002145
eve,8,0.002145
guest_was,8,0.002145
task,8,0.002145
odour,8,0.002145
interests_all,8,0.002145
questions_I,8,0.002145
question_jarred,8,0.002145
animation,8,0.002145
Dear,8,0.002145
Arnolds,8,0.002145
list_of,8,0.002145
exercises,8,0.002145
Professor_believed,8,0.002145
Hills,8,0.002145
prejudices,8,0.002145
terrace,8,0.002145
venture,8,0.002145
schoolmaster_which,8,0.002145
Excuse,8,0.002145
sunshine,8,0.002145
mistress_s,8,0.002145
denial,8,0.002145
eloquence,8,0.002145
won,8,0.002145
poetry,8,0.002145
Listen_,8,0.002145
distress_,8,0.002145
April,8,0.002145
May,8,0.002145
question_my,8,0.002145
collar,8,0.002145
blades,8,0.002145
wirework,8,0.002145
Count_native,8,0.002145
career,8,0.002145
injustice_if,8,0.002145
martyrdom,8,0.002145
puzzles,8,0.002145
dirt,8,0.002145
assassination,8,0.002145
teacher,8,0.002145
sanctuary,8,0.002145
Sympathies,8,0.002145
radiance,8,0.002145
tucks,8,0.002145
passengers,8,0.002145
pewter,8,0.002145
medal,8,0.002145
edges,8,0.002145
distance_of,8,0.002145
nostrils_,8,0.002145
constraint_might,8,0.002145
surety,8,0.002145
magistrate_,8,0.002145
fee,8,0.002145
measter_,8,0.002145
vestry_wall,8,0.002145
Visitation,8,0.002145
persecution,8,0.002145
boldness,7,0.001877
limits,7,0.001877
Number,7,0.001877
speculation,7,0.001877
plate,7,0.001877
courtesy,7,0.001877
patch,7,0.001877
vestry_side,7,0.001877
untidiness,7,0.001877
press,7,0.001877
surplices,7,0.001877
leather,7,0.001877
Miss_Elster,7,0.001877
Elster_of,7,0.001877
street_and,7,0.001877
instances_besides,7,0.001877
goods,7,0.001877
chattels,7,0.001877
struggle_was,7,0.001877
strength_between,7,0.001877
expressions,7,0.001877
recommend,7,0.001877
motherhands,7,0.001877
shops,7,0.001877
paces,7,0.001877
heaven,7,0.001877
emphasis,7,0.001877
construction_on,7,0.001877
heat,7,0.001877
standing_,7,0.001877
straw_hat,7,0.001877
costume_,7,0.001877
stool_on,7,0.001877
stool_back,7,0.001877
stool_weight,7,0.001877
stealing_is,7,0.001877
breadth,7,0.001877
inferences,7,0.001877
Sir_waiting,7,0.001877
Providence,7,0.001877
establishment_immediately,7,0.001877
bargaining,7,0.001877
superstition_inherent,7,0.001877
worthier,7,0.001877
capacity,7,0.001877
instructions_I,7,0.001877
crosses,7,0.001877
mistress_ended,7,0.001877
mistress_was,7,0.001877
mistress_help,7,0.001877
mistress_fat,7,0.001877
coffin,7,0.001877
bubbling,7,0.001877
instructions_signed,7,0.001877
Lady_that,7,0.001877
Lady_should,7,0.001877
Lady_s,7,0.001877
Lady_Glydewith,7,0.001877
Glydewith,7,0.001877
sister_by,7,0.001877
societies,7,0.001877
land,7,0.001877
shape,7,0.001877
surmise,7,0.001877
ingress,7,0.001877
cost_of,7,0.001877
desperation,7,0.001877
sittings,7,0.001877
bond,7,0.001877
fold,7,0.001877
scruple,7,0.001877
questions_addressed,7,0.001877
mysteries_which,7,0.001877
hazards,7,0.001877
stillness_which,7,0.001877
Tuesday,7,0.001877
human,7,0.001877
steps_of,7,0.001877
interests_will,7,0.001877
sandhills,7,0.001877
beach,7,0.001877
evenings,7,0.001877
agony,7,0.001877
abandonment,7,0.001877
gentlefolks,7,0.001877
destination_immediately,7,0.001877
ghost_it,7,0.001877
weeks,7,0.001877
brightness,7,0.001877
strain_and,7,0.001877
secretion,7,0.001877
Brooch,7,0.001877
companions,7,0.001877
curtains,7,0.001877
chick,7,0.001877
thingsfirst_came,7,0.001877
exaction,7,0.001877
Napoleon,7,0.001877
Sir_into,7,0.001877
sleepiness,7,0.001877
croaking,7,0.001877
frogs,7,0.001877
echoes,7,0.001877
calm,7,0.001877
strokes_have,7,0.001877
merits,7,0.001877
testimony_to,7,0.001877
truthfulness,7,0.001877
slowness,7,0.001877
localities,7,0.001877
dealers,7,0.001877
brokers,7,0.001877
assault,7,0.001877
Copy,7,0.001877
Marriage,7,0.001877
Register_of,7,0.001877
mist_and,7,0.001877
obstacles_than,7,0.001877
ditches,7,0.001877
pane,7,0.001877
quickening,7,0.001877
crackle,7,0.001877
snap,7,0.001877
personages,6,0.001609
HEIR,6,0.001609
LIMMERIDGE,6,0.001609
disguise,6,0.001609
outburst_of,6,0.001609
inhabitants,6,0.001609
Pigrum,6,0.001609
tail,6,0.001609
sarcasm,6,0.001609
master_kept,6,0.001609
master_office,6,0.001609
lord,6,0.001609
thumb,6,0.001609
smack,6,0.001609
story_myself,6,0.001609
fellows,6,0.001609
necessities,6,0.001609
expense,6,0.001609
instinct_implanted,6,0.001609
similarity,6,0.001609
interests_not,6,0.001609
smiles,6,0.001609
shakings,6,0.001609
beings,6,0.001609
dears,6,0.001609
Dante,6,0.001609
Sarah,6,0.001609
stand_in,6,0.001609
Count_proposed,6,0.001609
cravat,6,0.001609
closeness,6,0.001609
Mr_that,6,0.001609
proposals,6,0.001609
Sir_PercivalSir,6,0.001609
PercivalSir_Percival,6,0.001609
December,6,0.001609
HIS,6,0.001609
questions_sharp,6,0.001609
ha,6,0.001609
Chinaman,6,0.001609
painting,6,0.001609
mouse,6,0.001609
kinds,6,0.001609
Isaac,6,0.001609
York,6,0.001609
uncivil,6,0.001609
Count_interrupted,6,0.001609
testimony_in,6,0.001609
obstinacy_have,6,0.001609
waste_and,6,0.001609
gluttony,6,0.001609
halfhour,6,0.001609
sword,6,0.001609
Count_watch,6,0.001609
rapidity,6,0.001609
framework,6,0.001609
characteristics_of,6,0.001609
odium,6,0.001609
failings,6,0.001609
circumstances_here,6,0.001609
history_in,6,0.001609
invalids,6,0.001609
decanter,6,0.001609
successor,6,0.001609
master_brought,6,0.001609
mistress_exactly,6,0.001609
mistress_thought,6,0.001609
enough,6,0.001609
distress_might,6,0.001609
survivors,6,0.001609
investigations_,6,0.001609
inmate,6,0.001609
sister_recognised,6,0.001609
sister_back,6,0.001609
stalls_,6,0.001609
gesture_of,6,0.001609
Professor_if,6,0.001609
Professor_recognised,6,0.001609
elder,6,0.001609
estate_stood,6,0.001609
Mr_plainly,6,0.001609
fetter,6,0.001609
dusk,6,0.001609
gas,6,0.001609
parrot,6,0.001609
Mr_suspicions,6,0.001609
Mr_will,6,0.001609
gaoler,6,0.001609
questions_on,6,0.001609
steward_,6,0.001609
jets,6,0.001609
insects,6,0.001609
animal,6,0.001609
resignation,6,0.001609
sill,6,0.001609
underclothing,6,0.001609
gleam,6,0.001609
trust_for,6,0.001609
Count_attention,6,0.001609
distrust_left,6,0.001609
labourers,6,0.001609
beauties,6,0.001609
eyebrows,6,0.001609
smelling,6,0.001609
request_by,6,0.001609
Professor_habits,6,0.001609
Professor_personal,6,0.001609
contentedness,6,0.001609
combinations,6,0.001609
landscape,6,0.001609
passive,6,0.001609
justice_of,6,0.001609
traitor,6,0.001609
schoolmaster_must,6,0.001609
scholars,6,0.001609
Postlethwaite_caned,6,0.001609
schoolmaster_s,6,0.001609
bedtime,6,0.001609
Countess_a,6,0.001609
temporising,6,0.001609
West_,6,0.001609
epidemic,6,0.001609
distrust_,6,0.001609
windings,6,0.001609
mongers,6,0.001609
Don,6,0.001609
gesture_which,6,0.001609
blossoms,6,0.001609
sets,6,0.001609
Italians,6,0.001609
barbarians,6,0.001609
astonishment_of,6,0.001609
summons,6,0.001609
horizon,6,0.001609
flirtable,6,0.001609
sister_did,6,0.001609
sister_said,6,0.001609
Honduras,6,0.001609
fulness,6,0.001609
wifeplans,6,0.001609
personage,6,0.001609
Ah,6,0.001609
Professor_door,6,0.001609
corpse,6,0.001609
personification,6,0.001609
amiability,6,0.001609
vegetable,6,0.001609
preoccupation,6,0.001609
Mother,6,0.001609
headache,6,0.001609
shyness,6,0.001609
feathers,6,0.001609
ourselves,6,0.001609
material,6,0.001609
lodging,6,0.001609
Catherickat,6,0.001609
commentary,6,0.001609
theory,6,0.001609
request_rather,6,0.001609
ivory,6,0.001609
shrillness,6,0.001609
flame,6,0.001609
coast_,6,0.001609
taproom,6,0.001609
Count_uneasily,6,0.001609
gathering,5,0.001341
fears,5,0.001341
outside,5,0.001341
stoniest_and,5,0.001341
Bible,5,0.001341
cottages,5,0.001341
master_old,5,0.001341
flash,5,0.001341
struggle_with,5,0.001341
joke,5,0.001341
Professor_Pesca,5,0.001341
testimonials_to,5,0.001341
Portland,5,0.001341
Place,5,0.001341
footsteps_again,5,0.001341
comparison,5,0.001341
forgetfulness,5,0.001341
glimpse,5,0.001341
Chancery,5,0.001341
Lane,5,0.001341
Count_gives,5,0.001341
Count_has,5,0.001341
Sir_with,5,0.001341
alter,5,0.001341
stranger_at,5,0.001341
lieu,5,0.001341
Countess_had,5,0.001341
sleeve,5,0.001341
struggle_in,5,0.001341
candour,5,0.001341
stimulant_for,5,0.001341
lunacy,5,0.001341
Lady_GlydeFosco,5,0.001341
GlydeFosco,5,0.001341
captive,5,0.001341
PROOF,5,0.001341
tie,5,0.001341
Count_if,5,0.001341
mistake_to,5,0.001341
estimation_when,5,0.001341
actor,5,0.001341
nosegays,5,0.001341
strength_,5,0.001341
port,5,0.001341
establishment_were,5,0.001341
investigation_by,5,0.001341
backs,5,0.001341
nostrils_again,5,0.001341
Avenue,5,0.001341
reality,5,0.001341
The,5,0.001341
city,5,0.001341
continent,5,0.001341
Europe,5,0.001341
Christian_,5,0.001341
inquest_was,5,0.001341
talkers,5,0.001341
fool,5,0.001341
merit,5,0.001341
Count_lips,5,0.001341
footsteps_,5,0.001341
knocking,5,0.001341
indolence,5,0.001341
Catherickyourself,5,0.001341
Mrs_Toddhospitable,5,0.001341
Toddhospitable,5,0.001341
remonstrances_and,5,0.001341
refusals,5,0.001341
wafers,5,0.001341
wait,5,0.001341
cornice,5,0.001341
Radical,5,0.001341
depression,5,0.001341
advisers,5,0.001341
fondest_of,5,0.001341
protectors,5,0.001341
fox,5,0.001341
hunt,5,0.001341
cricket,5,0.001341
healing,5,0.001341
influences,5,0.001341
sanctions,5,0.001341
paint,5,0.001341
treasure,5,0.001341
leaf,5,0.001341
25th,5,0.001341
interests_at,5,0.001341
journals,5,0.001341
question_meant,5,0.001341
assertions,5,0.001341
waistcoat_,5,0.001341
echo,5,0.001341
chess,5,0.001341
backgammon,5,0.001341
ecarte,5,0.001341
drawbacks,5,0.001341
billiards,5,0.001341
park,5,0.001341
recreant,5,0.001341
wound,5,0.001341
stranger_answering,5,0.001341
stairs_of,5,0.001341
hanging,5,0.001341
Fifth,5,0.001341
Sir_deathbed,5,0.001341
discomposure,5,0.001341
heels,5,0.001341
alert,5,0.001341
brick,5,0.001341
mortar,5,0.001341
canvas,5,0.001341
scratching,5,0.001341
fencing,5,0.001341
crowing,4,0.001073
distrust_which,4,0.001073
plot,4,0.001073
walls,4,0.001073
slate,4,0.001073
rent,4,0.001073
petition,4,0.001073
shilling,4,0.001073
crown,4,0.001073
soften,4,0.001073
turning,4,0.001073
test_by,4,0.001073
bunch,4,0.001073
Sir_hand,4,0.001073
substitution_having,4,0.001073
fund,4,0.001073
banker,4,0.001073
clog,4,0.001073
upstairs_into,4,0.001073
hearsay,4,0.001073
Sir_outrages,4,0.001073
genius,4,0.001073
testimonials_letters,4,0.001073
Misses_and,4,0.001073
out,4,0.001073
Professor_for,4,0.001073
Professor_interference,4,0.001073
jest_,4,0.001073
offers,4,0.001073
colony,4,0.001073
terraces,4,0.001073
fashions,4,0.001073
fame,4,0.001073
stroll_in,4,0.001073
range,4,0.001073
footstep_following,4,0.001073
verdict,4,0.001073
causes,4,0.001073
merest_accident,4,0.001073
dressmaker,4,0.001073
gaieties,4,0.001073
excitements,4,0.001073
wisdom,4,0.001073
Sir_always,4,0.001073
distrust_that,4,0.001073
Neither,4,0.001073
twentyfirst_of,4,0.001073
Story_CONTINUED,4,0.001073
mediation,4,0.001073
obstacles_that,4,0.001073
Hyde,4,0.001073
villainy,4,0.001073
plantations,4,0.001073
mercies,4,0.001073
stool_lap,4,0.001073
blot,4,0.001073
murderers,4,0.001073
epigram,4,0.001073
Pray,4,0.001073
Mouse,4,0.001073
figures,4,0.001073
instant_Mrs,4,0.001073
Mrs_could,4,0.001073
distance_to,4,0.001073
fortunes,4,0.001073
Count_of,4,0.001073
mesmerism,4,0.001073
resistance_on,4,0.001073
Recovery,4,0.001073
Sickness,4,0.001073
disorder,4,0.001073
seal,4,0.001073
Count_felt,4,0.001073
market,4,0.001073
circumstance_for,4,0.001073
interests_I,4,0.001073
meantime,4,0.001073
obstacles_occurred,4,0.001073
splutter,4,0.001073
flourish,4,0.001073
IT,4,0.001073
Nero,4,0.001073
anticipation,4,0.001073
operation,4,0.001073
procession,4,0.001073
trust_to,4,0.001073
romance,4,0.001073
writers,4,0.001073
gentlemencertificates,4,0.001073
calculation,4,0.001073
questions_will,4,0.001073
independence,4,0.001073
injustice_to,4,0.001073
muzzle,4,0.001073
street_by,4,0.001073
Count_tried,4,0.001073
trust_in,4,0.001073
stranger_had,4,0.001073
graves,4,0.001073
sister_situation,4,0.001073
Well,4,0.001073
uselessly,4,0.001073
master_did,4,0.001073
mistress_must,4,0.001073
mistress_head,4,0.001073
mistress_own,4,0.001073
question_even,4,0.001073
assent,4,0.001073
test_,4,0.001073
supremacy,4,0.001073
relish,4,0.001073
dais,4,0.001073
tale,4,0.001073
Pescamoved,4,0.001073
justice_now,4,0.001073
sons,4,0.001073
Arthur,4,0.001073
Mr_to,4,0.001073
Somebody,4,0.001073
instance_to,4,0.001073
Sir_Percivalwanted,4,0.001073
Percivalwanted,4,0.001073
questions_together,4,0.001073
Mr_Gilmorewill,4,0.001073
Gilmorewill,4,0.001073
stupidity_,4,0.001073
interest_with,4,0.001073
beam,4,0.001073
catastrophe_in,4,0.001073
register_on,4,0.001073
master_first,4,0.001073
Dorcas,4,0.001073
steps_into,4,0.001073
odds,4,0.001073
Count_friend,4,0.001073
footsteps_like,4,0.001073
yards,4,0.001073
no,4,0.001073
resistance_to,4,0.001073
whispering,4,0.001073
stairs_I,4,0.001073
Fannybecause,4,0.001073
attack,4,0.001073
Mrs_Toddaside,4,0.001073
Toddaside,4,0.001073
frown,4,0.001073
thinking,4,0.001073
periodicals,4,0.001073
petticoat,4,0.001073
flannel,4,0.001073
bully,4,0.001073
bluster_as,4,0.001073
creak,4,0.001073
Count_weight,4,0.001073
Count_hand,4,0.001073
One,4,0.001073
porch,4,0.001073
interruption,4,0.001073
pursuers,4,0.001073
track,4,0.001073
hindrances,4,0.001073
emotion,4,0.001073
stone_of,4,0.001073
story_CONTINUED,4,0.001073
yesterday_to,4,0.001073
relics,4,0.001073
impressibility,4,0.001073
umbrella,4,0.001073
subsistence_on,4,0.001073
surer,4,0.001073
bay,4,0.001073
station_here,4,0.001073
protestations_with,4,0.001073
question_then,4,0.001073
tombstone_with,4,0.001073
might,4,0.001073
master_my,4,0.001073
ghosts_in,4,0.001073
Postlethwaite_standing,4,0.001073
stool_there,4,0.001073
stile_which,4,0.001073
boundary,4,0.001073
sky,4,0.001073
perusal,4,0.001073
Miss_were,4,0.001073
ton,4,0.001073
Count_canary,4,0.001073
tricks,4,0.001073
left,4,0.001073
escort,4,0.001073
Broochappointment,4,0.001073
rest_lost,4,0.001073
request_with,4,0.001073
madness,4,0.001073
B,4,0.001073
annoyances,4,0.001073
mistress_and,4,0.001073
yesterday_now,4,0.001073
aptitude,4,0.001073
chemists_living,4,0.001073
bloodhound,4,0.001073
luxury,4,0.001073
pliability,4,0.001073
sister_with,4,0.001073
ham,4,0.001073
bye,4,0.001073
particular,4,0.001073
Baxter,4,0.001073
cuts,4,0.001073
Mrs_out,4,0.001073
chicken,4,0.001073
region,4,0.001073
instrument_,4,0.001073
coincidence,4,0.001073
costume_of,4,0.001073
Child,4,0.001073
portfolio,4,0.001073
portfolios,4,0.001073
stands_,4,0.001073
tortures,4,0.001073
Sir_for,4,0.001073
penalties,4,0.001073
cudgel,4,0.001073
heavy,4,0.001073
idiocy,4,0.001073
battering,4,0.001073
ram,4,0.001073
shout,4,0.001073
injustice_inflicted,4,0.001073
Englishwoman,4,0.001073
obstinacy_mind,4,0.001073
Story_,3,0.000804
Thirteen,3,0.000804
mention,3,0.000804
circus,3,0.000804
DON,3,0.000804
interpretation,3,0.000804
investigations_had,3,0.000804
packing,3,0.000804
cover,3,0.000804
master_pinch,3,0.000804
pinch,3,0.000804
snuff,3,0.000804
THERE,3,0.000804
irritation,3,0.000804
stranger_would,3,0.000804
concessions,3,0.000804
tastes_of,3,0.000804
Mister_,3,0.000804
mouthfuls,3,0.000804
breeze,3,0.000804
push,3,0.000804
struggle_to,3,0.000804
eyelids,3,0.000804
surmises,3,0.000804
disappointments,3,0.000804
assistance_Pesca,3,0.000804
hue,3,0.000804
walks,3,0.000804
mist_with,3,0.000804
Metella,3,0.000804
h,3,0.000804
sneer,3,0.000804
threat,3,0.000804
sister_yet,3,0.000804
twig,3,0.000804
Mr_entering,3,0.000804
workpeople,3,0.000804
sacrifices,3,0.000804
distrust_in,3,0.000804
Heaven,3,0.000804
absurdity,3,0.000804
errands,3,0.000804
streets_,3,0.000804
circumstances_whatever,3,0.000804
esteem_for,3,0.000804
nurseescape,3,0.000804
circumstances_I,3,0.000804
benediction,3,0.000804
ankles,3,0.000804
salutation,3,0.000804
stool_as,3,0.000804
China,3,0.000804
pretexts,3,0.000804
Chatterton,3,0.000804
physicians,3,0.000804
increase,3,0.000804
edification,3,0.000804
meal,3,0.000804
sickness,3,0.000804
stare_of,3,0.000804
questions_here,3,0.000804
confirmation,3,0.000804
aspersion,3,0.000804
shirt,3,0.000804
estimation_as,3,0.000804
defect,3,0.000804
Document,3,0.000804
steps_inside,3,0.000804
gaze,3,0.000804
ardour,3,0.000804
apple,3,0.000804
Newton,3,0.000804
mission,3,0.000804
pacifying,3,0.000804
Prison,3,0.000804
links,3,0.000804
instructions_back,3,0.000804
Gower,3,0.000804
Walk,3,0.000804
sticks_at,3,0.000804
Mr_about,3,0.000804
doubtfulness,3,0.000804
rest_by,3,0.000804
watering,3,0.000804
Count_kind,3,0.000804
Dearest_Laura,3,0.000804
drawers,3,0.000804
instructions_about,3,0.000804
ship,3,0.000804
strength_and,3,0.000804
Hampstead_Cottage,3,0.000804
Cottage,3,0.000804
handle,3,0.000804
HIM,3,0.000804
lavender,3,0.000804
Professor_great,3,0.000804
tier,3,0.000804
Knew,3,0.000804
secretaries,3,0.000804
circumstances_and,3,0.000804
manhood,3,0.000804
Count_Mr,3,0.000804
Mr_dress,3,0.000804
gentlemanlike,3,0.000804
elections,3,0.000804
garret,3,0.000804
magistrate_at,3,0.000804
gifts,3,0.000804
reward,3,0.000804
remonstrance_and,3,0.000804
whole,3,0.000804
Baronet_,3,0.000804
achievement,3,0.000804
step_whispering,3,0.000804
artist_vanities,3,0.000804
batch,3,0.000804
cigarette,3,0.000804
Count_blouse,3,0.000804
pledge,3,0.000804
instance_of,3,0.000804
Sir_as,3,0.000804
Countess_disposal,3,0.000804
Countess_The,3,0.000804
Countess_accordingly,3,0.000804
Count_again,3,0.000804
dozen,3,0.000804
stand_on,3,0.000804
Count_voice,3,0.000804
scrabble,3,0.000804
deeds,3,0.000804
wills,3,0.000804
lamp,3,0.000804
interests_concerned,3,0.000804
utterance,3,0.000804
stamina_enough,3,0.000804
stranger_what,3,0.000804
beasts_of,3,0.000804
childhood,3,0.000804
twentyfirst_,3,0.000804
instant_above,3,0.000804
machine,3,0.000804
Professor_speak,3,0.000804
Professor_life,3,0.000804
torrent,3,0.000804
Professor_tears,3,0.000804
protestations_by,3,0.000804
thoughtfulness,3,0.000804
shocks,3,0.000804
master_heart,3,0.000804
manuscript,3,0.000804
stables_aside,3,0.000804
farmers,3,0.000804
wives,3,0.000804
hills,3,0.000804
workroom,3,0.000804
coverlid,3,0.000804
story_at,3,0.000804
stone_quarry,3,0.000804
quarry,3,0.000804
ghost_seen,3,0.000804
twilight,3,0.000804
destiny_with,3,0.000804
purport,3,0.000804
workshop,3,0.000804
Sir_the,3,0.000804
affirmative,3,0.000804
bows,3,0.000804
rest_will,3,0.000804
rest_again,3,0.000804
iss,3,0.000804
labyrinths,3,0.000804
izzie,3,0.000804
master_could,3,0.000804
transformation,3,0.000804
Darnford,3,0.000804
Eighth,3,0.000804
stoppages_and,3,0.000804
repetitions,3,0.000804
favourites,3,0.000804
oddities,3,0.000804
jaw,3,0.000804
discomfort,3,0.000804
breakfast_than,3,0.000804
gaiety,3,0.000804
spoil,3,0.000804
mystery_yet,3,0.000804
moat,3,0.000804
Sir_in,3,0.000804
solitude,3,0.000804
decay,3,0.000804
chuckle,3,0.000804
convulsion,3,0.000804
Cathedral,3,0.000804
Notre,3,0.000804
Dame,3,0.000804
biography,3,0.000804
Countess_deceased,3,0.000804
sadness,3,0.000804
mockery,3,0.000804
cutlet,3,0.000804
century,3,0.000804
grocer,3,0.000804
druggist_s,3,0.000804
set,3,0.000804
reform,3,0.000804
construction_of,3,0.000804
malice,3,0.000804
chairclose,3,0.000804
brothers,3,0.000804
roadside,3,0.000804
Lord_soul,3,0.000804
tombstones_,3,0.000804
twos,3,0.000804
threes,3,0.000804
Count_arm,3,0.000804
Rossini,3,0.000804
Count_behind,3,0.000804
Count_book,3,0.000804
coral,2,0.000536
saw,2,0.000536
platform,2,0.000536
question_from,2,0.000536
pavement,2,0.000536
trust_me,2,0.000536
defences,2,0.000536
passions,2,0.000536
station_the,2,0.000536
greatcoat,2,0.000536
hook,2,0.000536
Queen_s,2,0.000536
prospectuses,2,0.000536
master_as,2,0.000536
spectacles,2,0.000536
divisions,2,0.000536
stone_unturned,2,0.000536
unturned,2,0.000536
twins,2,0.000536
interest_till,2,0.000536
Narratives,2,0.000536
question_I,2,0.000536
heads,2,0.000536
instruction_of,2,0.000536
Papathe,2,0.000536
discomfiture,2,0.000536
remonstrances_would,2,0.000536
sources,2,0.000536
Count_canaries,2,0.000536
rest_to,2,0.000536
monkey,2,0.000536
Count_shoulders,2,0.000536
optician,2,0.000536
supply,2,0.000536
upstairs_immediately,2,0.000536
shelves,2,0.000536
woods,2,0.000536
Count_planned,2,0.000536
interment,2,0.000536
Mr_calculations,2,0.000536
calculations,2,0.000536
waist_at,2,0.000536
burnings,2,0.000536
tendency,2,0.000536
sympathising,2,0.000536
feud,2,0.000536
request_that,2,0.000536
perpetration,2,0.000536
instincts_,2,0.000536
New,2,0.000536
steps_homewards,2,0.000536
homewards,2,0.000536
Mouseys,2,0.000536
stool_many,2,0.000536
sizes,2,0.000536
Count_huge,2,0.000536
Count_white,2,0.000536
bloodshed,2,0.000536
HE,2,0.000536
Countess_dinner,2,0.000536
Count_sat,2,0.000536
step_Lady,2,0.000536
reaction,2,0.000536
disagreement,2,0.000536
state_to,2,0.000536
guess,2,0.000536
pens,2,0.000536
slips,2,0.000536
Count_appearance,2,0.000536
Count_packing,2,0.000536
superscription,2,0.000536
system_of,2,0.000536
philosophy,2,0.000536
reservoirs,2,0.000536
Chemists_I,2,0.000536
drivel,2,0.000536
burden,2,0.000536
formalities,2,0.000536
Science,2,0.000536
Count_advice,2,0.000536
Mr_loss,2,0.000536
statement_was,2,0.000536
sister_throughout,2,0.000536
Lady_GlydeGlyde,2,0.000536
GlydeGlyde,2,0.000536
fruits,2,0.000536
ye,2,0.000536
stranger_walking,2,0.000536
upstairs_and,2,0.000536
mistress_a,2,0.000536
mistress_said,2,0.000536
Garth,2,0.000536
Mr_Goodricke,2,0.000536
district_office,2,0.000536
master_master,2,0.000536
master_looked,2,0.000536
step_towards,2,0.000536
custody_Miss,2,0.000536
stockbroker_,2,0.000536
suggestions_,2,0.000536
stillness_of,2,0.000536
alternations,2,0.000536
cruise,2,0.000536
stable_,2,0.000536
herwe,2,0.000536
Policeman,2,0.000536
Professor_to,2,0.000536
lobby,2,0.000536
presidents,2,0.000536
sister_away,2,0.000536
hiding,2,0.000536
trot,2,0.000536
question_before,2,0.000536
whispers,2,0.000536
vestry_again,2,0.000536
accounting,2,0.000536
commencement,2,0.000536
commodity,2,0.000536
register_was,2,0.000536
overfond,2,0.000536
north,2,0.000536
Faith,2,0.000536
boast_about,2,0.000536
liberties,2,0.000536
inequalities,2,0.000536
Monday,2,0.000536
Count_waistcoat,2,0.000536
waistcoat_to,2,0.000536
irritations,2,0.000536
stairs_and,2,0.000536
Spy,2,0.000536
scrape,2,0.000536
rest_out,2,0.000536
bruises,2,0.000536
dangers,2,0.000536
quiet,2,0.000536
basket,2,0.000536
eggs,2,0.000536
Count_cigarette,2,0.000536
being,2,0.000536
bear,2,0.000536
postscript_to,2,0.000536
misadventures,2,0.000536
steps_the,2,0.000536
Countess_of,2,0.000536
Countess_mind,2,0.000536
Countess_idea,2,0.000536
Count_were,2,0.000536
adhesive,2,0.000536
sister_battle,2,0.000536
Count_precautions,2,0.000536
hood,2,0.000536
matches,2,0.000536
step_forward,2,0.000536
substance_of,2,0.000536
behaviour,2,0.000536
brandy,2,0.000536
method,2,0.000536
quality,2,0.000536
foresight,2,0.000536
circumstances_guide,2,0.000536
creep,2,0.000536
straws_about,2,0.000536
exhibition,2,0.000536
Punch,2,0.000536
footsteps_and,2,0.000536
ache,2,0.000536
Mrs_Fairlieand,2,0.000536
Fairlieand,2,0.000536
ours,2,0.000536
clearing,2,0.000536
pearliness,2,0.000536
principle,2,0.000536
heel,2,0.000536
sister_restless,2,0.000536
Sir_Percivaldecide,2,0.000536
Percivaldecide,2,0.000536
draughtsman,2,0.000536
gaiters,2,0.000536
Professor_look,2,0.000536
Cramp,2,0.000536
Wife,2,0.000536
ferns,2,0.000536
grasses,2,0.000536
summit,2,0.000536
cards,2,0.000536
Mozart,2,0.000536
chords,2,0.000536
paleness,2,0.000536
balcony,2,0.000536
station_us,2,0.000536
soonest_to,2,0.000536
Tombstone_,2,0.000536
Marianand,2,0.000536
struggle_that,2,0.000536
instructions_with,2,0.000536
vantage,2,0.000536
headaches,2,0.000536
playground,2,0.000536
knuckles,2,0.000536
schoolroom,2,0.000536
schoolmaster_a,2,0.000536
strike_three,2,0.000536
issues,2,0.000536
homage,2,0.000536
mistakes_between,2,0.000536
mode,2,0.000536
shoes,2,0.000536
Persons,2,0.000536
Endeavour,2,0.000536
nap,2,0.000536
prosperity,2,0.000536
Count_business,2,0.000536
Light,2,0.000536
restrictions_,2,0.000536
Count_head,2,0.000536
pelting,2,0.000536
Sir_horrid,2,0.000536
penetration,2,0.000536
Woman,2,0.000536
highway,2,0.000536
Pestilence_which,2,0.000536
rest_was,2,0.000536
wear,2,0.000536
white,2,0.000536
C,2,0.000536
chill,2,0.000536
apprenticeship,2,0.000536
interest_for,2,0.000536
ealing,2,0.000536
fore,2,0.000536
disclosures,2,0.000536
sallow,2,0.000536
fairness,2,0.000536
wig,2,0.000536
spaniels,2,0.000536
justice_still,2,0.000536
steps_towards,2,0.000536
Vienna,2,0.000536
judge,2,0.000536
hammock,2,0.000536
doings,2,0.000536
em,2,0.000536
dooty,2,0.000536
commission,2,0.000536
unread,2,0.000536
perfume,2,0.000536
parasol,2,0.000536
blue,2,0.000536
matchless,2,0.000536
harmony,2,0.000536
Miss_Fairlieplainly,2,0.000536
Fairlieplainly,2,0.000536
education,2,0.000536
Count_request,2,0.000536
Count_prescription,2,0.000536
compartment,2,0.000536
baize,2,0.000536
Rembrandt,2,0.000536
apartments,2,0.000536
barking,2,0.000536
question_an,2,0.000536
question_enough,2,0.000536
station_I,2,0.000536
steps_all,2,0.000536
movement,2,0.000536
remand,2,0.000536
hobby,2,0.000536
register_with,2,0.000536
master_here,2,0.000536
drives,2,0.000536
ashes,2,0.000536
stairs_when,2,0.000536
instructions_never,2,0.000536
envelopes,2,0.000536
Count_carefully,2,0.000536
protest_on,2,0.000536
Oratorios,2,0.000536
Egypt,2,0.000536
Recitativo,2,0.000536
pencils,1,0.000268
stare_,1,0.000268
daughterdeath,1,0.000268
sufferance,1,0.000268
activity,1,0.000268
reptile,1,0.000268
postmaster_if,1,0.000268
Queen_,1,0.000268
resolutions,1,0.000268
suggestions_anywhere,1,0.000268
story_then,1,0.000268
kisses,1,0.000268
Set,1,0.000268
testimonials_,1,0.000268
Parliament,1,0.000268
Count_here,1,0.000268
overty,1,0.000268
tombsaid,1,0.000268
sister_loved,1,0.000268
speaking,1,0.000268
inquest_at,1,0.000268
struggle_it,1,0.000268
Lawyer,1,0.000268
BlackwaterPark,1,0.000268
keyhole,1,0.000268
questions_if,1,0.000268
bodies,1,0.000268
pasteboard_,1,0.000268
bench,1,0.000268
Count_indeed,1,0.000268
Brown,1,0.000268
staircase_,1,0.000268
counterpane,1,0.000268
cleaning,1,0.000268
stones_I,1,0.000268
passport,1,0.000268
hostage_,1,0.000268
reservation,1,0.000268
hearthrug,1,0.000268
map,1,0.000268
functions,1,0.000268
Hamlet,1,0.000268
stimulants_,1,0.000268
rubber,1,0.000268
curtain,1,0.000268
Count_come,1,0.000268
street_I,1,0.000268
rashness,1,0.000268
support,1,0.000268
sister_first,1,0.000268
strength_my,1,0.000268
obstacles_in,1,0.000268
suspense,1,0.000268
heed,1,0.000268
partners,1,0.000268
mistress_quite,1,0.000268
mistress_to,1,0.000268
mistress_with,1,0.000268
mistress_should,1,0.000268
questions_you,1,0.000268
features,1,0.000268
lakes,1,0.000268
Count_before,1,0.000268
thread,1,0.000268
act,1,0.000268
trust_you,1,0.000268
circumstances_were,1,0.000268
issue,1,0.000268
retort,1,0.000268
Mr_again,1,0.000268
Mr_at,1,0.000268
studio_to,1,0.000268
Thoughts,1,0.000268
steps_as,1,0.000268
arches,1,0.000268
vestry_by,1,0.000268
register_for,1,0.000268
trip,1,0.000268
facilities,1,0.000268
sister_so,1,0.000268
brambles,1,0.000268
downstairs_proved,1,0.000268
Count_hands,1,0.000268
Count_civilly,1,0.000268
Count_on,1,0.000268
Count_softly,1,0.000268
restlessness_,1,0.000268
THEM,1,0.000268
circumstances_are,1,0.000268
wifedeath,1,0.000268
tastes_by,1,0.000268
Count_close,1,0.000268
steps_gently,1,0.000268
utmost_to,1,0.000268
stone_I,1,0.000268
readier,1,0.000268
purity,1,0.000268
system_,1,0.000268
excavations,1,0.000268
stay_for,1,0.000268
steps_northward,1,0.000268
Professor_in,1,0.000268
Professor_should,1,0.000268
schooland,1,0.000268
steps_again,1,0.000268
chambers,1,0.000268
king,1,0.000268
customer_as,1,0.000268
remonstrances_once,1,0.000268
hearers,1,0.000268
cheers,1,0.000268
initials,1,0.000268
stairs_at,1,0.000268
stairs_as,1,0.000268
master_at,1,0.000268
ghosts_believes,1,0.000268
ghost_yesterday,1,0.000268
ghaist_,1,0.000268
strokes_I,1,0.000268
deuce,1,0.000268
secretions,1,0.000268
smile,1,0.000268
programme,1,0.000268
obstacle_could,1,0.000268
bathroom,1,0.000268
siesta_,1,0.000268
quadrangle,1,0.000268
statement_made,1,0.000268
question_at,1,0.000268
None,1,0.000268
story_so,1,0.000268
strangeness_instantly,1,0.000268
image,1,0.000268
Countess_first,1,0.000268
whipping,1,0.000268
beast_so,1,0.000268
cat,1,0.000268
rudest_remarks,1,0.000268
Count_this,1,0.000268
pastry_as,1,0.000268
marmalade,1,0.000268
mystery_,1,0.000268
privileges,1,0.000268
jumble,1,0.000268
lumber,1,0.000268
turf,1,0.000268
sights,1,0.000268
shot,1,0.000268
instructions_and,1,0.000268
capital,1,0.000268
struggle_before,1,0.000268
justice_had,1,0.000268
current,1,0.000268
packets,1,0.000268
invalid,1,0.000268
steps_no,1,0.000268
baseness,1,0.000268
request_immediately,1,0.000268
keepsake,1,0.000268
steps_at,1,0.000268
footsteps_close,1,0.000268
stones_,1,0.000268
parapet,1,0.000268
tombstone_sobbing,1,0.000268
Knight,1,0.000268
Sir_when,1,0.000268
roads,1,0.000268
inmates,1,0.000268
disgust_from,1,0.000268
stage_instead,1,0.000268
