I,35736,14.540779
Tom,24903,10.132892
Man,11113,4.521818
we,8160,3.320258
Sophia,7952,3.235624
Partridge,7128,2.900343
Fellow,3663,1.490454
Allworthy,3076,1.251607
Sergeant_Cuff,2613,1.063215
Genius,2452,0.997705
Women,2243,0.912664
Squire,2039,0.829658
Reader,2025,0.823961
Mr_Derby,1967,0.800361
Derby,1967,0.800361
Company,1866,0.759265
it,1819,0.740141
Fitzpatrick,1694,0.689279
Landlady,1475,0.600169
Mr_Western,1459,0.593659
Woman,1417,0.576569
Lady_,1350,0.549307
himself,1325,0.539135
Gentleman,1306,0.531404
Whitefield,1289,0.524487
Sir_,1231,0.500887
Friend,1224,0.498039
Barber,1222,0.497225
Time,1138,0.463046
Blifil,1065,0.433343
Commands,1039,0.422763
Mrs_Fitzpatrick,986,0.401198
Mrs_Whitefield,967,0.393467
Drawer_the,966,0.39306
You,965,0.392653
Drawer_having,961,0.391026
Drawer_Commands,961,0.391026
Drawer_was,961,0.391026
Drawer_to,961,0.391026
Drawer_Company,961,0.391026
Northerton,952,0.387363
me,927,0.377191
House,908,0.36946
Husband,889,0.361729
George,884,0.359695
Lady_had,848,0.345046
Daughter,846,0.344233
Honor,831,0.338129
Moon,793,0.322667
Tyrant,757,0.308019
Landlord,728,0.296219
Mr_Blifil,706,0.287267
Side,683,0.277909
World,660,0.26855
She,656,0.266923
Western_himself,629,0.255937
Pursuit,597,0.242916
Rivers,592,0.240881
Woods,584,0.237626
Lawns,584,0.237626
Devon,584,0.237626
Dorset,584,0.237626
Coat,576,0.234371
color,576,0.234371
i,575,0.233964
Puppet,569,0.231523
Madam,558,0.227047
Western_,554,0.22542
Wife,552,0.224606
Susan,551,0.224199
show,548,0.222978
Maclachlan,537,0.218502
Merry,530,0.215654
Andrew,530,0.215654
Thomas,528,0.21484
Father,506,0.205889
Abbe,505,0.205482
Bannier,505,0.205482
Person,494,0.201006
Fortune,489,0.198971
Men,486,0.197751
Surgeon,479,0.194902
Watson,436,0.177406
Mr_Watson,428,0.174151
Author,419,0.170489
Bones,417,0.169675
Heaven,410,0.166827
ay,401,0.163165
Mr_Fitzpatrick,400,0.162758
Jury,400,0.162758
Abigail,396,0.16113
Water,395,0.160723
Incidents,394,0.160316
Mrs_Abigail,392,0.159503
Ensign,386,0.157061
We,377,0.153399
Poets,374,0.152179
Behavior,371,0.150958
saucy,369,0.150144
Waters,366,0.148923
Western_summoned,361,0.146889
Gypsies,358,0.145668
People,356,0.144854
Lady_he,349,0.142006
Brother,348,0.141599
Words,343,0.139565
Mr_Northerton,343,0.139565
Terrors,337,0.137123
King_of,337,0.137123
nay,335,0.13631
Examples,334,0.135903
Ages,333,0.135496
urgeon,324,0.131834
Preacher,322,0.13102
us,319,0.129799
Pettyfogger,319,0.129799
King_James,318,0.129392
James,318,0.129392
Nature,311,0.126544
Bill,310,0.126137
Mrs_Water,309,0.12573
Servants,307,0.124917
Story_of,306,0.12451
Ghost_of,306,0.12451
Villers,306,0.12451
Propriety,306,0.12451
Apothecary,306,0.12451
nothing,297,0.120848
none,293,0.11922
Shakespeare,292,0.118813
The,291,0.118406
Share,289,0.117592
past_Disturbance,289,0.117592
Disturbance_,289,0.117592
Writers,284,0.115558
O,281,0.114337
others,280,0.11393
Bank,277,0.11271
Virgil,274,0.111489
Thought,266,0.108234
Title,265,0.107827
Philosophy,263,0.107013
It,262,0.106606
Dear,261,0.106199
Lady_no,257,0.104572
Bird,257,0.104572
Western_knew,256,0.104165
Lordship_concluding,256,0.104165
Scales,254,0.103351
Persons,253,0.102944
Politics,249,0.101317
Pleasure,242,0.098468
Officer,242,0.098468
Murderer,242,0.098468
Villain,238,0.096841
Hero,236,0.096027
Regiment,235,0.09562
Matron,234,0.095213
Encounter,225,0.091551
Attorney,221,0.089924
Conduct,220,0.089517
Hounds,218,0.088703
Part,215,0.087482
Master_of,215,0.087482
French,211,0.085855
Lieutenant,211,0.085855
Maam,208,0.084634
News,208,0.084634
Guide,207,0.084227
W,205,0.083413
Parents,205,0.083413
Reflections,205,0.083413
Name,204,0.083006
Poet,201,0.081786
Lad,201,0.081786
Western_s,200,0.081379
Christian_,200,0.081379
Master_The,197,0.080158
Gratias,196,0.079751
Domine,196,0.079751
Quality,196,0.079751
Degree,196,0.079751
Cheek,196,0.079751
Shelf,196,0.079751
Naiades,196,0.079751
Aunt,195,0.079344
Companion,194,0.078938
He,192,0.078124
thou,192,0.078124
Accident,190,0.07731
Frederick,188,0.076496
Vice,184,0.074869
ife,184,0.074869
myself,178,0.072427
Address,178,0.072427
Clerk,173,0.070393
Commander,171,0.069579
Travelers,171,0.069579
themselves,169,0.068765
gar,169,0.068765
Drawer_,169,0.068765
ches,169,0.068765
Pack,169,0.068765
Maid,167,0.067951
Nay,166,0.067544
Boy,164,0.066731
My,164,0.066731
Highwayman,160,0.065103
Means,156,0.063476
Lawyer,155,0.063069
Hurry,153,0.062255
Heart,151,0.061441
Somersetshire,151,0.061441
Eyes,149,0.060627
Look,149,0.060627
Mistress_had,149,0.060627
tender,147,0.059813
Fire,146,0.059407
Actors,146,0.059407
Horror,146,0.059407
Suspicion,145,0.059
Devil,144,0.058593
P,144,0.058593
Story_no,144,0.058593
Liberality,144,0.058593
Guardians,144,0.058593
Pillow,144,0.058593
Screech,144,0.058593
Countenance_staring,144,0.058593
chattering,144,0.058593
Teeth,144,0.058593
Tongue,144,0.058593
Limbs,144,0.058593
spiritless,144,0.058593
Mr_Fizpatrick,144,0.058593
Fizpatrick,144,0.058593
Ladies,143,0.058186
Dowling,142,0.057779
Wit,142,0.057779
Coach,140,0.056965
Love,139,0.056558
Danger,139,0.056558
Gentlemen,132,0.05371
Master_,131,0.053303
Cousin,131,0.053303
Thing,130,0.052896
Members,130,0.052896
Agonies,129,0.052489
Wretch,129,0.052489
Assistance_enough,129,0.052489
Disguises,128,0.052082
Adderley,128,0.052082
Mrs_Western,127,0.051676
Impudence,127,0.051676
Faith,126,0.051269
Animals,124,0.050455
Machines,124,0.050455
Readers,123,0.050048
Lady_in,123,0.050048
Force,122,0.049641
Church,122,0.049641
Wits,122,0.049641
England,122,0.049641
herself,121,0.049234
Christian_Wit,121,0.049234
Drawer_not,121,0.049234
Protestants_,121,0.049234
Apostates_,121,0.049234
Felos,121,0.049234
Habit,121,0.049234
Escape,121,0.049234
Footmen,121,0.049234
Estate_think,121,0.049234
Spectator,117,0.047607
Entreaty,116,0.0472
Lady_presently,115,0.046793
Body,114,0.046386
Scoundrel,114,0.046386
Charms,113,0.045979
Art,112,0.045572
Exciseman,111,0.045165
They,110,0.044758
This,110,0.044758
Hill,109,0.044351
Magistrate_throwing,109,0.044351
united,109,0.044351
Well,108,0.043945
Chambermaid,107,0.043538
Power,104,0.042317
Revolution,104,0.042317
Glimps,104,0.042317
Quaker,102,0.041503
Face,102,0.041503
Lady_the,101,0.041096
Observer,101,0.041096
Interview,100,0.040689
Western_then,100,0.040689
Western_said,100,0.040689
Air,100,0.040689
Observation,100,0.040689
Magistrate_back,100,0.040689
Magistrate_Chair,100,0.040689
Chair,100,0.040689
Master_said,100,0.040689
Pipe,100,0.040689
Advantage,100,0.040689
Persuasion,100,0.040689
Authority,100,0.040689
Arrival,98,0.039876
Pictures,98,0.039876
Hell,98,0.039876
Priest_,97,0.039469
Times,95,0.038655
Apprehensions,95,0.038655
Garter,95,0.038655
Degrees,94,0.038248
ones,94,0.038248
Critic,93,0.037841
Parson,93,0.037841
Lady_to,93,0.037841
Creature,89,0.036214
Rascal,89,0.036214
Angel,88,0.035807
Discourse,87,0.0354
length,86,0.034993
Writer,86,0.034993
Officers,85,0.034586
Dagger,85,0.034586
Me,85,0.034586
one,84,0.034179
Popish,84,0.034179
Leader,84,0.034179
Integrity,83,0.033772
Kind,83,0.033772
fogger,83,0.033772
Pooh,83,0.033772
Persuasions,83,0.033772
Family,82,0.033365
Western_saw,82,0.033365
Forces,82,0.033365
Irishman,82,0.033365
body,81,0.032958
Western_earnestly,81,0.032958
Toast_,81,0.032958
master_said,81,0.032958
Dr_Drelincourt,81,0.032958
Drelincourt_,81,0.032958
Gloucester_chose,81,0.032958
Strangeness_of,81,0.032958
Dress_infused,81,0.032958
Desdemona,81,0.032958
Lady_soon,81,0.032958
Somer,81,0.032958
Rum,81,0.032958
Difference,81,0.032958
repine,81,0.032958
Child,80,0.032552
Mistress_began,80,0.032552
something,79,0.032145
Authors,79,0.032145
Mistress_,79,0.032145
deed,78,0.031738
Pope,78,0.031738
Regard,77,0.031331
Discovery,76,0.030924
Mistress_of,75,0.030517
Sight,75,0.030517
Robin,74,0.03011
base,74,0.03011
Excess,74,0.03011
Distillation_from,73,0.029703
Malt,73,0.029703
Mouth,72,0.029296
Justice_declined,72,0.029296
h,70,0.028483
Mr_Moore,70,0.028483
Moore,70,0.028483
Pedagogue,70,0.028483
Humor,69,0.028076
ray,69,0.028076
Sense,69,0.028076
Curtesy,69,0.028076
Characters,68,0.027669
Assistance_to,68,0.027669
Report,67,0.027262
Character,65,0.026448
Money,65,0.026448
Drawer_s,65,0.026448
Conviction,65,0.026448
Top,65,0.026448
Heels,65,0.026448
Lines,65,0.026448
Show,65,0.026448
Inquisitor,64,0.026041
Custom_which,64,0.026041
Signal,64,0.026041
Scrutore,64,0.026041
Oddity,64,0.026041
Assistance_,64,0.026041
Quantity,64,0.026041
Ladyship_,64,0.026041
Hi,64,0.026041
Chicken,64,0.026041
Ostler_,64,0.026041
Lady_might,64,0.026041
Buildings,64,0.026041
Incident,63,0.025634
Gypsy,63,0.025634
Hands,62,0.025227
Eye,62,0.025227
Invectives,61,0.024821
Cousins,59,0.024007
Majesty_Majesty,59,0.024007
Divines,58,0.0236
Servant,58,0.0236
Balance,58,0.0236
Mistress_being,58,0.0236
Scale,58,0.0236
Mistress_Integrity,58,0.0236
Consent,58,0.0236
Curt,58,0.0236
ies,58,0.0236
Diligence,57,0.023193
Upton,57,0.023193
Benjamin,56,0.022786
Horse,56,0.022786
Grace,56,0.022786
Western_offered,54,0.021972
Liquor,54,0.021972
Book,54,0.021972
Enquiry,54,0.021972
Magistrate_,53,0.021565
Chaplain,53,0.021565
Such,53,0.021565
Chapter,53,0.021565
Frank,53,0.021565
Guards,53,0.021565
Lady_did,53,0.021565
Macklachlan,53,0.021565
Mr_Maclachlan,53,0.021565
Gentlevolks,53,0.021565
Hostler_having,53,0.021565
Healths,53,0.021565
MR,52,0.021159
What,52,0.021159
abstain_from,52,0.021159
Patentee,51,0.020752
Compassion,51,0.020752
Soldier,51,0.020752
Son,51,0.020752
R,51,0.020752
Prince_of,51,0.020752
Theater,50,0.020345
Philosophers,50,0.020345
Socrates,50,0.020345
Alcibiades,50,0.020345
Place,50,0.020345
Wench,50,0.020345
Rags,50,0.020345
Temper,50,0.020345
Majesty_began,50,0.020345
Purposes,49,0.019938
Taste_,49,0.019938
Priest_conducted,49,0.019938
Western_to,49,0.019938
Fellows,49,0.019938
Christian_Fill,49,0.019938
Fill,49,0.019938
Monster_of,49,0.019938
means,49,0.019938
Lady_then,49,0.019938
Reptile,49,0.019938
Mr_Macklachlan,49,0.019938
Preface,49,0.019938
Mistress_Enquiry,49,0.019938
Compliments,49,0.019938
Ladyship_the,49,0.019938
Confederacy,49,0.019938
Sir_Roger,49,0.019938
Roger,49,0.019938
LEst_range,49,0.019938
range,49,0.019938
way,49,0.019938
Ostler_took,49,0.019938
Dominions,49,0.019938
Design,48,0.019531
Coachman,46,0.018717
Uproar,46,0.018717
Prudence,45,0.01831
Pride,45,0.01831
Hunt,45,0.01831
Hostler_or,45,0.01831
Scene,44,0.017903
Day,44,0.017903
Lady_The,44,0.017903
Western_had,43,0.017496
latter,43,0.017496
Footman,43,0.017496
Engagement,43,0.017496
well,42,0.01709
Ulysses,42,0.01709
Acquaintance,41,0.016683
Word,41,0.016683
Sound,41,0.016683
Manners,41,0.016683
Paper,41,0.016683
Satisfaction,41,0.016683
Lovers,40,0.016276
order,40,0.016276
Captain_Waters,40,0.016276
Contempt,39,0.015869
Idea,39,0.015869
Way,39,0.015869
Story_,39,0.015869
Passions,38,0.015462
Condition,38,0.015462
H,38,0.015462
Blood,38,0.015462
prithee,38,0.015462
Matters,37,0.015055
Entreaties,37,0.015055
Division,37,0.015055
Relation,37,0.015055
Doctor_,37,0.015055
Lord_have,37,0.015055
Twelve,37,0.015055
Boar,36,0.014648
Lady_asked,36,0.014648
Ascendant,36,0.014648
Tonsor,36,0.014648
Who,36,0.014648
Universe,36,0.014648
Ruin,36,0.014648
City,36,0.014648
Ruffian,36,0.014648
English,36,0.014648
Ring,36,0.014648
WE,36,0.014648
Language,36,0.014648
Traveller,36,0.014648
sana,36,0.014648
Corpore,36,0.014648
sano,36,0.014648
ure,36,0.014648
Advocate,36,0.014648
Polly,36,0.014648
Matete,36,0.014648
Children,35,0.014241
Law,35,0.014241
Scenes,34,0.013834
Milton,34,0.013834
don,34,0.013834
La,34,0.013834
A,34,0.013834
Historian_will,34,0.013834
kind,34,0.013834
Story_had,34,0.013834
Appearance,34,0.013834
Lady_therefore,34,0.013834
Conscience,34,0.013834
dat,34,0.013834
Lord_had,34,0.013834
Managers,33,0.013428
Conversation,33,0.013428
m,33,0.013428
self,33,0.013428
Mr_Miller,33,0.013428
Miller,33,0.013428
Lady_was,33,0.013428
hip,32,0.013021
thing,32,0.013021
Sentinel,32,0.013021
Prisoner,32,0.013021
Philosopher,32,0.013021
Twas,32,0.013021
Betty,32,0.013021
MRS,31,0.012614
Kitchen,31,0.012614
Corporal,31,0.012614
Enemy,31,0.012614
Counsel,31,0.012614
Friends,31,0.012614
Flesh,30,0.012207
Knowledge,30,0.012207
Burgundy,29,0.0118
J,29,0.0118
T,29,0.0118
Circumstances_likewise,29,0.0118
Want,29,0.0118
War,29,0.0118
Chase,29,0.0118
Rebels,29,0.0118
Dr_Cheney,29,0.0118
Cheney,29,0.0118
Suspicions,29,0.0118
Age,28,0.011393
Patient,28,0.011393
Mankind,28,0.011393
Lady_should,28,0.011393
Head,28,0.011393
Peace,27,0.010986
Malice,27,0.010986
Field,26,0.010579
F,26,0.010579
Battle,26,0.010579
Piece,26,0.010579
Historians_who,26,0.010579
Cloth,26,0.010579
Enemies,26,0.010579
Reputation,26,0.010579
History_,26,0.010579
Parts,26,0.010579
Fear,26,0.010579
Waiting,26,0.010579
Blockhead,26,0.010579
Constitutions_Love,26,0.010579
Directors,25,0.010172
Horace,25,0.010172
shatunt,25,0.010172
Lady_despised,25,0.010172
mine,25,0.010172
Country_earnestly,25,0.010172
Sister_was,25,0.010172
Dozen,25,0.010172
fire,25,0.010172
Mistake_Piece,25,0.010172
Transactions,25,0.010172
Critics,25,0.010172
Rebellion,25,0.010172
North,25,0.010172
D,25,0.010172
Lord_in,25,0.010172
Land,25,0.010172
Farmer,25,0.010172
Meditations,25,0.010172
Majesty_,25,0.010172
Historian_shows,25,0.010172
Acci,25,0.010172
ent,25,0.010172
Health,25,0.010172
Lady_thanked,25,0.010172
Lady_covered,25,0.010172
Pillowbere,25,0.010172
Interval,25,0.010172
bo,25,0.010172
Heathen,25,0.010172
Doubts,25,0.010172
Monster_bad,25,0.010172
Virtues,25,0.010172
Actresses,25,0.010172
rea,25,0.010172
Original,25,0.010172
Translation,25,0.010172
Primative,25,0.010172
Circumstance_alone,25,0.010172
ho,25,0.010172
Politeness,25,0.010172
Reason,25,0.010172
Historians_indeed,25,0.010172
Peer,25,0.010172
Hind,25,0.010172
maid,25,0.010172
Abigails,25,0.010172
Turns,25,0.010172
Pen,25,0.010172
Lady_promised,25,0.010172
C,25,0.010172
Step_Jones,25,0.010172
Advantages,25,0.010172
Relations,25,0.010172
Sympathy,25,0.010172
Instant_was,25,0.010172
Spurs,25,0.010172
Belly,25,0.010172
dan,25,0.010172
Niece,24,0.009765
Profession,24,0.009765
whose,24,0.009765
Arts,24,0.009765
Lordship_would,24,0.009765
Hand,23,0.009359
Society,23,0.009359
Business,22,0.008952
Females,22,0.008952
Pursuance,22,0.008952
Spirits,22,0.008952
Joy,22,0.008952
Number,22,0.008952
Inn,22,0.008952
Worship,22,0.008952
Life,21,0.008545
Sword,21,0.008545
Pounds,21,0.008545
Mark,21,0.008545
Fair,21,0.008545
Form,21,0.008545
Commission,21,0.008545
Sex,21,0.008545
shew,21,0.008545
Virtue,20,0.008138
Chambermaids,20,0.008138
Thwackum,20,0.008138
Things,20,0.008138
wife,20,0.008138
Declaration,20,0.008138
Government,20,0.008138
Particular,20,0.008138
Captain_having,20,0.008138
Voice,20,0.008138
Demands,20,0.008138
Solitude,20,0.008138
Reception,20,0.008138
Harriet,20,0.008138
Corner,20,0.008138
Morning,19,0.007731
Yes,19,0.007731
Mercy,19,0.007731
meeting,19,0.007731
Fondness,19,0.007731
Madman,19,0.007731
Tears,18,0.007324
Girl,18,0.007324
Western_having,18,0.007324
Lady_doubted,18,0.007324
Success,18,0.007324
Lady_put,18,0.007324
Luck,18,0.007324
Justice_,18,0.007324
Petty,18,0.007324
Circumstance_which,18,0.007324
Religion,18,0.007324
Secret,18,0.007324
Lordship_should,18,0.007324
Jew,18,0.007324
Command,17,0.006917
Fidelity,17,0.006917
Justice_had,17,0.006917
Favor,17,0.006917
Rank,17,0.006917
Mr_Pope,17,0.006917
Lord_Shaftsbury,17,0.006917
Shaftsbury,17,0.006917
Records,17,0.006917
Attention,17,0.006917
Story_was,17,0.006917
Lud,17,0.006917
Mind,17,0.006917
Ceremonies,17,0.006917
Judgments,17,0.006917
Entrance,17,0.006917
Physicians,17,0.006917
Thoughts,17,0.006917
Wisdom,17,0.006917
Historian_,17,0.006917
Act,16,0.00651
Pretensions,16,0.00651
profession,16,0.00651
Trade,16,0.00651
Length,16,0.00651
Englishman,16,0.00651
Bodies,16,0.00651
Western_was,16,0.00651
Spirit,16,0.00651
esting_,16,0.00651
Hum,16,0.00651
Complexion,16,0.00651
Captain_Lieutenant,16,0.00651
Mistress_the,16,0.00651
Mistress_fell,16,0.00651
Polypheme,16,0.00651
Testimony_of,16,0.00651
Fisher,16,0.00651
Countenance_heard,16,0.00651
Conservation,16,0.00651
Requisite,16,0.00651
Suffrages,16,0.00651
Understanding_,16,0.00651
Laud,16,0.00651
Matter,16,0.00651
and,16,0.00651
orrespondents,16,0.00651
henceforwards,16,0.00651
rithee,16,0.00651
ell,16,0.00651
whithersoever,16,0.00651
Studies_made,16,0.00651
Escritore,16,0.00651
Care,16,0.00651
Bridle,16,0.00651
Sportsmen,16,0.00651
Stranger_satisfied,16,0.00651
Nations,16,0.00651
Stamp_,16,0.00651
Ex,16,0.00651
Whole,16,0.00651
Majority_,16,0.00651
Faculty,16,0.00651
Instant_,16,0.00651
Gentry,16,0.00651
Picture,16,0.00651
Animal,16,0.00651
One,16,0.00651
Garrison,16,0.00651
Conquest_,16,0.00651
Substance_in,16,0.00651
Minutes,16,0.00651
FellowWhat,16,0.00651
Faults,16,0.00651
Mr_FRANCIS,16,0.00651
FRANCIS,16,0.00651
For,16,0.00651
Martial,16,0.00651
distemper_which,16,0.00651
Presence,16,0.00651
Understandings_equal,16,0.00651
Caress,16,0.00651
Gloom,16,0.00651
Miser,16,0.00651
Deities,16,0.00651
Cheeks,16,0.00651
Nostils_,16,0.00651
Entry,16,0.00651
reality,16,0.00651
Lady_Lady,16,0.00651
Intimations,16,0.00651
Attendants,16,0.00651
Ostler_told,16,0.00651
Generality_of,16,0.00651
Audience,16,0.00651
Provoked,16,0.00651
Papishes,16,0.00651
Ears,16,0.00651
Occasions,16,0.00651
Value,16,0.00651
Mr_Dowling,15,0.006103
Object,15,0.006103
Don,15,0.006103
Ill,14,0.005697
Happiness,14,0.005697
Pace,14,0.005697
Generosity,14,0.005697
Justice_of,14,0.005697
Mother,14,0.005697
Slut,14,0.005697
Curiosity,14,0.005697
Homer,14,0.005697
Glass,14,0.005697
Surprise,14,0.005697
Party,14,0.005697
B,14,0.005697
Schoolma,14,0.005697
ong,14,0.005697
Goodness,14,0.005697
Sophy,13,0.00529
Bailiff,13,0.00529
Appellation,13,0.00529
Importunities,13,0.00529
Lady_could,13,0.00529
Imagination,13,0.00529
God,13,0.00529
Expedition,13,0.00529
Soldiers,13,0.00529
Conqueror,13,0.00529
Scholar,13,0.00529
Wine,13,0.00529
Skin,13,0.00529
Inclination,13,0.00529
Ovid,13,0.00529
Circumstances_which,13,0.00529
ned,13,0.00529
Mob,13,0.00529
Treasure,13,0.00529
Receipt,13,0.00529
Guinea,13,0.00529
Submission,13,0.00529
Books,12,0.004883
Justices_of,12,0.004883
Hour,12,0.004883
insomuch,12,0.004883
Mouse,12,0.004883
Roads,11,0.004476
Chance,11,0.004476
Ladyship_will,11,0.004476
Thief,11,0.004476
Rat,11,0.004476
Hearers,11,0.004476
Reasons,10,0.004069
Passion,10,0.004069
Effect,10,0.004069
Mistress_Imagination,10,0.004069
Breeding,10,0.004069
Absurdities,10,0.004069
Muff,10,0.004069
Bristol_,10,0.004069
Dread_of,10,0.004069
Scandal,10,0.004069
Civility,10,0.004069
present,10,0.004069
Our,10,0.004069
discompose,10,0.004069
Stream_can,10,0.004069
u,10,0.004069
Laa,10,0.004069
Admonitions,10,0.004069
Sort,10,0.004069
Light,10,0.004069
Ay,10,0.004069
Arms,10,0.004069
Sun,10,0.004069
Knaves,10,0.004069
Labors,10,0.004069
ave,10,0.004069
Shame,10,0.004069
Stairs_,10,0.004069
Nails,10,0.004069
Stuff_,10,0.004069
Country_,10,0.004069
thos,10,0.004069
Butcher,10,0.004069
Sheep,10,0.004069
Bride,10,0.004069
women,10,0.004069
hold,10,0.004069
Gestures_,10,0.004069
Forefinger,10,0.004069
Opinion,10,0.004069
Aspect,10,0.004069
outside,10,0.004069
THEY,10,0.004069
Player,9,0.003662
Actions,9,0.003662
Letter,9,0.003662
Tender,9,0.003662
Flood,9,0.003662
Adam,9,0.003662
Western_proposed,9,0.003662
Ortolan,9,0.003662
Soninlaw,9,0.003662
Delay,9,0.003662
Lady_hears,9,0.003662
Motive,9,0.003662
Lady_exposed,9,0.003662
Circumstance_struck,9,0.003662
Loss,9,0.003662
Arguments,9,0.003662
Expeditionthis,9,0.003662
Portmanteau,9,0.003662
March,9,0.003662
Tippler,9,0.003662
sword,9,0.003662
Youth,9,0.003662
Symptoms,9,0.003662
Pulse,9,0.003662
Wound,9,0.003662
Landladythe,9,0.003662
Doctor_would,9,0.003662
Hair,9,0.003662
Table,9,0.003662
Mistake_saw,9,0.003662
Circe,9,0.003662
Bacon,9,0.003662
Host_which,9,0.003662
Illnature,9,0.003662
Evening,9,0.003662
Doctor_retired,9,0.003662
Shaver,9,0.003662
Doctissime,9,0.003662
Tonsorum,9,0.003662
Guests_call,9,0.003662
Souls,9,0.003662
Bribe,9,0.003662
Story_proceed,9,0.003662
Beard,9,0.003662
Snow,9,0.003662
Bo,9,0.003662
Ass,9,0.003662
Vixe,9,0.003662
worthier,9,0.003662
soberer,9,0.003662
Triumph,9,0.003662
Affairs,9,0.003662
Parsimony,9,0.003662
University,9,0.003662
Stranger_interceded,9,0.003662
Sport,9,0.003662
Counselor,9,0.003662
decoy,9,0.003662
Birds,9,0.003662
Science,9,0.003662
Rules,9,0.003662
Firm,9,0.003662
Tide,9,0.003662
Christians_have,9,0.003662
Minds,9,0.003662
Gardener,9,0.003662
AURORA,9,0.003662
Lady_made,9,0.003662
Lady_began,9,0.003662
Dogs,9,0.003662
Folks,9,0.003662
Delicacy,9,0.003662
Flow,9,0.003662
Parcel,9,0.003662
Christian_must,9,0.003662
Tea,9,0.003662
Widow,9,0.003662
Stage_would,9,0.003662
Eagerness,9,0.003662
Shirt,9,0.003662
Individuals,9,0.003662
Mistress_saw,9,0.003662
Affright,9,0.003662
Harkee,9,0.003662
Passengers,9,0.003662
Lord_forbid,9,0.003662
Appointment,9,0.003662
Measter_had,9,0.003662
Despair,9,0.003662
Bench,9,0.003662
Westminster_Hall,9,0.003662
Hall,9,0.003662
ver,9,0.003662
Lady_s,9,0.003662
Modesty_,9,0.003662
severa,9,0.003662
Imposers,9,0.003662
Misfortunes,9,0.003662
Club,9,0.003662
hether,9,0.003662
Guilt,9,0.003662
Victory,9,0.003662
Bottom,9,0.003662
eturn,9,0.003662
Apartment,9,0.003662
Liquors,9,0.003662
Beauty,9,0.003662
Disposition,9,0.003662
expert,9,0.003662
Secrecy,9,0.003662
Narrative,9,0.003662
Lady_highly,9,0.003662
Office,9,0.003662
Humanity,9,0.003662
Mr_Supple,9,0.003662
Supple,9,0.003662
nation,9,0.003662
Partradge,9,0.003662
contrary,9,0.003662
Extravagance,9,0.003662
OUR,9,0.003662
Dancer,9,0.003662
Wires,9,0.003662
Witnesses,9,0.003662
Pity,9,0.003662
Mr_Dowlinghis,9,0.003662
Dowlinghis,9,0.003662
Hangman,9,0.003662
Neck,9,0.003662
Hundreds,9,0.003662
Lane,9,0.003662
Credit,9,0.003662
Materials,9,0.003662
Aeneas,9,0.003662
Female,9,0.003662
indispensably,9,0.003662
Smith,9,0.003662
Harm,9,0.003662
Fate,9,0.003662
Highwaymen,9,0.003662
Circumstance_that,9,0.003662
Playhouse,8,0.003255
Match,8,0.003255
Jailer,8,0.003255
Lover,8,0.003255
Night,8,0.003255
Sailor,8,0.003255
Western_addressed,8,0.003255
Duke_would,8,0.003255
Put,8,0.003255
Soop,8,0.003255
Sauces,8,0.003255
Mistress_would,8,0.003255
E,8,0.003255
Scuffle,8,0.003255
Motives,8,0.003255
Year,8,0.003255
Set,8,0.003255
Physician,8,0.003255
Works,8,0.003255
Cannon,8,0.003255
Personages,8,0.003255
King_,8,0.003255
Editors,8,0.003255
Damask,8,0.003255
Rose,8,0.003255
Lillies,8,0.003255
London,8,0.003255
Ribbon,8,0.003255
Neighbors,8,0.003255
All,8,0.003255
Apprehension,8,0.003255
Sea,8,0.003255
Mirth,8,0.003255
Dey,8,0.003255
Majesty_then,8,0.003255
Cupid,7,0.002848
Cause,7,0.002848
Mr_Adderley,7,0.002848
Desire,7,0.002848
Good,7,0.002848
Adventures,6,0.002441
Spectators,6,0.002441
Phrase,6,0.002441
Views,6,0.002441
Parsons,6,0.002441
Lady_would,6,0.002441
Door,6,0.002441
Instance_,6,0.002441
Features,6,0.002441
Mistress_then,6,0.002441
Charles,6,0.002441
Miseries,6,0.002441
Bath,6,0.002441
Ladyship_her,6,0.002441
Horses,6,0.002441
boy,6,0.002441
Ladyship_would,6,0.002441
Miles,6,0.002441
Figures,6,0.002441
V,5,0.002034
Boxes,5,0.002034
Privilege,5,0.002034
Measures,5,0.002034
Evidence,5,0.002034
Writ,5,0.002034
Hare,5,0.002034
Poor,5,0.002034
Price,5,0.002034
Affection,5,0.002034
Enterprise,5,0.002034
Accidents,5,0.002034
Lady_called,5,0.002034
Manner,5,0.002034
Grief,5,0.002034
Quarters,5,0.002034
Army,5,0.002034
Days,5,0.002034
Room,5,0.002034
Gout,5,0.002034
Gloucester_,5,0.002034
Chimney,5,0.002034
Arrian,5,0.002034
Twelfth,5,0.002034
Sweden,5,0.002034
Talents,5,0.002034
Poetry,5,0.002034
Literature,5,0.002034
Western_has,5,0.002034
Figure,5,0.002034
Fright,5,0.002034
elder,5,0.002034
End,5,0.002034
Jack,5,0.002034
Fleet,5,0.002034
Public,5,0.002034
Maker,5,0.002034
Assurance,5,0.002034
Creation,5,0.002034
Christians_bestow,5,0.002034
Hours,5,0.002034
Strength_,5,0.002034
Freshness,5,0.002034
deal,5,0.002034
Polishers,5,0.002034
Weapons,5,0.002034
Orbs,5,0.002034
Husbands,5,0.002034
da,5,0.002034
Concern,5,0.002034
Lady_this,5,0.002034
Habiliments,5,0.002034
Road,5,0.002034
G,5,0.002034
Par,5,0.002034
Lady_come,5,0.002034
Ladyship_knows,5,0.002034
Disdain,5,0.002034
Mr_Fitzatrick,5,0.002034
Fitzatrick,5,0.002034
Common,5,0.002034
Tenement,5,0.002034
Parnassus,5,0.002034
half,5,0.002034
Years,5,0.002034
Notions,5,0.002034
Beasts_were,5,0.002034
Corn,5,0.002034
Majesty_restraining,5,0.002034
Deputations,5,0.002034
Brevity,4,0.001628
cloven,4,0.001628
Candor,4,0.001628
Resolution,4,0.001628
Debtor,4,0.001628
Bumtrap,4,0.001628
yourself,4,0.001628
Sister_the,4,0.001628
Holla,4,0.001628
College,4,0.001628
Foot,4,0.001628
Plan,4,0.001628
Rhetoric,4,0.001628
Luster_,4,0.001628
Difficulty,4,0.001628
Vanity,4,0.001628
Western_and,4,0.001628
Lady_ran,4,0.001628
Country_treated,4,0.001628
Lady_looks,4,0.001628
Argument,4,0.001628
Mistress_than,4,0.001628
Treachery,4,0.001628
Rewards,4,0.001628
Order,4,0.001628
Western_in,4,0.001628
Lady_Maid,4,0.001628
Treatment,4,0.001628
Western_resembled,4,0.001628
Altercation,4,0.001628
coach,4,0.001628
Western_ordered,4,0.001628
Precautions,4,0.001628
Freehold,4,0.001628
Spoon,4,0.001628
Rushes,4,0.001628
Sleep,4,0.001628
Cat,4,0.001628
Seat,4,0.001628
Parlour,4,0.001628
watching,4,0.001628
Guests_called,4,0.001628
Cane,4,0.001628
Colonel,4,0.001628
Whore,4,0.001628
master_must,4,0.001628
Commanding,4,0.001628
Fame,4,0.001628
Fomentation,4,0.001628
Blade,4,0.001628
headedness,4,0.001628
Confinement,4,0.001628
Numbers,4,0.001628
Candles,4,0.001628
Mistake_had,4,0.001628
Antipathy,4,0.001628
Winter,4,0.001628
Castle_of,4,0.001628
Hopes,4,0.001628
Volunteer,4,0.001628
Yesterday_s,4,0.001628
Bedside,4,0.001628
Course,4,0.001628
History_will,4,0.001628
Herodotus,4,0.001628
Alexander,4,0.001628
Harry,4,0.001628
Fifth,4,0.001628
Narva,4,0.001628
Historian_forsakes,4,0.001628
Trajan,4,0.001628
Antoninus,4,0.001628
Nero,4,0.001628
Caligula,4,0.001628
Agent,4,0.001628
Acidity,4,0.001628
Excuse,4,0.001628
Disappointment,4,0.001628
Mr_Benjamin,4,0.001628
Hominum,4,0.001628
Fidem,4,0.001628
Verba,4,0.001628
ed,4,0.001628
Scraps,4,0.001628
Latin,4,0.001628
favor,4,0.001628
Right,4,0.001628
Experience,4,0.001628
Publicans,4,0.001628
Supernumeraries,4,0.001628
Midwinter,4,0.001628
Fingers,4,0.001628
Advice,4,0.001628
Interdum,4,0.001628
Stultus_opportuna,4,0.001628
presence,4,0.001628
Priest_told,4,0.001628
Catholics,4,0.001628
Story_might,4,0.001628
Curiosities,4,0.001628
Sir_keeps,4,0.001628
Sir_has,4,0.001628
Master_speak,4,0.001628
ppearances,4,0.001628
ither,4,0.001628
sin,4,0.001628
Something,4,0.001628
Farmers,4,0.001628
Circumstance_perhaps,4,0.001628
Distress_I,4,0.001628
Impracticability,4,0.001628
Francis,4,0.001628
Skill,4,0.001628
Lord_would,4,0.001628
Stranger_,4,0.001628
Inclinations,4,0.001628
Meat,4,0.001628
ice,4,0.001628
Greece,4,0.001628
Christianity_makes,4,0.001628
sedge,4,0.001628
Countenance_,4,0.001628
Duke_of,4,0.001628
Monmouth,4,0.001628
West_with,4,0.001628
Dutch_,4,0.001628
Coast_of,4,0.001628
Norfolk,4,0.001628
Descent,4,0.001628
Duke_s,4,0.001628
Diversion,4,0.001628
atson,4,0.001628
forwarder,4,0.001628
Fields,4,0.001628
Wildness,4,0.001628
Country_invited,4,0.001628
Laquais,4,0.001628
Louange,4,0.001628
Variety,4,0.001628
Suns,4,0.001628
Stranger_had,4,0.001628
Operation,4,0.001628
Sciences,4,0.001628
Pens,4,0.001628
Ink,4,0.001628
hey,4,0.001628
High,4,0.001628
Lif,4,0.001628
Conversations,4,0.001628
Justice_requires,4,0.001628
Trouble,4,0.001628
Nakedness,4,0.001628
Lady_Husband,4,0.001628
Fist_,4,0.001628
Broom,4,0.001628
Impediment,4,0.001628
Mein,4,0.001628
Dancing,4,0.001628
Bubbling,4,0.001628
Ale,4,0.001628
Engine,4,0.001628
Amorous,4,0.001628
Warfare,4,0.001628
Guard,4,0.001628
Captain_the,4,0.001628
Captain_knows,4,0.001628
Captain_loves,4,0.001628
Affront,4,0.001628
Mrs_could,4,0.001628
Lady_Blushes,4,0.001628
Blushes,4,0.001628
Mrs_,4,0.001628
humana,4,0.001628
cavit,4,0.001628
Fa,4,0.001628
ra,4,0.001628
Lady_can,4,0.001628
Soreness,4,0.001628
Inns,4,0.001628
Hue,4,0.001628
Mrs_applied,4,0.001628
swer,4,0.001628
Question_,4,0.001628
King_George,4,0.001628
Roguery,4,0.001628
ounds,4,0.001628
apprized,4,0.001628
bear,4,0.001628
Hath,4,0.001628
Lady_started,4,0.001628
Lady_abandoned,4,0.001628
Lady_dressed,4,0.001628
Lord_should,4,0.001628
Ab,4,0.001628
nce,4,0.001628
Messenger,4,0.001628
Shore,4,0.001628
Sister_appealed,4,0.001628
Bravery,4,0.001628
Gentleness,4,0.001628
Ancients,4,0.001628
Ladyship_considers,4,0.001628
basest_and,4,0.001628
Mischiefs,4,0.001628
ays,4,0.001628
Muse,4,0.001628
Mile,4,0.001628
Handkerchi,4,0.001628
Lady_Chin,4,0.001628
Chin,4,0.001628
ousins,4,0.001628
Fatigue,4,0.001628
Lady_Mind,4,0.001628
Disinclination,4,0.001628
Interest_might,4,0.001628
Artifice,4,0.001628
Building,4,0.001628
Ways,4,0.001628
Sports,4,0.001628
Drinking_consumed,4,0.001628
Circumstance_than,4,0.001628
Labor,4,0.001628
Mistake_of,4,0.001628
linutes,4,0.001628
Tongues,4,0.001628
Innocence,4,0.001628
Flounder,4,0.001628
Shrimp,4,0.001628
Prawn,4,0.001628
Cod,4,0.001628
Treasures,4,0.001628
Rescal,4,0.001628
drinking,4,0.001628
Punch,4,0.001628
Injury,4,0.001628
Spades,4,0.001628
Hostess_,4,0.001628
Alderman,4,0.001628
Lordship_Lordship,4,0.001628
Lordship_conducted,4,0.001628
Civilities,4,0.001628
Madams,4,0.001628
Sister_Abigail,4,0.001628
Ride,4,0.001628
Lady_valued,4,0.001628
Tree,4,0.001628
Lady_entertained,4,0.001628
Cheat,4,0.001628
Fragments,4,0.001628
Retail,4,0.001628
Gross,4,0.001628
Memories,4,0.001628
Tricks,4,0.001628
Warmth,4,0.001628
home,4,0.001628
Fit,4,0.001628
Wrath,4,0.001628
Conceit,4,0.001628
thereabouts,4,0.001628
Sergeants,4,0.001628
Stuff_that,4,0.001628
Heads,4,0.001628
Country_Wenches,4,0.001628
Wenches,4,0.001628
Scold,4,0.001628
Contagion,4,0.001628
Poverty,4,0.001628
Priest_of,4,0.001628
Bumpers,4,0.001628
Occasion,4,0.001628
Mugg,4,0.001628
Heavens,4,0.001628
Equipage,4,0.001628
Appearances,4,0.001628
Content,4,0.001628
swelling,4,0.001628
Transports,4,0.001628
exulting,4,0.001628
Triumphs,4,0.001628
Ray,4,0.001628
Nymph,4,0.001628
Lalage,4,0.001628
Brim,4,0.001628
Wind,4,0.001628
fill,4,0.001628
Conceits,4,0.001628
Dirt,4,0.001628
Barn,4,0.001628
Playhouses,4,0.001628
Furniture,4,0.001628
Regions,4,0.001628
dey,4,0.001628
vil,4,0.001628
Enough,4,0.001628
Alehouse,4,0.001628
Distress_Partridge,4,0.001628
Hints,4,0.001628
Use,3,0.001221
Evil,3,0.001221
Wages,3,0.001221
Fears,3,0.001221
endeavor,3,0.001221
itself,3,0.001221
nobody,3,0.001221
Pleasures,3,0.001221
quoth,3,0.001221
Guides,3,0.001221
Hint,2,0.000814
Beggar,2,0.000814
Garrick,2,0.000814
Tragedy,2,0.000814
Principles,2,0.000814
Marriage,2,0.000814
Lawyers,2,0.000814
Robbers,2,0.000814
Lady_has,2,0.000814
Raptures,2,0.000814
Prospect,2,0.000814
Service,2,0.000814
Cold,2,0.000814
Master_and,2,0.000814
Oaths,2,0.000814
Compliance,2,0.000814
Prithee,2,0.000814
Consideration,2,0.000814
Subject,2,0.000814
Endeavors,2,0.000814
Feet,2,0.000814
Fathers,2,0.000814
Jimmey,2,0.000814
Oliver,2,0.000814
Devils,2,0.000814
Defense,2,0.000814
Folly,2,0.000814
Zeal,2,0.000814
Opposition,2,0.000814
Boat,2,0.000814
Aliment,2,0.000814
Friendship,2,0.000814
Nation,2,0.000814
Witches,2,0.000814
Villains,2,0.000814
Chum,2,0.000814
Arm,2,0.000814
Death,2,0.000814
Priests_to,2,0.000814
Caution,2,0.000814
Choice,2,0.000814
Writing,2,0.000814
Guests_,2,0.000814
Lady_hiding,2,0.000814
Dinner,2,0.000814
Heroes,2,0.000814
Earth,2,0.000814
Graces,2,0.000814
Mutton,2,0.000814
Truth,2,0.000814
Sluices,2,0.000814
Senses,2,0.000814
whole,2,0.000814
Ladyship_did,2,0.000814
hunter,2,0.000814
Laws,2,0.000814
Punishment,2,0.000814
Lady_looking,2,0.000814
ad,2,0.000814
Measure,2,0.000814
Captains_,2,0.000814
Lady_knows,2,0.000814
Grimalkin,2,0.000814
Venus,2,0.000814
Western_agreed,2,0.000814
Toyman,2,0.000814
Master_could,2,0.000814
Gallery,2,0.000814
Creatures,2,0.000814
Monarch,2,0.000814
dose,2,0.000814
Adventure,1,0.000407
Thespis,1,0.000407
Aristotle_calls,1,0.000407
Greeks,1,0.000407
Dictionaries,1,0.000407
Spelling,1,0.000407
Admiration,1,0.000407
Today,1,0.000407
Cicero,1,0.000407
Nil,1,0.000407
admirari,1,0.000407
Deliberation,1,0.000407
Unworthiness,1,0.000407
Couples,1,0.000407
hearing,1,0.000407
Dialogue,1,0.000407
Hanover,1,0.000407
Breed,1,0.000407
Rage,1,0.000407
Exercises,1,0.000407
Meals,1,0.000407
Badness,1,0.000407
Neighborhood,1,0.000407
Western_at,1,0.000407
Dispensary,1,0.000407
Reconciliation,1,0.000407
Council,1,0.000407
Impetuosity,1,0.000407
Circumstance_been,1,0.000407
Case,1,0.000407
Historian_as,1,0.000407
Greatness,1,0.000407
Priest_undertook,1,0.000407
Lady_pressed,1,0.000407
Lady_laughed,1,0.000407
Lady_will,1,0.000407
Villians,1,0.000407
Mistress_turned,1,0.000407
Accusation,1,0.000407
Considerations,1,0.000407
Reward,1,0.000407
Incertainty,1,0.000407
Ravishers,1,0.000407
Judge,1,0.000407
Articles,1,0.000407
Birth,1,0.000407
Quarrel,1,0.000407
Lady_calls,1,0.000407
Politicians,1,0.000407
alls,1,0.000407
Dispute,1,0.000407
Sister_concerning,1,0.000407
Sister_would,1,0.000407
Western_herself,1,0.000407
Sister_in,1,0.000407
Sister_into,1,0.000407
Will,1,0.000407
Smiles,1,0.000407
Brain,1,0.000407
Robberies,1,0.000407
thee,1,0.000407
forsooth,1,0.000407
Scheme,1,0.000407
choosing,1,0.000407
Storm_,1,0.000407
Trumpet,1,0.000407
King_s,1,0.000407
Demand,1,0.000407
Merits,1,0.000407
Occurrences,1,0.000407
Freedom,1,0.000407
Companies,1,0.000407
Boys,1,0.000407
Nurse,1,0.000407
Repartees,1,0.000407
Fervency,1,0.000407
who,1,0.000407
Skull,1,0.000407
Nem,1,0.000407
Sack,1,0.000407
whey,1,0.000407
Jellies,1,0.000407
Dettingen,1,0.000407
Weapon,1,0.000407
Clock,1,0.000407
Beds,1,0.000407
Posture_in,1,0.000407
Quart,1,0.000407
Pot,1,0.000407
Beer,1,0.000407
split,1,0.000407
Firelock,1,0.000407
Shirts,1,0.000407
Spoons,1,0.000407
Tankards,1,0.000407
Envy,1,0.000407
Gods,1,0.000407
modern,1,0.000407
Elegance,1,0.000407
Historian_is,1,0.000407
Knavery,1,0.000407
Suetonius,1,0.000407
Beneficence,1,0.000407
thousands,1,0.000407
Current,1,0.000407
Comedy,1,0.000407
Heroines,1,0.000407
Play,1,0.000407
Hamlet,1,0.000407
need,1,0.000407
Lady_that,1,0.000407
Angels,1,0.000407
Plagues,1,0.000407
Demon,1,0.000407
Volk,1,0.000407
Doctor_apprehended,1,0.000407
Craving,1,0.000407
dream,1,0.000407
Pox,1,0.000407
Nancy,1,0.000407
Surgeons,1,0.000407
Drawer_told,1,0.000407
Drawer_had,1,0.000407
Kingdom_can,1,0.000407
Kingdom_has,1,0.000407
Mr_Barber,1,0.000407
Vis,1,0.000407
unita,1,0.000407
fortior,1,0.000407
Proposal,1,0.000407
Anecdotes,1,0.000407
Foundling,1,0.000407
verity,1,0.000407
cent,1,0.000407
ung,1,0.000407
Restoration_which,1,0.000407
Fashion,1,0.000407
Deportment,1,0.000407
Knapsack,1,0.000407
cries,1,0.000407
Haste_,1,0.000407
Partride,1,0.000407
Tramontane,1,0.000407
thought,1,0.000407
Prince_Charles,1,0.000407
Arguguments,1,0.000407
Briareus,1,0.000407
Story_made,1,0.000407
Hudibras,1,0.000407
Esteem_,1,0.000407
head,1,0.000407
Ghosts_,1,0.000407
Otway,1,0.000407
Housea,1,0.000407
Country_People,1,0.000407
Sir_offend,1,0.000407
Blessing,1,0.000407
Moonlight,1,0.000407
Sir_Perhaps,1,0.000407
Sir_at,1,0.000407
Liberty,1,0.000407
Philanthropy,1,0.000407
Story_swallowed,1,0.000407
Favourit,1,0.000407
Situation,1,0.000407
Key,1,0.000407
Curse,1,0.000407
Inventions,1,0.000407
Habeas,1,0.000407
Corpus,1,0.000407
Oxford,1,0.000407
Condemnation,1,0.000407
Sessions,1,0.000407
Prosecution,1,0.000407
Lord_Justice,1,0.000407
Justice_Page,1,0.000407
Page,1,0.000407
art,1,0.000407
Jests_he,1,0.000407
Hunger,1,0.000407
N,1,0.000407
Reckoning,1,0.000407
Addition,1,0.000407
Gaming,1,0.000407
Wretches,1,0.000407
play,1,0.000407
Sermon,1,0.000407
time,1,0.000407
Bed,1,0.000407
Keyhole,1,0.000407
MY,1,0.000407
Collegiate,1,0.000407
Fraternity,1,0.000407
Sharpers,1,0.000407
Failing,1,0.000407
Solicitations,1,0.000407
Countenance_within,1,0.000407
Minute,1,0.000407
Heathens,1,0.000407
Jester_ever,1,0.000407
Christianity_softens,1,0.000407
Tempus,1,0.000407
edax,1,0.000407
Rerum,1,0.000407
Train,1,0.000407
Riverside,1,0.000407
Angler,1,0.000407
Motions,1,0.000407
Bishops,1,0.000407
somebody,1,0.000407
Leisure,1,0.000407
Dice,1,0.000407
Avice,1,0.000407
Guineas,1,0.000407
vents,1,0.000407
Preservation,1,0.000407
Liberties,1,0.000407
Throne,1,0.000407
Gamester_will,1,0.000407
Stranger_proceeded,1,0.000407
Work,1,0.000407
hose,1,0.000407
Stranger_walks,1,0.000407
Luminaries,1,0.000407
Amusements,1,0.000407
Winds,1,0.000407
opening,1,0.000407
Clouds,1,0.000407
Stranger_answered,1,0.000407
Stranger_never,1,0.000407
Stranger_commonly,1,0.000407
Scribblers,1,0.000407
master_,1,0.000407
Reach,1,0.000407
ules,1,0.000407
Learning,1,0.000407
Tools,1,0.000407
contras,1,0.000407
Patience,1,0.000407
Unconcern,1,0.000407
day,1,0.000407
Moor,1,0.000407
Ladythe_redeemed,1,0.000407
Lady_let,1,0.000407
Troops,1,0.000407
Fist_could,1,0.000407
Amazonian,1,0.000407
Hurt,1,0.000407
Lady_well,1,0.000407
Ladyship_may,1,0.000407
Mrs_had,1,0.000407
Ladyship_Ladyship,1,0.000407
thinking,1,0.000407
Vermin,1,0.000407
Lice,1,0.000407
Justices_did,1,0.000407
Ladyship_has,1,0.000407
Speech,1,0.000407
Bowl,1,0.000407
Left,1,0.000407
Prince_,1,0.000407
Offices,1,0.000407
Poem,1,0.000407
Odyssey,1,0.000407
Notice,1,0.000407
Goodnature,1,0.000407
Coquetry,1,0.000407
rades,1,0.000407
uman,1,0.000407
Improvements,1,0.000407
help,1,0.000407
Looking,1,0.000407
Warrior,1,0.000407
Kitche,1,0.000407
Drink_to,1,0.000407
Captain_will,1,0.000407
Displeasure,1,0.000407
Fun,1,0.000407
Promoter,1,0.000407
Quarrels,1,0.000407
Production,1,0.000407
dozen,1,0.000407
Lingo,1,0.000407
Combatants,1,0.000407
Mrs_observed,1,0.000407
Sentiment,1,0.000407
Lady_industriously,1,0.000407
Lady_indulged,1,0.000407
Wood,1,0.000407
Moment,1,0.000407
Villainy,1,0.000407
Plays,1,0.000407
Clown,1,0.000407
owner,1,0.000407
Contention,1,0.000407
Purpose,1,0.000407
Calabalaro,1,0.000407
wh,1,0.000407
Innkeepers,1,0.000407
Story_truly,1,0.000407
Mistress_her,1,0.000407
Mistress_proceeded,1,0.000407
Fowls,1,0.000407
Designs,1,0.000407
Irish,1,0.000407
Ladyship_your,1,0.000407
Ladyship_to,1,0.000407
Stomach_of,1,0.000407
Beef,1,0.000407
Gentlewoman,1,0.000407
Dove,1,0.000407
Board,1,0.000407
Garment,1,0.000407
None,1,0.000407
Western_proceeded,1,0.000407
Libation,1,0.000407
Wars,1,0.000407
Gunpowder,1,0.000407
Stable_,1,0.000407
Worcester_,1,0.000407
Prevalence,1,0.000407
Lady_screamed,1,0.000407
Justice_then,1,0.000407
Mal,1,0.000407
Parties,1,0.000407
Drew_Priam,1,0.000407
Priam,1,0.000407
Curtains,1,0.000407
dead,1,0.000407
Troy,1,0.000407
Threats,1,0.000407
Western_rose,1,0.000407
Imprecations,1,0.000407
Assurances,1,0.000407
Heroine,1,0.000407
Town,1,0.000407
Mrs_Mrs,1,0.000407
Pursuers,1,0.000407
Historian_obliges,1,0.000407
Omission,1,0.000407
Misfortune,1,0.000407
Ladyship_think,1,0.000407
Refreshment,1,0.000407
Remonstrances_of,1,0.000407
Lady_appeared,1,0.000407
Fox,1,0.000407
Murders,1,0.000407
Severity,1,0.000407
Gold,1,0.000407
Thou,1,0.000407
Darling,1,0.000407
savor,1,0.000407
Instinct_,1,0.000407
Judges,1,0.000407
Commonwealth,1,0.000407
Objections,1,0.000407
Merit,1,0.000407
Turnings,1,0.000407
Impertinence,1,0.000407
Groun,1,0.000407
Estate_lay,1,0.000407
Nobody,1,0.000407
Frost_Sophia,1,0.000407
Ladyships_would,1,0.000407
sides,1,0.000407
Remembrance,1,0.000407
degage,1,0.000407
Dress_exceeded,1,0.000407
Familiarity,1,0.000407
draper,1,0.000407
Provocation,1,0.000407
Observations,1,0.000407
State_of,1,0.000407
Ladyship_heard,1,0.000407
Landlay,1,0.000407
Hatred,1,0.000407
Correspondence,1,0.000407
Embellishments,1,0.000407
Anger,1,0.000407
Doors,1,0.000407
Ladyship_had,1,0.000407
Marks,1,0.000407
impudent,1,0.000407
Nell,1,0.000407
Gwynn,1,0.000407
Visit,1,0.000407
Stomach_easily,1,0.000407
Lady_imagined,1,0.000407
Sigh,1,0.000407
Hardness,1,0.000407
Down,1,0.000407
Lordship_,1,0.000407
Companions,1,0.000407
Mistress_has,1,0.000407
Tradesman,1,0.000407
Grazier,1,0.000407
Offspring,1,0.000407
Wealth,1,0.000407
Dullness_,1,0.000407
Beast_and,1,0.000407
Master_being,1,0.000407
Degre,1,0.000407
Penetration,1,0.000407
Hawk,1,0.000407
Symptom,1,0.000407
iscapable,1,0.000407
Maxim,1,0.000407
Ignorance,1,0.000407
Olivier,1,0.000407
Custom_of,1,0.000407
Honesty_toward,1,0.000407
Brethren,1,0.000407
Hostler_had,1,0.000407
Beast_,1,0.000407
blessing,1,0.000407
Fable,1,0.000407
reports,1,0.000407
Embraces,1,0.000407
Bridegroom,1,0.000407
Cats,1,0.000407
Squires,1,0.000407
Disquiet,1,0.000407
Communication,1,0.000407
Cannons,1,0.000407
Presumption,1,0.000407
Parish,1,0.000407
Bookworm,1,0.000407
Principle,1,0.000407
Honesty_,1,0.000407
Owner,1,0.000407
Pocketbook,1,0.000407
Shop,1,0.000407
Pound,1,0.000407
Drum_Jones,1,0.000407
Shows,1,0.000407
Stratagem_to,1,0.000407
Exhibitions,1,0.000407
Reflection,1,0.000407
Performances,1,0.000407
Tranquillity,1,0.000407
round,1,0.000407
house,1,0.000407
Estate_,1,0.000407
Felix,1,0.000407
Horseman,1,0.000407
Gate,1,0.000407
Papists_themselves,1,0.000407
mayhap,1,0.000407
Jester_had,1,0.000407
corner,1,0.000407
Cup,1,0.000407
Crown,1,0.000407
Human,1,0.000407
Species,1,0.000407
offer,1,0.000407
Impatience,1,0.000407
Holiday,1,0.000407
Distresses_of,1,0.000407
Farrier,1,0.000407
Witch,1,0.000407
Lady_worried,1,0.000407
Comeliness,1,0.000407
Forgiveness,1,0.000407
Witness,1,0.000407
Sentence,1,0.000407
King_turning,1,0.000407
Golden,1,0.000407
Tyrannies,1,0.000407
Exceptions,1,0.000407
Instances_to,1,0.000407
Close,1,0.000407
History_from,1,0.000407
Doctrine,1,0.000407
Priestcraft_had,1,0.000407
Wickedness,1,0.000407
Six,1,0.000407
Posthorses_reached,1,0.000407
Feed,1,0.000407
Lady_cannot,1,0.000407
Master_read,1,0.000407
Shoulder,1,0.000407
Stranger_expressed,1,0.000407
Distress_to,1,0.000407
K,1,0.000407
That,1,0.000407
Opinions,1,0.000407
