I,64716,39.494209
Mary,4027,2.457556
we,3031,1.849727
Wegg,2984,1.821045
Knollys,2501,1.526284
Milly,2450,1.495161
Lady_Knollys,2375,1.44939
father,2367,1.444508
Frederick,2314,1.412164
Quince,2242,1.368224
Monica,2234,1.363342
Rusk,2040,1.24495
Mrs_Rusk,2038,1.243729
Maud,1569,0.957513
Bryerly,1479,0.902589
You,1472,0.898317
Cousin,1372,0.83729
uncle,1368,0.834849
Meg,1329,0.811048
doctor,1302,0.794571
We,1187,0.72439
cousin,1083,0.660922
Doctor_Bryerly,996,0.607829
me,968,0.590741
Tom,966,0.58952
He,965,0.58891
Haugh,934,0.569992
It,907,0.553515
it,780,0.47601
letter,777,0.474179
Hawkes,776,0.473569
Ruthyn,757,0.461974
Danvers,720,0.439394
Mr_Danvers,714,0.435733
She,704,0.42963
Brice,696,0.424748
health,677,0.413153
Madame_said,673,0.410711
butler,551,0.336259
Wyat,539,0.328935
Wat,511,0.311848
Ronan,507,0.309407
Governor,478,0.291709
people,476,0.290488
us,436,0.266078
Rougierre,425,0.259365
Madame_de,420,0.256313
person,412,0.251431
room,363,0.221528
St_Ronan,338,0.206271
Charke,332,0.20261
coach,321,0.195897
daughter,320,0.195286
Ilbury,302,0.184301
Lord_Ilbury,301,0.183691
Jolks,299,0.182471
one,296,0.18064
Dudley_Ruthyn,296,0.18064
house,283,0.172706
don,282,0.172096
Oakley,282,0.172096
Old,272,0.165993
Mr_Charke,270,0.164773
Aylmer,261,0.15928
Dudley_contented,256,0.156229
Dudley_said,256,0.156229
lady,236,0.144024
Miss_,227,0.138531
Bartram,225,0.137311
Mrs_Aylmer,225,0.137311
B,218,0.133039
People,215,0.131208
founder,214,0.130598
Yes,213,0.129987
lank,209,0.127546
moonlight,205,0.125105
window,204,0.124495
Mrs_Jolks,201,0.122664
Madame_narrated,196,0.119613
stairs_stealthily,196,0.119613
Madame_,195,0.119003
Clay,194,0.118392
maids,187,0.11412
They,186,0.11351
Anne,185,0.1129
suspicion,183,0.111679
men,181,0.110459
papa,180,0.109849
coolness,180,0.109849
gentleman,178,0.108628
Captain_Oakley,176,0.107407
Abel,172,0.104966
Fowkes,171,0.104356
county,170,0.103746
grin,170,0.103746
mystery_,170,0.103746
Sleigh,169,0.103136
groups,169,0.103136
donkey,169,0.103136
carts,169,0.103136
skeletons,169,0.103136
Well,169,0.103136
insanity,169,0.103136
catastrophe_of,169,0.103136
suicide,169,0.103136
trusts_that,169,0.103136
Press,169,0.103136
criticism,169,0.103136
encouragement,169,0.103136
labourers,169,0.103136
art,169,0.103136
defiance,169,0.103136
brother,168,0.102525
Swedenborgian,167,0.101915
gentlemen,163,0.099474
Dudley_,162,0.098864
Carysbroke,160,0.097643
Mr_Carysbroke,159,0.097033
Frenchwoman,146,0.089099
post_stated,144,0.087879
Mr_Bryerly,144,0.087879
judgment,144,0.087879
Grimston_crossed,144,0.087879
Mr_Sleigh,144,0.087879
girl,143,0.087269
deal,142,0.086658
Pegtop,139,0.084827
vindictiveness,139,0.084827
fool,137,0.083607
face,136,0.082997
ye,135,0.082386
P,134,0.081776
rice,131,0.079945
cheeks,131,0.079945
Sarah,131,0.079945
Matilda,131,0.079945
will,125,0.076284
Mr_Silas,125,0.076284
Madame_shed,121,0.073843
narrative,121,0.073843
pane,121,0.073843
thunder,121,0.073843
shower,121,0.073843
Madame_concluded,121,0.073843
road,120,0.073232
clergyman,111,0.06774
T,109,0.066519
Dr_Bryerly,109,0.066519
music,109,0.066519
spinster_,109,0.066519
Madame_had,108,0.065909
Madame_did,103,0.062858
baronetage,102,0.062248
whisper,101,0.061637
Catherine,101,0.061637
child,100,0.061027
Creator,100,0.061027
Dr_Clay,100,0.061027
Mrs_shook,100,0.061027
bye,100,0.061027
Dickon,98,0.059806
pleasure,96,0.058586
Dudley_has,95,0.057976
Doctor_Jolks,94,0.057365
soul,94,0.057365
Come,93,0.056755
country,93,0.056755
Queen_Anne,93,0.056755
Wixted,92,0.056145
crone,91,0.055535
Miss_Maud,91,0.055535
marriage,91,0.055535
Dudley_says,90,0.054924
world,89,0.054314
LADY,89,0.054314
KNOLLYS,89,0.054314
remonstrating_vowed,85,0.051873
Swedenborg,84,0.051263
fragrance,83,0.050652
life,81,0.049432
idea,81,0.049432
favour,81,0.049432
gouvernante,81,0.049432
circumstances_enabled,81,0.049432
son,80,0.048822
A,78,0.047601
servants,76,0.04638
time,75,0.04577
officer,75,0.04577
Mr_Dudley,74,0.04516
nephew,74,0.04516
Madame_stuffed,74,0.04516
Lady_Mary,73,0.04455
knowledge,72,0.043939
trees,70,0.042719
wealth,68,0.041498
bailiff,68,0.041498
fallows,68,0.041498
arm,67,0.040888
beauty,65,0.039668
grief,65,0.039668
ladies,65,0.039668
master_,64,0.039057
Dudley_began,64,0.039057
Rachel,64,0.039057
Colonel,64,0.039057
Norbrooke,64,0.039057
Low,64,0.039057
Countries_,64,0.039057
Madame_asked,64,0.039057
pursuit,64,0.039057
door,63,0.038447
heart,63,0.038447
Branston_,62,0.037837
figure,59,0.036006
Williams,59,0.036006
groom,59,0.036006
boy,58,0.035396
night,58,0.035396
Don,58,0.035396
voice,57,0.034785
governess,57,0.034785
chair,56,0.034175
H,56,0.034175
God,56,0.034175
Everyone,56,0.034175
attorney,55,0.033565
word,54,0.032955
Heaven,54,0.032955
scenery,54,0.032955
Somebody,54,0.032955
bed,54,0.032955
causes,53,0.032344
state_operating,53,0.032344
operating,53,0.032344
community,53,0.032344
habitation,53,0.032344
isolation,53,0.032344
spirits,53,0.032344
prison,52,0.031734
writer,51,0.031124
kind,51,0.031124
nothing,51,0.031124
folk,50,0.030513
fortune,50,0.030513
torch,50,0.030513
danger,50,0.030513
way,49,0.029903
adviser,49,0.029903
counsel,49,0.029903
behalf,49,0.029903
countenance,49,0.029903
instrument_and,49,0.029903
mirror,49,0.029903
prophecy,49,0.029903
rector,49,0.029903
objection,49,0.029903
romance,49,0.029903
grudge,49,0.029903
Craven,49,0.029903
exercise,49,0.029903
destination_,49,0.029903
ambassador,49,0.029903
lways,49,0.029903
juryman,49,0.029903
suns,49,0.029903
skies,49,0.029903
nights,49,0.029903
starlight_,49,0.029903
fires,49,0.029903
snuggery,49,0.029903
gossipings,49,0.029903
stories_,49,0.029903
readings,49,0.029903
walks,49,0.029903
tenor,49,0.029903
routine,49,0.029903
misadventure,49,0.029903
surtout,48,0.029293
side,47,0.028683
Dudley_was,47,0.028683
W,46,0.028072
morning,46,0.028072
What,44,0.026852
niece,43,0.026242
adame,43,0.026242
women,43,0.026242
river,42,0.025631
LAmour,42,0.025631
companion,42,0.025631
iss,42,0.025631
London,42,0.025631
Madame_turned,42,0.025631
weel,42,0.025631
Street_,41,0.025021
denial,41,0.025021
fancy,41,0.025021
something,41,0.025021
Dudley_father,41,0.025021
sweep,40,0.024411
inheritrex,40,0.024411
lineage,40,0.024411
partner,40,0.024411
enemies,40,0.024411
associations,38,0.02319
demon,38,0.02319
fella,38,0.02319
Dudley_s,38,0.02319
Madame_s,38,0.02319
wonder,37,0.02258
post_would,37,0.02258
O,37,0.02258
workin,37,0.02258
aneurisms,37,0.02258
Mrs_could,37,0.02258
Dudley_watched,36,0.02197
complacency,36,0.02197
triumph,36,0.02197
fie,36,0.02197
Everybody,36,0.02197
Mrs_Litheways,36,0.02197
Litheways,36,0.02197
silk,36,0.02197
mercer,36,0.02197
Madame_might,36,0.02197
picture,36,0.02197
Sir_Phileep,36,0.02197
Phileep,36,0.02197
iteration,36,0.02197
selfrestraint_,36,0.02197
insupportable,36,0.02197
fatigue,36,0.02197
association,36,0.02197
mystery_that,36,0.02197
Madame_plainly,36,0.02197
Waiatt,36,0.02197
stones_with,36,0.02197
Hans,36,0.02197
Emmanuel,36,0.02197
MD,36,0.02197
King_Street,36,0.02197
Covent,36,0.02197
Garden,36,0.02197
shoulder,36,0.02197
chamber,35,0.021359
darling,35,0.021359
Coma,35,0.021359
type,35,0.021359
Dame,35,0.021359
reader,35,0.021359
anatomy,35,0.021359
Sullen,35,0.021359
Master_Dudley,34,0.020749
places,33,0.020139
DOCTOR,32,0.019529
BRYERLY,32,0.019529
mind,32,0.019529
serenity,32,0.019529
malice,32,0.019529
Derbyshire,32,0.019529
day,32,0.019529
Madame_stole,32,0.019529
cause,32,0.019529
look,31,0.018918
nobody,31,0.018918
Beauty,30,0.018308
Curate,30,0.018308
walls,30,0.018308
eyes,29,0.017698
Swedenborgians,29,0.017698
sound,29,0.017698
character,29,0.017698
Nothing,29,0.017698
Madame_says,29,0.017698
death,29,0.017698
circumstances_which,29,0.017698
MY,29,0.017698
DEAR,29,0.017698
head,28,0.017088
Church,28,0.017088
society,27,0.016477
fayther,27,0.016477
m,27,0.016477
Dudley_should,26,0.015867
shadow,26,0.015867
party,26,0.015867
grounds,26,0.015867
hand,26,0.015867
Anan,26,0.015867
group,26,0.015867
Madame_would,26,0.015867
children,26,0.015867
Poor,26,0.015867
evidences,26,0.015867
miller,26,0.015867
accident,26,0.015867
Dudley_added,25,0.015257
conversation,25,0.015257
goblins,25,0.015257
persons,25,0.015257
Archer,25,0.015257
ruffian,25,0.015257
Crowle,25,0.015257
Grizzly,25,0.015257
rains,25,0.015257
observation,25,0.015257
gaunt,25,0.015257
direction,25,0.015257
dangers,25,0.015257
sensations,25,0.015257
Miss_Miss,25,0.015257
alders,25,0.015257
rear,25,0.015257
Saint,25,0.015257
Paul,25,0.015257
Mrs_was,25,0.015257
valley,25,0.015257
study_up,25,0.015257
stairs_with,25,0.015257
rubbitch,25,0.015257
Doctor_said,25,0.015257
notice,25,0.015257
eye,25,0.015257
oclock,25,0.015257
compression,25,0.015257
mother,25,0.015257
grating,25,0.015257
MADAME,25,0.015257
Master_says,25,0.015257
Doctor_Somebody,25,0.015257
occurrences,25,0.015257
diplomacy,25,0.015257
Queence_did,25,0.015257
lass,24,0.014646
justices_for,24,0.014646
smile,24,0.014646
curate,23,0.014036
trustee_,23,0.014036
note,23,0.014036
Madame_looked,23,0.014036
C,22,0.013426
creature,22,0.013426
Knowl,22,0.013426
Madame_was,22,0.013426
Madame_held,22,0.013426
fellow,22,0.013426
Chenier,21,0.012816
Feltram,21,0.012816
rank,20,0.012205
family,20,0.012205
ordeal,20,0.012205
vulgarity,20,0.012205
girls,20,0.012205
school,19,0.011595
sort,19,0.011595
Chateaubriand,19,0.011595
himself,19,0.011595
love,19,0.011595
Mr_Manwaring,19,0.011595
Manwaring,19,0.011595
Y,18,0.010985
terror,18,0.010985
Gov,18,0.010985
voices,18,0.010985
ilas,18,0.010985
nature,18,0.010985
birds,18,0.010985
horses,18,0.010985
elbow,18,0.010985
name,18,0.010985
Providence,18,0.010985
Dudley_chose,18,0.010985
His,18,0.010985
grass,18,0.010985
sympathies,18,0.010985
boroughs,18,0.010985
Madame_contrived,18,0.010985
light,17,0.010375
manner,17,0.010375
Mr_Ruthyn,17,0.010375
detectives,17,0.010375
cleverness,17,0.010375
elves,17,0.010375
SILAS,17,0.010375
militia,17,0.010375
gape,17,0.010375
letters,17,0.010375
slander,17,0.010375
Georgina,17,0.010375
missive,17,0.010375
surprise,17,0.010375
habits,17,0.010375
Monsieur_Ruthyn,17,0.010375
aspect,17,0.010375
dignity,17,0.010375
Sheridan,16,0.009764
sister_says,16,0.009764
imprudence,16,0.009764
things,16,0.009764
sergeant,16,0.009764
vernor,16,0.009764
Miss_said,16,0.009764
Erl,16,0.009764
king,16,0.009764
Dudley_thought,16,0.009764
purification,16,0.009764
Fanshawe,16,0.009764
soles,16,0.009764
hands,16,0.009764
grotesqueness,16,0.009764
garments,16,0.009764
poison,16,0.009764
doubt,16,0.009764
habit,16,0.009764
serpent,16,0.009764
Dudley_delivered,16,0.009764
Dudley_don,16,0.009764
titles,16,0.009764
Adamite,16,0.009764
Austin_gave,16,0.009764
wrecks,16,0.009764
trustees_to,16,0.009764
suggestion_wronged,16,0.009764
Oh,16,0.009764
epithet,16,0.009764
Dr_Elweys,16,0.009764
Elweys,16,0.009764
hopefulness,16,0.009764
travellers,16,0.009764
Austin_would,16,0.009764
Dudley_think,16,0.009764
aud,16,0.009764
Dudley_to,16,0.009764
pounds,16,0.009764
mailtrain,16,0.009764
Derby,16,0.009764
part,16,0.009764
carving,16,0.009764
madame,16,0.009764
everybody,16,0.009764
result,16,0.009764
AU,16,0.009764
REVOIR,16,0.009764
calamity,16,0.009764
de,16,0.009764
la,16,0.009764
alarms,16,0.009764
doubts,16,0.009764
pieties,16,0.009764
Madame_say,16,0.009764
deceit,16,0.009764
whoever,16,0.009764
resolution,16,0.009764
ability,16,0.009764
S,16,0.009764
gate,15,0.009154
Rector,15,0.009154
bird,14,0.008544
G,14,0.008544
Them,14,0.008544
Grimston_,14,0.008544
fashion,14,0.008544
Good,14,0.008544
brandy,14,0.008544
Doctor_stepped,14,0.008544
clay,13,0.007934
Tis,13,0.007934
carriage,13,0.007934
WE,13,0.007934
ivy,13,0.007934
visitor,13,0.007934
half,13,0.007934
talk,13,0.007934
Captain_mistook,13,0.007934
wig,13,0.007934
Doctor_Clay,13,0.007934
process,13,0.007934
merchant,13,0.007934
pang,13,0.007934
tears,13,0.007934
opinion,13,0.007934
shadows,12,0.007323
drawing,12,0.007323
Scarsdale,12,0.007323
D,12,0.007323
Madame_placed,12,0.007323
anxiety,12,0.007323
lights,11,0.006713
scene,11,0.006713
Winny,11,0.006713
ppen,11,0.006713
Branston_met,11,0.006713
years,11,0.006713
Madame_continued,11,0.006713
features,11,0.006713
cousins,11,0.006713
milliner,11,0.006713
curiosity,11,0.006713
Dudley_entered,11,0.006713
tin,11,0.006713
apartment,10,0.006103
Ye,10,0.006103
subject,10,0.006103
line,10,0.006103
points,10,0.006103
Barnaby,10,0.006103
Dykes,10,0.006103
Madame_to,10,0.006103
William,10,0.006103
trial,10,0.006103
Ridley,10,0.006103
isn,10,0.006103
advance,10,0.006103
Giblets,10,0.006103
un,10,0.006103
Dudley_or,10,0.006103
Madame_proposed,10,0.006103
ruminations,10,0.006103
execution,10,0.006103
myself,10,0.006103
acceptance,10,0.006103
trust_should,10,0.006103
evening,10,0.006103
force,10,0.006103
personage,10,0.006103
Madame_suddenly,10,0.006103
minute,10,0.006103
Mrs_made,10,0.006103
pain,10,0.006103
Madame_uttered,10,0.006103
angels,10,0.006103
spectacle,10,0.006103
Asiatic,10,0.006103
superstition_tells,10,0.006103
silver,10,0.006103
Lord_of,10,0.006103
Life,10,0.006103
liking,10,0.006103
wind,10,0.006103
Sir_Clayton,10,0.006103
Clayton,10,0.006103
Barrow,10,0.006103
Mademoiselle,10,0.006103
Madame_dressing,10,0.006103
Doctor_BryerlyDoctor,10,0.006103
BryerlyDoctor_Bryerly,10,0.006103
trustees_,10,0.006103
Dudley_whistled,9,0.005492
stories_and,9,0.005492
never,9,0.005492
metimes,9,0.005492
Charles,9,0.005492
Crowl,9,0.005492
servant,9,0.005492
ell,9,0.005492
salute,9,0.005492
resemblances,9,0.005492
ide,9,0.005492
salutation,9,0.005492
clump,9,0.005492
ash,9,0.005492
grey,9,0.005492
twilight,9,0.005492
stagger_,9,0.005492
Madame_thrust,9,0.005492
soforth,9,0.005492
Atlas,9,0.005492
curl,9,0.005492
whisker,9,0.005492
segment,9,0.005492
leg,9,0.005492
timber,9,0.005492
post_had,9,0.005492
dispensations,9,0.005492
principles,9,0.005492
strength_seemed,9,0.005492
aspiring,9,0.005492
nerve,9,0.005492
shapes,9,0.005492
conference,9,0.005492
sides,9,0.005492
worlds,9,0.005492
executors,9,0.005492
charlatan,9,0.005492
mastiff_,9,0.005492
scale,9,0.005492
style_of,9,0.005492
end,9,0.005492
rest_of,9,0.005492
nakedness,9,0.005492
desolation,9,0.005492
ancestors_had,9,0.005492
pity,9,0.005492
muffler,9,0.005492
Dudley_spoke,9,0.005492
reflection,9,0.005492
science,9,0.005492
foreigners,9,0.005492
Madame_distinctly,9,0.005492
Madame_took,9,0.005492
state_had,9,0.005492
suddenness,9,0.005492
events,9,0.005492
Madame_left,9,0.005492
interview,9,0.005492
Madame_invited,9,0.005492
Madame_vowed,9,0.005492
Pitt,9,0.005492
indorsement,9,0.005492
Grimston_had,9,0.005492
mercy,9,0.005492
cloud,9,0.005492
witnesses,9,0.005492
topic,9,0.005492
sailors,9,0.005492
Sir_Harry,9,0.005492
Harry,9,0.005492
Shackleton,9,0.005492
Austin_was,9,0.005492
refinement,9,0.005492
sorceress,9,0.005492
Mrs_replied,9,0.005492
Mrs_forgot,9,0.005492
ally,9,0.005492
sights,9,0.005492
trace,9,0.005492
gloom,9,0.005492
state_which,9,0.005492
wizard,9,0.005492
knaveries,9,0.005492
relations,9,0.005492
appeals,9,0.005492
feelings,9,0.005492
hanks,9,0.005492
Giles,9,0.005492
dose,9,0.005492
laudanum,9,0.005492
Lord_gave,9,0.005492
Lord_come,9,0.005492
surmises,9,0.005492
apoth,9,0.005492
pardon,9,0.005492
physician,9,0.005492
studies_had,9,0.005492
herself,9,0.005492
trustees_won,9,0.005492
poet,9,0.005492
enormity,9,0.005492
wor,9,0.005492
Mysteries_to,9,0.005492
houses,9,0.005492
mystery_to,9,0.005492
respect,9,0.005492
rejoicing,9,0.005492
deathlike,9,0.005492
termination,9,0.005492
locks,9,0.005492
smell,9,0.005492
perfumes,9,0.005492
ether,9,0.005492
Dudley_knew,9,0.005492
Dudley_presumed,9,0.005492
hostess_gave,9,0.005492
Madame_scanned,9,0.005492
tale,9,0.005492
effrontery,9,0.005492
M,9,0.005492
ary,9,0.005492
lime,9,0.005492
courtesy,9,0.005492
admiration,9,0.005492
distinction_which,9,0.005492
estimate_of,9,0.005492
Mrs_Malaprop,8,0.004882
Malaprop,8,0.004882
poaching,8,0.004882
Smith,8,0.004882
law,8,0.004882
Margaret,8,0.004882
reformation,8,0.004882
Captain_continued,8,0.004882
Woman,8,0.004882
Endor,8,0.004882
cap,8,0.004882
ad,8,0.004882
Dudley_ll,8,0.004882
movements,8,0.004882
Jezebels,8,0.004882
illusions,8,0.004882
Lady_Hamilton,8,0.004882
Hamilton,8,0.004882
Nelson,8,0.004882
desert,8,0.004882
stragglers_from,8,0.004882
Captain_stopped,8,0.004882
Branston_would,8,0.004882
aptitudes,8,0.004882
necessities,8,0.004882
Madame_entered,8,0.004882
frame,8,0.004882
candle,7,0.004272
sprays,7,0.004272
shock,7,0.004272
Lord_Chancellor,7,0.004272
Chancellor,7,0.004272
impudence,7,0.004272
sight,7,0.004272
R,7,0.004272
Mr_Austin,7,0.004272
Austin_Ruthyn,7,0.004272
thought,6,0.003662
agitation,6,0.003662
table,6,0.003662
home,6,0.003662
none,6,0.003662
guardian,6,0.003662
Twas,6,0.003662
yourself,6,0.003662
Madame_made,6,0.003662
wife,6,0.003662
rogue,6,0.003662
sense,6,0.003662
husband,6,0.003662
visit,6,0.003662
key,6,0.003662
Madame_folded,6,0.003662
summons,5,0.003051
regimen,5,0.003051
limb,5,0.003051
AMBASSADOR,5,0.003051
And,5,0.003051
pin,5,0.003051
Never,5,0.003051
play,5,0.003051
days,5,0.003051
lawyers,5,0.003051
beams,5,0.003051
recollection,5,0.003051
mine,5,0.003051
Madame_broke,5,0.003051
Madame_has,5,0.003051
Mr_Richardson,5,0.003051
Richardson,5,0.003051
Honest_Mary,5,0.003051
maid,5,0.003051
arches,5,0.003051
Captain_,5,0.003051
dress,5,0.003051
demeanour,5,0.003051
Dudley_looked,5,0.003051
tone,5,0.003051
Bible,5,0.003051
courier,5,0.003051
Mother,5,0.003051
Hubbard,5,0.003051
Madame_Madame,5,0.003051
spirit,5,0.003051
Servants,5,0.003051
care,5,0.003051
howsoever,5,0.003051
justice_,5,0.003051
Madame_bawling,5,0.003051
indignation,5,0.003051
witch,5,0.003051
E,5,0.003051
everyone,5,0.003051
morrow,5,0.003051
guinea,5,0.003051
motive,5,0.003051
tresses,5,0.003051
fire,5,0.003051
vainest_and,5,0.003051
slammakin,5,0.003051
slut,5,0.003051
doors,5,0.003051
Madame_enquired,5,0.003051
bills,5,0.003051
hisself,5,0.003051
canons,5,0.003051
fashions,5,0.003051
Dudley_made,5,0.003051
Madame_entertained,5,0.003051
Madame_protested,5,0.003051
England,4,0.002441
estate_comparable,4,0.002441
prizefighters,4,0.002441
wrestlers_,4,0.002441
jockeys,4,0.002441
slang,4,0.002441
manners,4,0.002441
Dudley_put,4,0.002441
foreboding,4,0.002441
dejection,4,0.002441
Master_wants,4,0.002441
tint,4,0.002441
wheedling,4,0.002441
lilies,4,0.002441
roses,4,0.002441
Bartlet,4,0.002441
Hall,4,0.002441
Lombard,4,0.002441
Oxford,4,0.002441
wainscoting,4,0.002441
vastness_of,4,0.002441
remoter,4,0.002441
parts,4,0.002441
itself,4,0.002441
effect,4,0.002441
contraction,4,0.002441
doctors,4,0.002441
forest_demon,4,0.002441
cau,4,0.002441
carpenter,4,0.002441
h,4,0.002441
sister_to,4,0.002441
sister_was,4,0.002441
assurances,4,0.002441
affection,4,0.002441
etiquette,4,0.002441
flowers,4,0.002441
sex,4,0.002441
departure,4,0.002441
whip,4,0.002441
kinds,4,0.002441
fears,4,0.002441
ground,4,0.002441
sorcerer,4,0.002441
honour,4,0.002441
Dudley_never,4,0.002441
member,4,0.002441
Club,4,0.002441
warren,4,0.002441
park,4,0.002441
caricaturist_Woodward,4,0.002441
Woodward,4,0.002441
Thankee,4,0.002441
Mrs_Mouser,4,0.002441
Mouser,4,0.002441
maam,4,0.002441
Madame_recollection,4,0.002441
excursion,4,0.002441
antipode,4,0.002441
intonation,4,0.002441
incredulity,4,0.002441
Miss_fancied,4,0.002441
manifestations_of,4,0.002441
poverty,4,0.002441
neglect,4,0.002441
others,4,0.002441
distance_with,4,0.002441
sadness,4,0.002441
talent,4,0.002441
stream_was,4,0.002441
forest_,4,0.002441
ruin,4,0.002441
bridge,4,0.002441
fragments,4,0.002441
profile,4,0.002441
load,4,0.002441
feeling,4,0.002441
myrtle,4,0.002441
battle,4,0.002441
leggings,4,0.002441
envy,4,0.002441
lot,4,0.002441
mixture,4,0.002441
clumsiness,4,0.002441
slyness,4,0.002441
consciousness,4,0.002441
bearing,4,0.002441
ugliness,4,0.002441
feature,4,0.002441
Dudley_held,4,0.002441
rhymes,4,0.002441
phrases,4,0.002441
eloquence,4,0.002441
streak_of,4,0.002441
Dudley_had,4,0.002441
Branston_did,4,0.002441
Georgie,4,0.002441
temperament,4,0.002441
width,4,0.002441
Dudley_could,4,0.002441
Madame_paid,4,0.002441
yesterday_s,4,0.002441
shopping,4,0.002441
Madame_conduct,4,0.002441
occurrence,4,0.002441
freemasonry,4,0.002441
Dr_Johnson,4,0.002441
Johnson,4,0.002441
spectacles,4,0.002441
month,4,0.002441
celerity,4,0.002441
gravity,4,0.002441
Miss_would,4,0.002441
Dudley_other,4,0.002441
uch,4,0.002441
course,4,0.002441
act,4,0.002441
stile_,4,0.002441
friend,4,0.002441
Madame_could,4,0.002441
Madame_knows,4,0.002441
Madame_answered,4,0.002441
Madame_brought,4,0.002441
Intelligence,4,0.002441
master_was,4,0.002441
brood,4,0.002441
badinage,4,0.002441
Where,4,0.002441
adamasel,4,0.002441
atherine,4,0.002441
Madame_consult,4,0.002441
Austin_s,4,0.002441
liberality,4,0.002441
purse,4,0.002441
qualities,4,0.002441
neighbours,4,0.002441
Grimston_eyed,4,0.002441
instrument_will,4,0.002441
dismay,4,0.002441
representative,4,0.002441
heir,4,0.002441
Madame_revisited,4,0.002441
roullades,4,0.002441
accompaniment,4,0.002441
station_carried,4,0.002441
Contrariwise,4,0.002441
post_road,4,0.002441
travelling,4,0.002441
traveller,4,0.002441
storm_with,4,0.002441
machines,4,0.002441
Men,4,0.002441
lives,4,0.002441
misgiving,4,0.002441
tips,4,0.002441
Mrs_turned,4,0.002441
Madame_smirked,4,0.002441
Madame_all,4,0.002441
Doctor_looked,4,0.002441
Doctor_never,4,0.002441
AUTHOR,4,0.002441
Dudley_d,4,0.002441
dear,4,0.002441
deed,4,0.002441
frank,4,0.002441
conflagration,4,0.002441
iblets,4,0.002441
critic,4,0.002441
caravan,4,0.002441
beckon,4,0.002441
disclosure,4,0.002441
yesterday_,4,0.002441
CONVERSATION,4,0.002441
reports,4,0.002441
Sprigge,4,0.002441
Biddlepen,4,0.002441
crime,4,0.002441
Lancashire,4,0.002441
elegance,4,0.002441
suit,4,0.002441
Doctor_could,4,0.002441
spies,4,0.002441
bigwigs,4,0.002441
insolence,4,0.002441
leather,4,0.002441
flask,4,0.002441
cheaile,4,0.002441
Madame_mounted,4,0.002441
Madame_threw,4,0.002441
press,4,0.002441
Madame_pulled,4,0.002441
Madame_clapped,4,0.002441
dairymaid,4,0.002441
acuteness,4,0.002441
vigilance,4,0.002441
field,4,0.002441
enquiry,4,0.002441
illness,4,0.002441
jest_come,4,0.002441
Papa,4,0.002441
thawing,4,0.002441
brightening,4,0.002441
disappointment,4,0.002441
Fifth,4,0.002441
Monarchy,4,0.002441
barmaid,4,0.002441
species,4,0.002441
attack,4,0.002441
newspaper,4,0.002441
chambermaid,4,0.002441
suspicions,4,0.002441
verybody,4,0.002441
valise,4,0.002441
corpse,4,0.002441
interest_,4,0.002441
Events,4,0.002441
woods,4,0.002441
contortion,4,0.002441
stir_than,4,0.002441
weight,4,0.002441
emphasis,4,0.002441
request_taken,4,0.002441
ichor,4,0.002441
how,4,0.002441
hostess_had,4,0.002441
Madame_appeared,4,0.002441
Madame_rang,4,0.002441
ink,4,0.002441
collects,4,0.002441
catechism,4,0.002441
Madame_have,4,0.002441
Madame_must,4,0.002441
bolts,4,0.002441
ma,4,0.002441
chere,4,0.002441
Madame_arrive,4,0.002441
Madame_loves,4,0.002441
generals,4,0.002441
Madame_does,4,0.002441
Madame_tearfully,4,0.002441
Look,4,0.002441
sneak,4,0.002441
Master_hears,4,0.002441
Branston_was,4,0.002441
Branston_by,4,0.002441
Branston_stopped,4,0.002441
circumstance_which,4,0.002441
Madame_practised,4,0.002441
overture,4,0.002441
Queence_alleged,4,0.002441
period,4,0.002441
faylow,4,0.002441
ay,4,0.002441
patience,4,0.002441
times,3,0.001831
dogs,3,0.001831
enemy,3,0.001831
Ruthyns,3,0.001831
Madame_knew,3,0.001831
post_,3,0.001831
post_directed,3,0.001831
court,3,0.001831
avenue,3,0.001831
weeds,3,0.001831
governor,3,0.001831
Tony,3,0.001831
Lumpkin,3,0.001831
Q,3,0.001831
bat,3,0.001831
book,3,0.001831
wood,3,0.001831
assassin,3,0.001831
ut,3,0.001831
anyone,3,0.001831
bank,2,0.001221
U,2,0.001221
kinsman,2,0.001221
sojourn,2,0.001221
portrait,2,0.001221
feet,2,0.001221
exertion,2,0.001221
delight,2,0.001221
sister_meant,2,0.001221
re,2,0.001221
gallery,2,0.001221
resemblance,2,0.001221
everything,2,0.001221
appeal,2,0.001221
Fortune,2,0.001221
Madame_hardly,2,0.001221
sun,2,0.001221
Madame_began,2,0.001221
gamekeeper,2,0.001221
Madame_hates,2,0.001221
place,2,0.001221
Christian_shook,2,0.001221
meek,2,0.001221
tier,2,0.001221
air,2,0.001221
motives,2,0.001221
words,2,0.001221
ray,2,0.001221
what,2,0.001221
There,2,0.001221
shilling,2,0.001221
action,2,0.001221
storm_yellow,2,0.001221
foliage,2,0.001221
storm_had,2,0.001221
yard,2,0.001221
attendant,2,0.001221
Madame_loved,2,0.001221
escape,2,0.001221
outside,2,0.001221
patient,2,0.001221
foot,2,0.001221
Dudley_stood,2,0.001221
i,2,0.001221
jackanapes,2,0.001221
report,2,0.001221
Madame_told,2,0.001221
Madame_marched,2,0.001221
affairs,2,0.001221
consequences,2,0.001221
glass,2,0.001221
stones_,2,0.001221
gathering,2,0.001221
hat,2,0.001221
physic,2,0.001221
paper,2,0.001221
iron,2,0.001221
Madame_locked,2,0.001221
Madame_likes,2,0.001221
Doctor_was,2,0.001221
Tale,2,0.001221
Michael,2,0.001221
Dobbs,2,0.001221
ho,2,0.001221
weed,2,0.001221
Austin_must,2,0.001221
town,2,0.001221
courtesying,2,0.001221
Madame_joined,2,0.001221
Madame_countenance,2,0.001221
realities,2,0.001221
devils,2,0.001221
My,1,0.00061
Dudley_opened,1,0.00061
Dudley_drove,1,0.00061
prattle,1,0.00061
parrot,1,0.00061
length,1,0.00061
stream_of,1,0.00061
sheet,1,0.00061
lightning,1,0.00061
apparitions,1,0.00061
objects,1,0.00061
elements,1,0.00061
power,1,0.00061
earth,1,0.00061
hiccough,1,0.00061
complaint,1,0.00061
stairs_,1,0.00061
ncle,1,0.00061
Lord_hath,1,0.00061
violence,1,0.00061
cruelty,1,0.00061
presence,1,0.00061
relief,1,0.00061
topics,1,0.00061
solicitudes,1,0.00061
series,1,0.00061
torments,1,0.00061
dilapidation,1,0.00061
visitors,1,0.00061
track,1,0.00061
business,1,0.00061
stones_close,1,0.00061
remonstrating_could,1,0.00061
deil,1,0.00061
luck,1,0.00061
nout,1,0.00061
battlement,1,0.00061
sister_suddenly,1,0.00061
sister_wants,1,0.00061
FACE,1,0.00061
excursions,1,0.00061
starlings_chatter,1,0.00061
eerage,1,0.00061
postilion_to,1,0.00061
event,1,0.00061
sky,1,0.00061
rattlings,1,0.00061
strainings_that,1,0.00061
K,1,0.00061
point,1,0.00061
ince,1,0.00061
year,1,0.00061
promise,1,0.00061
commission,1,0.00061
memory,1,0.00061
pic,1,0.00061
nic,1,0.00061
squires,1,0.00061
church,1,0.00061
warden,1,0.00061
MILLY,1,0.00061
FAREWELL,1,0.00061
document,1,0.00061
postilion_who,1,0.00061
truth,1,0.00061
L,1,0.00061
isten_,1,0.00061
moments,1,0.00061
pride,1,0.00061
edge,1,0.00061
region,1,0.00061
standing_there,1,0.00061
picnic,1,0.00061
Lolly,1,0.00061
fainting,1,0.00061
Madame_Rogers,1,0.00061
Rogers,1,0.00061
arrival,1,0.00061
interval,1,0.00061
Bill,1,0.00061
particulars,1,0.00061
posthorses_had,1,0.00061
Madame_spoke,1,0.00061
declaim,1,0.00061
youth,1,0.00061
rule,1,0.00061
fascination,1,0.00061
round,1,0.00061
Miss_paused,1,0.00061
La,1,0.00061
Mote,1,0.00061
stick_in,1,0.00061
details,1,0.00061
distance_of,1,0.00061
pitiable,1,0.00061
meaning,1,0.00061
library,1,0.00061
post_looked,1,0.00061
post_did,1,0.00061
post_dark,1,0.00061
lashes,1,0.00061
Who,1,0.00061
huzzy,1,0.00061
ravens,1,0.00061
omen,1,0.00061
Fairfield,1,0.00061
fame,1,0.00061
One,1,0.00061
crash,1,0.00061
Scream,1,0.00061
virtues,1,0.00061
honesties_,1,0.00061
reason,1,0.00061
conscience,1,0.00061
faces,1,0.00061
pavement,1,0.00061
windows,1,0.00061
roofs,1,0.00061
acclamation,1,0.00061
trumpeters,1,0.00061
drums,1,0.00061
organs,1,0.00061
choirs,1,0.00061
cathedral,1,0.00061
gates,1,0.00061
anthems,1,0.00061
praise,1,0.00061
thanksgiving,1,0.00061
bells,1,0.00061
cannons,1,0.00061
harmony,1,0.00061
chariot,1,0.00061
city,1,0.00061
vapours,1,0.00061
demonstration_was,1,0.00061
Branston_to,1,0.00061
decision,1,0.00061
reply,1,0.00061
anger,1,0.00061
Captain_had,1,0.00061
dinner,1,0.00061
service,1,0.00061
paladin,1,0.00061
aunt,1,0.00061
sentiments,1,0.00061
tyranny,1,0.00061
compliments,1,0.00061
archer,1,0.00061
Cupid,1,0.00061
sharks,1,0.00061
ease,1,0.00061
confidence,1,0.00061
Dudley_meant,1,0.00061
irreligion,1,0.00061
Why,1,0.00061
prayers,1,0.00061
tizzy,1,0.00061
post_to,1,0.00061
Irresolute,1,0.00061
papers,1,0.00061
generations,1,0.00061
project,1,0.00061
guardianship,1,0.00061
wish,1,0.00061
carelessness,1,0.00061
page,1,0.00061
Lady_Georgina,1,0.00061
grandmother,1,0.00061
terms,1,0.00061
catalogue,1,0.00061
cove,1,0.00061
postilions_,1,0.00061
bearings,1,0.00061
storm_,1,0.00061
storm_upturned,1,0.00061
roots,1,0.00061
turn,1,0.00061
boot,1,0.00061
functionary,1,0.00061
stage_whisper,1,0.00061
phrase,1,0.00061
skirt,1,0.00061
prints,1,0.00061
broom,1,0.00061
wi,1,0.00061
necessity,1,0.00061
breathing,1,0.00061
sake,1,0.00061
viscounty,1,0.00061
station_and,1,0.00061
blood,1,0.00061
twothirds,1,0.00061
nobility,1,0.00061
ranks,1,0.00061
bustle_which,1,0.00061
storm_outside,1,0.00061
dirge,1,0.00061
organ,1,0.00061
curtains,1,0.00061
practitioner,1,0.00061
sorceries,1,0.00061
sounds,1,0.00061
suffering,1,0.00061
looks,1,0.00061
Miss_used,1,0.00061
vestibule_at,1,0.00061
staircase_,1,0.00061
Dudley_sich,1,0.00061
mouth,1,0.00061
brat,1,0.00061
fun,1,0.00061
shrewdness,1,0.00061
whistle_of,1,0.00061
contempt,1,0.00061
anxieties,1,0.00061
Nobody,1,0.00061
incident,1,0.00061
Madame_cried,1,0.00061
Mademoiselles,1,0.00061
stile_only,1,0.00061
grenadier,1,0.00061
story_told,1,0.00061
moment,1,0.00061
uiet,1,0.00061
Dud_,1,0.00061
yards,1,0.00061
coat,1,0.00061
Madame_gobbled,1,0.00061
no,1,0.00061
Madame_reminded,1,0.00061
Madame_only,1,0.00061
Dudley_recovered,1,0.00061
directions,1,0.00061
immiment,1,0.00061
crisis,1,0.00061
entanglements,1,0.00061
driver,1,0.00061
wall,1,0.00061
COUSIN,1,0.00061
MONICA,1,0.00061
UNCLE,1,0.00061
MEET,1,0.00061
King_Alfred,1,0.00061
Alfred,1,0.00061
state_of,1,0.00061
flute,1,0.00061
Austin_placed,1,0.00061
threats,1,0.00061
colour,1,0.00061
flash,1,0.00061
Windmill,1,0.00061
Wood,1,0.00061
savages,1,0.00061
Master_made,1,0.00061
housekeeper,1,0.00061
sandwiches,1,0.00061
Madame_observed,1,0.00061
cattle,1,0.00061
Madame_drew,1,0.00061
couple,1,0.00061
stream_,1,0.00061
clown,1,0.00061
em,1,0.00061
Madame_always,1,0.00061
Talleyrand,1,0.00061
radiance,1,0.00061
hope,1,0.00061
eclipse,1,0.00061
Madame_sang,1,0.00061
miles,1,0.00061
paroxysms,1,0.00061
characters,1,0.00061
reality,1,0.00061
consent,1,0.00061
stair_,1,0.00061
surgeons,1,0.00061
checque,1,0.00061
oddities,1,0.00061
Grimston_was,1,0.00061
cabinets,1,0.00061
Gaunt,1,0.00061
Hogg,1,0.00061
Hatchett,1,0.00061
Solicitors,1,0.00061
Great,1,0.00061
Woburn,1,0.00061
AR,1,0.00061
envelope,1,0.00061
testator_here,1,0.00061
interest_and,1,0.00061
adventure,1,0.00061
read,1,0.00061
Elverston_makes,1,0.00061
wat,1,0.00061
Lord_,1,0.00061
bags,1,0.00061
boxes,1,0.00061
floor,1,0.00061
desk,1,0.00061
case,1,0.00061
umbrella,1,0.00061
coats,1,0.00061
rugs,1,0.00061
mufflers,1,0.00061
journey,1,0.00061
Madame_whispered,1,0.00061
direful,1,0.00061
Madame_reentered,1,0.00061
rink,1,0.00061
Madame_boldly,1,0.00061
outline,1,0.00061
calm,1,0.00061
answer,1,0.00061
ghosty_,1,0.00061
tumult,1,0.00061
question_roused,1,0.00061
passages,1,0.00061
incantation,1,0.00061
scrap,1,0.00061
Sphinx,1,0.00061
injunction,1,0.00061
charwoman,1,0.00061
sorts,1,0.00061
costume_,1,0.00061
livery,1,0.00061
rags,1,0.00061
millinery,1,0.00061
progress,1,0.00061
disk,1,0.00061
peasants,1,0.00061
storm_blows,1,0.00061
vessel,1,0.00061
Austin_ever,1,0.00061
Austin_looked,1,0.00061
F,1,0.00061
courage,1,0.00061
bars,1,0.00061
Madame_slipped,1,0.00061
ments,1,0.00061
tread,1,0.00061
lobby,1,0.00061
traitresse,1,0.00061
paroxysm,1,0.00061
basket,1,0.00061
Madame_will,1,0.00061
Doctor_visit,1,0.00061
question_,1,0.00061
ventures,1,0.00061
genius,1,0.00061
Sir_Walter,1,0.00061
Walter,1,0.00061
Scott,1,0.00061
shelter,1,0.00061
comfort,1,0.00061
ferrets,1,0.00061
gratification,1,0.00061
middle,1,0.00061
falsehood,1,0.00061
and,1,0.00061
proceeding,1,0.00061
fireside,1,0.00061
aroma,1,0.00061
tobacco,1,0.00061
sacrifices,1,0.00061
engravings,1,0.00061
print,1,0.00061
brute,1,0.00061
Dream_,1,0.00061
vision,1,0.00061
hero,1,0.00061
politics,1,0.00061
moon,1,0.00061
matter,1,0.00061
brain,1,0.00061
foundation,1,0.00061
gold,1,0.00061
hay,1,0.00061
stubble_,1,0.00061
work,1,0.00061
Whereupon,1,0.00061
impenetrability,1,0.00061
grace,1,0.00061
imagery,1,0.00061
sprinkling,1,0.00061
clouds,1,0.00061
influence,1,0.00061
porter,1,0.00061
Madame_wont,1,0.00061
Madame_shut,1,0.00061
velvet,1,0.00061
texture,1,0.00061
mutton,1,0.00061
Pray,1,0.00061
mebody,1,0.00061
disappearance,1,0.00061
manouvre,1,0.00061
provisions,1,0.00061
motion,1,0.00061
Dudley_wants,1,0.00061
udley,1,0.00061
Dudley_took,1,0.00061
clergymen,1,0.00061
fellah,1,0.00061
lots,1,0.00061
wenches,1,0.00061
Captain_smiled,1,0.00061
Austin_,1,0.00061
attention,1,0.00061
nonsense,1,0.00061
Austin_doctor,1,0.00061
means,1,0.00061
taste_,1,0.00061
statement_which,1,0.00061
Dudley_can,1,0.00061
politeness,1,0.00061
Dudley_crossexamined,1,0.00061
villain,1,0.00061
varnish,1,0.00061
Mrs_Sarah,1,0.00061
Mr_and,1,0.00061
Mrs_Dudley,1,0.00061
Dudley_turned,1,0.00061
Dudley_lady,1,0.00061
keys,1,0.00061
Austin_Austin,1,0.00061
Austin_do,1,0.00061
flesh,1,0.00061
slanders,1,0.00061
vanity,1,0.00061
Darnford,1,0.00061
Voerst_,1,0.00061
taffy,1,0.00061
matters,1,0.00061
gradation,1,0.00061
symptom,1,0.00061
affections,1,0.00061
flooring,1,0.00061
brook,1,0.00061
strawberries_and,1,0.00061
woodland,1,0.00061
plants,1,0.00061
restraints_which,1,0.00061
fear,1,0.00061
conviction,1,0.00061
Things,1,0.00061
trick,1,0.00061
solitude,1,0.00061
silence,1,0.00061
whipper,1,0.00061
snapper,1,0.00061
cottage,1,0.00061
sepulchre,1,0.00061
mamma,1,0.00061
glamour,1,0.00061
warnings,1,0.00061
traditions,1,0.00061
nursery,1,0.00061
hall,1,0.00061
escritoir,1,0.00061
Time,1,0.00061
dreams,1,0.00061
Directions,1,0.00061
threshold,1,0.00061
tempest_,1,0.00061
measure,1,0.00061
Dudley_walked,1,0.00061
box,1,0.00061
bag,1,0.00061
ceiling,1,0.00061
blow,1,0.00061
ourselves,1,0.00061
occupation,1,0.00061
Dudley_leaned,1,0.00061
Dudley_countenance,1,0.00061
novelty,1,0.00061
landlady,1,0.00061
Madame_failed,1,0.00061
hostess_spoke,1,0.00061
chilblains,1,0.00061
stare_and,1,0.00061
Madame_stood,1,0.00061
Madame_jerked,1,0.00061
cabs,1,0.00061
busses,1,0.00061
carriages,1,0.00061
Madame_called,1,0.00061
tales,1,0.00061
transitions,1,0.00061
injustice_of,1,0.00061
charge,1,0.00061
Esq,1,0.00061
Mrs_D,1,0.00061
Liverpool,1,0.00061
heiress,1,0.00061
settlement,1,0.00061
quadrangle,1,0.00061
sheets,1,0.00061
scorpion,1,0.00061
Madame_laughed,1,0.00061
Madame_deny,1,0.00061
superioress,1,0.00061
testimonials_,1,0.00061
devil,1,0.00061
sob,1,0.00061
age,1,0.00061
apparition,1,0.00061
Lord_forgi,1,0.00061
forgi,1,0.00061
acquaintance,1,0.00061
globes,1,0.00061
grave,1,0.00061
nod,1,0.00061
anything,1,0.00061
Madame_is,1,0.00061
Madame_talking,1,0.00061
Their,1,0.00061
stare_which,1,0.00061
fellows,1,0.00061
finger,1,0.00061
address,1,0.00061
excitement,1,0.00061
passion,1,0.00061
Miss_Milly,1,0.00061
corner,1,0.00061
chimney,1,0.00061
piece,1,0.00061
guests_,1,0.00061
Meess,1,0.00061
Madame_visited,1,0.00061
Madame_found,1,0.00061
Bote,1,0.00061
talents,1,0.00061
villains,1,0.00061
intensity,1,0.00061
protest_,1,0.00061
purpose,1,0.00061
rote,1,0.00061
whispers,1,0.00061
familiars,1,0.00061
unresisting_,1,0.00061
weather,1,0.00061
